label_id,run_name,condition,seed,checkpoint_boundary,scenario_id
15dc3319,axis1_access_vs_provenance_value-conflict_orderexp_A_first_seed3001__model-HuggingFaceTB--SmolLM2-1.7B,A_first,3001,post_phase1,test-0001
c04afd8a,axis1_access_vs_provenance_value-conflict_orderexp_A_first_seed3001__model-HuggingFaceTB--SmolLM2-1.7B,A_first,3001,post_phase1,test-0002
2969ae66,axis1_access_vs_provenance_value-conflict_orderexp_A_first_seed3001__model-HuggingFaceTB--SmolLM2-1.7B,A_first,3001,post_phase1,test-0003
2a911dca,axis1_access_vs_provenance_value-conflict_orderexp_A_first_seed3001__model-HuggingFaceTB--SmolLM2-1.7B,A_first,3001,post_phase1,test-0004
f176ef0a,axis1_access_vs_provenance_value-conflict_orderexp_A_first_seed3001__model-HuggingFaceTB--SmolLM2-1.7B,A_first,3001,post_phase1,test-0005
0c9fc160,axis1_access_vs_provenance_value-conflict_orderexp_A_first_seed3001__model-HuggingFaceTB--SmolLM2-1.7B,A_first,3001,post_phase1,test-0006
3ea91893,axis1_access_vs_provenance_value-conflict_orderexp_A_first_seed3001__model-HuggingFaceTB--SmolLM2-1.7B,A_first,3001,post_phase1,test-0007
1aafe38d,axis1_access_vs_provenance_value-conflict_orderexp_A_first_seed3001__model-HuggingFaceTB--SmolLM2-1.7B,A_first,3001,post_phase1,test-0008
0b9d1c5c,axis1_access_vs_provenance_value-conflict_orderexp_A_first_seed3001__model-HuggingFaceTB--SmolLM2-1.7B,A_first,3001,post_phase1,test-0009
5c0b0d47,axis1_access_vs_provenance_value-conflict_orderexp_A_first_seed3001__model-HuggingFaceTB--SmolLM2-1.7B,A_first,3001,post_phase1,test-0010
fd01780d,axis1_access_vs_provenance_value-conflict_orderexp_A_first_seed3001__model-HuggingFaceTB--SmolLM2-1.7B,A_first,3001,post_phase1,test-0011
512dfa41,axis1_access_vs_provenance_value-conflict_orderexp_A_first_seed3001__model-HuggingFaceTB--SmolLM2-1.7B,A_first,3001,post_phase1,test-0012
c48db179,axis1_access_vs_provenance_value-conflict_orderexp_A_first_seed3001__model-HuggingFaceTB--SmolLM2-1.7B,A_first,3001,post_phase1,test-0013
7ef52445,axis1_access_vs_provenance_value-conflict_orderexp_A_first_seed3001__model-HuggingFaceTB--SmolLM2-1.7B,A_first,3001,post_phase1,test-0014
94c05270,axis1_access_vs_provenance_value-conflict_orderexp_A_first_seed3001__model-HuggingFaceTB--SmolLM2-1.7B,A_first,3001,post_phase1,test-0015
66333c96,axis1_access_vs_provenance_value-conflict_orderexp_A_first_seed3001__model-HuggingFaceTB--SmolLM2-1.7B,A_first,3001,post_phase1,test-0016
33e5ae26,axis1_access_vs_provenance_value-conflict_orderexp_A_first_seed3001__model-HuggingFaceTB--SmolLM2-1.7B,A_first,3001,post_phase1,test-0017
6bd9fb68,axis1_access_vs_provenance_value-conflict_orderexp_A_first_seed3001__model-HuggingFaceTB--SmolLM2-1.7B,A_first,3001,post_phase1,test-0018
87aa9f1d,axis1_access_vs_provenance_value-conflict_orderexp_A_first_seed3001__model-HuggingFaceTB--SmolLM2-1.7B,A_first,3001,post_phase1,test-0019
7d1efbb1,axis1_access_vs_provenance_value-conflict_orderexp_A_first_seed3001__model-HuggingFaceTB--SmolLM2-1.7B,A_first,3001,post_phase1,test-0020
e3f3660e,axis1_access_vs_provenance_value-conflict_orderexp_A_first_seed3001__model-HuggingFaceTB--SmolLM2-1.7B,A_first,3001,post_phase1,test-0021
e1f0af86,axis1_access_vs_provenance_value-conflict_orderexp_A_first_seed3001__model-HuggingFaceTB--SmolLM2-1.7B,A_first,3001,post_phase1,test-0022
157fce45,axis1_access_vs_provenance_value-conflict_orderexp_A_first_seed3001__model-HuggingFaceTB--SmolLM2-1.7B,A_first,3001,post_phase1,test-0023
368fc425,axis1_access_vs_provenance_value-conflict_orderexp_A_first_seed3001__model-HuggingFaceTB--SmolLM2-1.7B,A_first,3001,post_phase1,test-0024
1ed40f01,axis1_access_vs_provenance_value-conflict_orderexp_A_first_seed3001__model-HuggingFaceTB--SmolLM2-1.7B,A_first,3001,pre_washout,test-0001
fd61b466,axis1_access_vs_provenance_value-conflict_orderexp_A_first_seed3001__model-HuggingFaceTB--SmolLM2-1.7B,A_first,3001,pre_washout,test-0002
2f562cca,axis1_access_vs_provenance_value-conflict_orderexp_A_first_seed3001__model-HuggingFaceTB--SmolLM2-1.7B,A_first,3001,pre_washout,test-0003
82c97504,axis1_access_vs_provenance_value-conflict_orderexp_A_first_seed3001__model-HuggingFaceTB--SmolLM2-1.7B,A_first,3001,pre_washout,test-0004
394c01b0,axis1_access_vs_provenance_value-conflict_orderexp_A_first_seed3001__model-HuggingFaceTB--SmolLM2-1.7B,A_first,3001,pre_washout,test-0005
b45432b4,axis1_access_vs_provenance_value-conflict_orderexp_A_first_seed3001__model-HuggingFaceTB--SmolLM2-1.7B,A_first,3001,pre_washout,test-0006
e2ab1bda,axis1_access_vs_provenance_value-conflict_orderexp_A_first_seed3001__model-HuggingFaceTB--SmolLM2-1.7B,A_first,3001,pre_washout,test-0007
d419e7c9,axis1_access_vs_provenance_value-conflict_orderexp_A_first_seed3001__model-HuggingFaceTB--SmolLM2-1.7B,A_first,3001,pre_washout,test-0008
bcebceef,axis1_access_vs_provenance_value-conflict_orderexp_A_first_seed3001__model-HuggingFaceTB--SmolLM2-1.7B,A_first,3001,pre_washout,test-0009
f4266ba9,axis1_access_vs_provenance_value-conflict_orderexp_A_first_seed3001__model-HuggingFaceTB--SmolLM2-1.7B,A_first,3001,pre_washout,test-0010
4d1c4b65,axis1_access_vs_provenance_value-conflict_orderexp_A_first_seed3001__model-HuggingFaceTB--SmolLM2-1.7B,A_first,3001,pre_washout,test-0011
8898c86e,axis1_access_vs_provenance_value-conflict_orderexp_A_first_seed3001__model-HuggingFaceTB--SmolLM2-1.7B,A_first,3001,pre_washout,test-0012
1366700d,axis1_access_vs_provenance_value-conflict_orderexp_A_first_seed3001__model-HuggingFaceTB--SmolLM2-1.7B,A_first,3001,pre_washout,test-0013
7dad3a83,axis1_access_vs_provenance_value-conflict_orderexp_A_first_seed3001__model-HuggingFaceTB--SmolLM2-1.7B,A_first,3001,pre_washout,test-0014
443ce97c,axis1_access_vs_provenance_value-conflict_orderexp_A_first_seed3001__model-HuggingFaceTB--SmolLM2-1.7B,A_first,3001,pre_washout,test-0015
346b8cce,axis1_access_vs_provenance_value-conflict_orderexp_A_first_seed3001__model-HuggingFaceTB--SmolLM2-1.7B,A_first,3001,pre_washout,test-0016
ae7fa97b,axis1_access_vs_provenance_value-conflict_orderexp_A_first_seed3001__model-HuggingFaceTB--SmolLM2-1.7B,A_first,3001,pre_washout,test-0017
00f9a531,axis1_access_vs_provenance_value-conflict_orderexp_A_first_seed3001__model-HuggingFaceTB--SmolLM2-1.7B,A_first,3001,pre_washout,test-0018
c5debafe,axis1_access_vs_provenance_value-conflict_orderexp_A_first_seed3001__model-HuggingFaceTB--SmolLM2-1.7B,A_first,3001,pre_washout,test-0019
d7a166a6,axis1_access_vs_provenance_value-conflict_orderexp_A_first_seed3001__model-HuggingFaceTB--SmolLM2-1.7B,A_first,3001,pre_washout,test-0020
31daa7f4,axis1_access_vs_provenance_value-conflict_orderexp_A_first_seed3001__model-HuggingFaceTB--SmolLM2-1.7B,A_first,3001,pre_washout,test-0021
cea5bd08,axis1_access_vs_provenance_value-conflict_orderexp_A_first_seed3001__model-HuggingFaceTB--SmolLM2-1.7B,A_first,3001,pre_washout,test-0022
eddf55e0,axis1_access_vs_provenance_value-conflict_orderexp_A_first_seed3001__model-HuggingFaceTB--SmolLM2-1.7B,A_first,3001,pre_washout,test-0023
4c290be9,axis1_access_vs_provenance_value-conflict_orderexp_A_first_seed3001__model-HuggingFaceTB--SmolLM2-1.7B,A_first,3001,pre_washout,test-0024
c1ccc9d3,axis1_access_vs_provenance_value-conflict_orderexp_A_first_seed3001__model-HuggingFaceTB--SmolLM2-1.7B,A_first,3001,post_washout,test-0001
8289e7f2,axis1_access_vs_provenance_value-conflict_orderexp_A_first_seed3001__model-HuggingFaceTB--SmolLM2-1.7B,A_first,3001,post_washout,test-0002
e7fb1f38,axis1_access_vs_provenance_value-conflict_orderexp_A_first_seed3001__model-HuggingFaceTB--SmolLM2-1.7B,A_first,3001,post_washout,test-0003
c65e0389,axis1_access_vs_provenance_value-conflict_orderexp_A_first_seed3001__model-HuggingFaceTB--SmolLM2-1.7B,A_first,3001,post_washout,test-0004
ec974fb2,axis1_access_vs_provenance_value-conflict_orderexp_A_first_seed3001__model-HuggingFaceTB--SmolLM2-1.7B,A_first,3001,post_washout,test-0005
83d1f909,axis1_access_vs_provenance_value-conflict_orderexp_A_first_seed3001__model-HuggingFaceTB--SmolLM2-1.7B,A_first,3001,post_washout,test-0006
3128256c,axis1_access_vs_provenance_value-conflict_orderexp_A_first_seed3001__model-HuggingFaceTB--SmolLM2-1.7B,A_first,3001,post_washout,test-0007
fd8d2454,axis1_access_vs_provenance_value-conflict_orderexp_A_first_seed3001__model-HuggingFaceTB--SmolLM2-1.7B,A_first,3001,post_washout,test-0008
020eb483,axis1_access_vs_provenance_value-conflict_orderexp_A_first_seed3001__model-HuggingFaceTB--SmolLM2-1.7B,A_first,3001,post_washout,test-0009
3e94810f,axis1_access_vs_provenance_value-conflict_orderexp_A_first_seed3001__model-HuggingFaceTB--SmolLM2-1.7B,A_first,3001,post_washout,test-0010
f4f67173,axis1_access_vs_provenance_value-conflict_orderexp_A_first_seed3001__model-HuggingFaceTB--SmolLM2-1.7B,A_first,3001,post_washout,test-0011
0cd24fa2,axis1_access_vs_provenance_value-conflict_orderexp_A_first_seed3001__model-HuggingFaceTB--SmolLM2-1.7B,A_first,3001,post_washout,test-0012
efec8bd8,axis1_access_vs_provenance_value-conflict_orderexp_A_first_seed3001__model-HuggingFaceTB--SmolLM2-1.7B,A_first,3001,post_washout,test-0013
ec65d041,axis1_access_vs_provenance_value-conflict_orderexp_A_first_seed3001__model-HuggingFaceTB--SmolLM2-1.7B,A_first,3001,post_washout,test-0014
79303082,axis1_access_vs_provenance_value-conflict_orderexp_A_first_seed3001__model-HuggingFaceTB--SmolLM2-1.7B,A_first,3001,post_washout,test-0015
40af9986,axis1_access_vs_provenance_value-conflict_orderexp_A_first_seed3001__model-HuggingFaceTB--SmolLM2-1.7B,A_first,3001,post_washout,test-0016
2bf25d52,axis1_access_vs_provenance_value-conflict_orderexp_A_first_seed3001__model-HuggingFaceTB--SmolLM2-1.7B,A_first,3001,post_washout,test-0017
7f1f6793,axis1_access_vs_provenance_value-conflict_orderexp_A_first_seed3001__model-HuggingFaceTB--SmolLM2-1.7B,A_first,3001,post_washout,test-0018
a3f80c94,axis1_access_vs_provenance_value-conflict_orderexp_A_first_seed3001__model-HuggingFaceTB--SmolLM2-1.7B,A_first,3001,post_washout,test-0019
15eff0d4,axis1_access_vs_provenance_value-conflict_orderexp_A_first_seed3001__model-HuggingFaceTB--SmolLM2-1.7B,A_first,3001,post_washout,test-0020
6935a488,axis1_access_vs_provenance_value-conflict_orderexp_A_first_seed3001__model-HuggingFaceTB--SmolLM2-1.7B,A_first,3001,post_washout,test-0021
baa22d55,axis1_access_vs_provenance_value-conflict_orderexp_A_first_seed3001__model-HuggingFaceTB--SmolLM2-1.7B,A_first,3001,post_washout,test-0022
106176fd,axis1_access_vs_provenance_value-conflict_orderexp_A_first_seed3001__model-HuggingFaceTB--SmolLM2-1.7B,A_first,3001,post_washout,test-0023
95d5ba73,axis1_access_vs_provenance_value-conflict_orderexp_A_first_seed3001__model-HuggingFaceTB--SmolLM2-1.7B,A_first,3001,post_washout,test-0024
1dda2fd9,axis1_access_vs_provenance_value-conflict_orderexp_B_first_seed3001__model-HuggingFaceTB--SmolLM2-1.7B,B_first,3001,post_phase1,test-0001
c24de6e5,axis1_access_vs_provenance_value-conflict_orderexp_B_first_seed3001__model-HuggingFaceTB--SmolLM2-1.7B,B_first,3001,post_phase1,test-0002
fbe0a3f4,axis1_access_vs_provenance_value-conflict_orderexp_B_first_seed3001__model-HuggingFaceTB--SmolLM2-1.7B,B_first,3001,post_phase1,test-0003
72dc5c14,axis1_access_vs_provenance_value-conflict_orderexp_B_first_seed3001__model-HuggingFaceTB--SmolLM2-1.7B,B_first,3001,post_phase1,test-0004
494edc5b,axis1_access_vs_provenance_value-conflict_orderexp_B_first_seed3001__model-HuggingFaceTB--SmolLM2-1.7B,B_first,3001,post_phase1,test-0005
b883657e,axis1_access_vs_provenance_value-conflict_orderexp_B_first_seed3001__model-HuggingFaceTB--SmolLM2-1.7B,B_first,3001,post_phase1,test-0006
e754fbea,axis1_access_vs_provenance_value-conflict_orderexp_B_first_seed3001__model-HuggingFaceTB--SmolLM2-1.7B,B_first,3001,post_phase1,test-0007
c6b88789,axis1_access_vs_provenance_value-conflict_orderexp_B_first_seed3001__model-HuggingFaceTB--SmolLM2-1.7B,B_first,3001,post_phase1,test-0008
5418f46f,axis1_access_vs_provenance_value-conflict_orderexp_B_first_seed3001__model-HuggingFaceTB--SmolLM2-1.7B,B_first,3001,post_phase1,test-0009
6dc0e382,axis1_access_vs_provenance_value-conflict_orderexp_B_first_seed3001__model-HuggingFaceTB--SmolLM2-1.7B,B_first,3001,post_phase1,test-0010
756d68d4,axis1_access_vs_provenance_value-conflict_orderexp_B_first_seed3001__model-HuggingFaceTB--SmolLM2-1.7B,B_first,3001,post_phase1,test-0011
0e9e4f5c,axis1_access_vs_provenance_value-conflict_orderexp_B_first_seed3001__model-HuggingFaceTB--SmolLM2-1.7B,B_first,3001,post_phase1,test-0012
f0dad98f,axis1_access_vs_provenance_value-conflict_orderexp_B_first_seed3001__model-HuggingFaceTB--SmolLM2-1.7B,B_first,3001,post_phase1,test-0013
3e10b150,axis1_access_vs_provenance_value-conflict_orderexp_B_first_seed3001__model-HuggingFaceTB--SmolLM2-1.7B,B_first,3001,post_phase1,test-0014
51753fe5,axis1_access_vs_provenance_value-conflict_orderexp_B_first_seed3001__model-HuggingFaceTB--SmolLM2-1.7B,B_first,3001,post_phase1,test-0015
236df72a,axis1_access_vs_provenance_value-conflict_orderexp_B_first_seed3001__model-HuggingFaceTB--SmolLM2-1.7B,B_first,3001,post_phase1,test-0016
bc558009,axis1_access_vs_provenance_value-conflict_orderexp_B_first_seed3001__model-HuggingFaceTB--SmolLM2-1.7B,B_first,3001,post_phase1,test-0017
2620d9f6,axis1_access_vs_provenance_value-conflict_orderexp_B_first_seed3001__model-HuggingFaceTB--SmolLM2-1.7B,B_first,3001,post_phase1,test-0018
075fc219,axis1_access_vs_provenance_value-conflict_orderexp_B_first_seed3001__model-HuggingFaceTB--SmolLM2-1.7B,B_first,3001,post_phase1,test-0019
4f2e190e,axis1_access_vs_provenance_value-conflict_orderexp_B_first_seed3001__model-HuggingFaceTB--SmolLM2-1.7B,B_first,3001,post_phase1,test-0020
e3b3b38f,axis1_access_vs_provenance_value-conflict_orderexp_B_first_seed3001__model-HuggingFaceTB--SmolLM2-1.7B,B_first,3001,post_phase1,test-0021
9138e502,axis1_access_vs_provenance_value-conflict_orderexp_B_first_seed3001__model-HuggingFaceTB--SmolLM2-1.7B,B_first,3001,post_phase1,test-0022
dcd7aa26,axis1_access_vs_provenance_value-conflict_orderexp_B_first_seed3001__model-HuggingFaceTB--SmolLM2-1.7B,B_first,3001,post_phase1,test-0023
f4851b72,axis1_access_vs_provenance_value-conflict_orderexp_B_first_seed3001__model-HuggingFaceTB--SmolLM2-1.7B,B_first,3001,post_phase1,test-0024
00113026,axis1_access_vs_provenance_value-conflict_orderexp_B_first_seed3001__model-HuggingFaceTB--SmolLM2-1.7B,B_first,3001,pre_washout,test-0001
71679685,axis1_access_vs_provenance_value-conflict_orderexp_B_first_seed3001__model-HuggingFaceTB--SmolLM2-1.7B,B_first,3001,pre_washout,test-0002
009d2d24,axis1_access_vs_provenance_value-conflict_orderexp_B_first_seed3001__model-HuggingFaceTB--SmolLM2-1.7B,B_first,3001,pre_washout,test-0003
559b12a1,axis1_access_vs_provenance_value-conflict_orderexp_B_first_seed3001__model-HuggingFaceTB--SmolLM2-1.7B,B_first,3001,pre_washout,test-0004
aca7e3b2,axis1_access_vs_provenance_value-conflict_orderexp_B_first_seed3001__model-HuggingFaceTB--SmolLM2-1.7B,B_first,3001,pre_washout,test-0005
634c313c,axis1_access_vs_provenance_value-conflict_orderexp_B_first_seed3001__model-HuggingFaceTB--SmolLM2-1.7B,B_first,3001,pre_washout,test-0006
39b6faba,axis1_access_vs_provenance_value-conflict_orderexp_B_first_seed3001__model-HuggingFaceTB--SmolLM2-1.7B,B_first,3001,pre_washout,test-0007
6ad59c54,axis1_access_vs_provenance_value-conflict_orderexp_B_first_seed3001__model-HuggingFaceTB--SmolLM2-1.7B,B_first,3001,pre_washout,test-0008
765b5938,axis1_access_vs_provenance_value-conflict_orderexp_B_first_seed3001__model-HuggingFaceTB--SmolLM2-1.7B,B_first,3001,pre_washout,test-0009
d27be79b,axis1_access_vs_provenance_value-conflict_orderexp_B_first_seed3001__model-HuggingFaceTB--SmolLM2-1.7B,B_first,3001,pre_washout,test-0010
7de4c2cd,axis1_access_vs_provenance_value-conflict_orderexp_B_first_seed3001__model-HuggingFaceTB--SmolLM2-1.7B,B_first,3001,pre_washout,test-0011
1d1df0ec,axis1_access_vs_provenance_value-conflict_orderexp_B_first_seed3001__model-HuggingFaceTB--SmolLM2-1.7B,B_first,3001,pre_washout,test-0012
f799885d,axis1_access_vs_provenance_value-conflict_orderexp_B_first_seed3001__model-HuggingFaceTB--SmolLM2-1.7B,B_first,3001,pre_washout,test-0013
cf98203e,axis1_access_vs_provenance_value-conflict_orderexp_B_first_seed3001__model-HuggingFaceTB--SmolLM2-1.7B,B_first,3001,pre_washout,test-0014
8cfd9054,axis1_access_vs_provenance_value-conflict_orderexp_B_first_seed3001__model-HuggingFaceTB--SmolLM2-1.7B,B_first,3001,pre_washout,test-0015
aac6f343,axis1_access_vs_provenance_value-conflict_orderexp_B_first_seed3001__model-HuggingFaceTB--SmolLM2-1.7B,B_first,3001,pre_washout,test-0016
a3f1d50d,axis1_access_vs_provenance_value-conflict_orderexp_B_first_seed3001__model-HuggingFaceTB--SmolLM2-1.7B,B_first,3001,pre_washout,test-0017
ae767fb4,axis1_access_vs_provenance_value-conflict_orderexp_B_first_seed3001__model-HuggingFaceTB--SmolLM2-1.7B,B_first,3001,pre_washout,test-0018
d9ef95bd,axis1_access_vs_provenance_value-conflict_orderexp_B_first_seed3001__model-HuggingFaceTB--SmolLM2-1.7B,B_first,3001,pre_washout,test-0019
df600934,axis1_access_vs_provenance_value-conflict_orderexp_B_first_seed3001__model-HuggingFaceTB--SmolLM2-1.7B,B_first,3001,pre_washout,test-0020
b58ddd9f,axis1_access_vs_provenance_value-conflict_orderexp_B_first_seed3001__model-HuggingFaceTB--SmolLM2-1.7B,B_first,3001,pre_washout,test-0021
301eb0ce,axis1_access_vs_provenance_value-conflict_orderexp_B_first_seed3001__model-HuggingFaceTB--SmolLM2-1.7B,B_first,3001,pre_washout,test-0022
a909a63b,axis1_access_vs_provenance_value-conflict_orderexp_B_first_seed3001__model-HuggingFaceTB--SmolLM2-1.7B,B_first,3001,pre_washout,test-0023
b94658d3,axis1_access_vs_provenance_value-conflict_orderexp_B_first_seed3001__model-HuggingFaceTB--SmolLM2-1.7B,B_first,3001,pre_washout,test-0024
b7299a09,axis1_access_vs_provenance_value-conflict_orderexp_B_first_seed3001__model-HuggingFaceTB--SmolLM2-1.7B,B_first,3001,post_washout,test-0001
44cb7096,axis1_access_vs_provenance_value-conflict_orderexp_B_first_seed3001__model-HuggingFaceTB--SmolLM2-1.7B,B_first,3001,post_washout,test-0002
45b8635d,axis1_access_vs_provenance_value-conflict_orderexp_B_first_seed3001__model-HuggingFaceTB--SmolLM2-1.7B,B_first,3001,post_washout,test-0003
37e7aa0b,axis1_access_vs_provenance_value-conflict_orderexp_B_first_seed3001__model-HuggingFaceTB--SmolLM2-1.7B,B_first,3001,post_washout,test-0004
adc1dc36,axis1_access_vs_provenance_value-conflict_orderexp_B_first_seed3001__model-HuggingFaceTB--SmolLM2-1.7B,B_first,3001,post_washout,test-0005
b312f2c2,axis1_access_vs_provenance_value-conflict_orderexp_B_first_seed3001__model-HuggingFaceTB--SmolLM2-1.7B,B_first,3001,post_washout,test-0006
1b47121d,axis1_access_vs_provenance_value-conflict_orderexp_B_first_seed3001__model-HuggingFaceTB--SmolLM2-1.7B,B_first,3001,post_washout,test-0007
b3ab32db,axis1_access_vs_provenance_value-conflict_orderexp_B_first_seed3001__model-HuggingFaceTB--SmolLM2-1.7B,B_first,3001,post_washout,test-0008
8a868129,axis1_access_vs_provenance_value-conflict_orderexp_B_first_seed3001__model-HuggingFaceTB--SmolLM2-1.7B,B_first,3001,post_washout,test-0009
c2968167,axis1_access_vs_provenance_value-conflict_orderexp_B_first_seed3001__model-HuggingFaceTB--SmolLM2-1.7B,B_first,3001,post_washout,test-0010
7d552dee,axis1_access_vs_provenance_value-conflict_orderexp_B_first_seed3001__model-HuggingFaceTB--SmolLM2-1.7B,B_first,3001,post_washout,test-0011
0a8f319c,axis1_access_vs_provenance_value-conflict_orderexp_B_first_seed3001__model-HuggingFaceTB--SmolLM2-1.7B,B_first,3001,post_washout,test-0012
1bc7b355,axis1_access_vs_provenance_value-conflict_orderexp_B_first_seed3001__model-HuggingFaceTB--SmolLM2-1.7B,B_first,3001,post_washout,test-0013
3789e31a,axis1_access_vs_provenance_value-conflict_orderexp_B_first_seed3001__model-HuggingFaceTB--SmolLM2-1.7B,B_first,3001,post_washout,test-0014
dcefc0e3,axis1_access_vs_provenance_value-conflict_orderexp_B_first_seed3001__model-HuggingFaceTB--SmolLM2-1.7B,B_first,3001,post_washout,test-0015
cc788f89,axis1_access_vs_provenance_value-conflict_orderexp_B_first_seed3001__model-HuggingFaceTB--SmolLM2-1.7B,B_first,3001,post_washout,test-0016
5fdfea71,axis1_access_vs_provenance_value-conflict_orderexp_B_first_seed3001__model-HuggingFaceTB--SmolLM2-1.7B,B_first,3001,post_washout,test-0017
6ef665a3,axis1_access_vs_provenance_value-conflict_orderexp_B_first_seed3001__model-HuggingFaceTB--SmolLM2-1.7B,B_first,3001,post_washout,test-0018
a5e38925,axis1_access_vs_provenance_value-conflict_orderexp_B_first_seed3001__model-HuggingFaceTB--SmolLM2-1.7B,B_first,3001,post_washout,test-0019
21be76bc,axis1_access_vs_provenance_value-conflict_orderexp_B_first_seed3001__model-HuggingFaceTB--SmolLM2-1.7B,B_first,3001,post_washout,test-0020
16bcc286,axis1_access_vs_provenance_value-conflict_orderexp_B_first_seed3001__model-HuggingFaceTB--SmolLM2-1.7B,B_first,3001,post_washout,test-0021
8fcab039,axis1_access_vs_provenance_value-conflict_orderexp_B_first_seed3001__model-HuggingFaceTB--SmolLM2-1.7B,B_first,3001,post_washout,test-0022
8d2e614d,axis1_access_vs_provenance_value-conflict_orderexp_B_first_seed3001__model-HuggingFaceTB--SmolLM2-1.7B,B_first,3001,post_washout,test-0023
bc9841f3,axis1_access_vs_provenance_value-conflict_orderexp_B_first_seed3001__model-HuggingFaceTB--SmolLM2-1.7B,B_first,3001,post_washout,test-0024
1e583ddd,axis1_access_vs_provenance_value-conflict_orderexp_interleaved_seed3001__model-HuggingFaceTB--SmolLM2-1.7B,interleaved,3001,pre_washout,test-0001
5be8ec3a,axis1_access_vs_provenance_value-conflict_orderexp_interleaved_seed3001__model-HuggingFaceTB--SmolLM2-1.7B,interleaved,3001,pre_washout,test-0002
b640f417,axis1_access_vs_provenance_value-conflict_orderexp_interleaved_seed3001__model-HuggingFaceTB--SmolLM2-1.7B,interleaved,3001,pre_washout,test-0003
5c15fe7a,axis1_access_vs_provenance_value-conflict_orderexp_interleaved_seed3001__model-HuggingFaceTB--SmolLM2-1.7B,interleaved,3001,pre_washout,test-0004
bc72455b,axis1_access_vs_provenance_value-conflict_orderexp_interleaved_seed3001__model-HuggingFaceTB--SmolLM2-1.7B,interleaved,3001,pre_washout,test-0005
b6330310,axis1_access_vs_provenance_value-conflict_orderexp_interleaved_seed3001__model-HuggingFaceTB--SmolLM2-1.7B,interleaved,3001,pre_washout,test-0006
6b41c4e9,axis1_access_vs_provenance_value-conflict_orderexp_interleaved_seed3001__model-HuggingFaceTB--SmolLM2-1.7B,interleaved,3001,pre_washout,test-0007
00cc1837,axis1_access_vs_provenance_value-conflict_orderexp_interleaved_seed3001__model-HuggingFaceTB--SmolLM2-1.7B,interleaved,3001,pre_washout,test-0008
9eedbbec,axis1_access_vs_provenance_value-conflict_orderexp_interleaved_seed3001__model-HuggingFaceTB--SmolLM2-1.7B,interleaved,3001,pre_washout,test-0009
71842d25,axis1_access_vs_provenance_value-conflict_orderexp_interleaved_seed3001__model-HuggingFaceTB--SmolLM2-1.7B,interleaved,3001,pre_washout,test-0010
c9a7b056,axis1_access_vs_provenance_value-conflict_orderexp_interleaved_seed3001__model-HuggingFaceTB--SmolLM2-1.7B,interleaved,3001,pre_washout,test-0011
7d0a3388,axis1_access_vs_provenance_value-conflict_orderexp_interleaved_seed3001__model-HuggingFaceTB--SmolLM2-1.7B,interleaved,3001,pre_washout,test-0012
9f62adcf,axis1_access_vs_provenance_value-conflict_orderexp_interleaved_seed3001__model-HuggingFaceTB--SmolLM2-1.7B,interleaved,3001,pre_washout,test-0013
d3988739,axis1_access_vs_provenance_value-conflict_orderexp_interleaved_seed3001__model-HuggingFaceTB--SmolLM2-1.7B,interleaved,3001,pre_washout,test-0014
aa079cdc,axis1_access_vs_provenance_value-conflict_orderexp_interleaved_seed3001__model-HuggingFaceTB--SmolLM2-1.7B,interleaved,3001,pre_washout,test-0015
c1165b77,axis1_access_vs_provenance_value-conflict_orderexp_interleaved_seed3001__model-HuggingFaceTB--SmolLM2-1.7B,interleaved,3001,pre_washout,test-0016
90f8dfac,axis1_access_vs_provenance_value-conflict_orderexp_interleaved_seed3001__model-HuggingFaceTB--SmolLM2-1.7B,interleaved,3001,pre_washout,test-0017
81b32f59,axis1_access_vs_provenance_value-conflict_orderexp_interleaved_seed3001__model-HuggingFaceTB--SmolLM2-1.7B,interleaved,3001,pre_washout,test-0018
743540f2,axis1_access_vs_provenance_value-conflict_orderexp_interleaved_seed3001__model-HuggingFaceTB--SmolLM2-1.7B,interleaved,3001,pre_washout,test-0019
6918eb5e,axis1_access_vs_provenance_value-conflict_orderexp_interleaved_seed3001__model-HuggingFaceTB--SmolLM2-1.7B,interleaved,3001,pre_washout,test-0020
95a82d62,axis1_access_vs_provenance_value-conflict_orderexp_interleaved_seed3001__model-HuggingFaceTB--SmolLM2-1.7B,interleaved,3001,pre_washout,test-0021
bddec495,axis1_access_vs_provenance_value-conflict_orderexp_interleaved_seed3001__model-HuggingFaceTB--SmolLM2-1.7B,interleaved,3001,pre_washout,test-0022
90e43f40,axis1_access_vs_provenance_value-conflict_orderexp_interleaved_seed3001__model-HuggingFaceTB--SmolLM2-1.7B,interleaved,3001,pre_washout,test-0023
f33fac61,axis1_access_vs_provenance_value-conflict_orderexp_interleaved_seed3001__model-HuggingFaceTB--SmolLM2-1.7B,interleaved,3001,pre_washout,test-0024
ba76d616,axis1_access_vs_provenance_value-conflict_orderexp_interleaved_seed3001__model-HuggingFaceTB--SmolLM2-1.7B,interleaved,3001,post_washout,test-0001
3a2449c0,axis1_access_vs_provenance_value-conflict_orderexp_interleaved_seed3001__model-HuggingFaceTB--SmolLM2-1.7B,interleaved,3001,post_washout,test-0002
3bb62bd7,axis1_access_vs_provenance_value-conflict_orderexp_interleaved_seed3001__model-HuggingFaceTB--SmolLM2-1.7B,interleaved,3001,post_washout,test-0003
7ddee0f9,axis1_access_vs_provenance_value-conflict_orderexp_interleaved_seed3001__model-HuggingFaceTB--SmolLM2-1.7B,interleaved,3001,post_washout,test-0004
4ec30bbc,axis1_access_vs_provenance_value-conflict_orderexp_interleaved_seed3001__model-HuggingFaceTB--SmolLM2-1.7B,interleaved,3001,post_washout,test-0005
9a9d0422,axis1_access_vs_provenance_value-conflict_orderexp_interleaved_seed3001__model-HuggingFaceTB--SmolLM2-1.7B,interleaved,3001,post_washout,test-0006
d5bd59a1,axis1_access_vs_provenance_value-conflict_orderexp_interleaved_seed3001__model-HuggingFaceTB--SmolLM2-1.7B,interleaved,3001,post_washout,test-0007
1876039d,axis1_access_vs_provenance_value-conflict_orderexp_interleaved_seed3001__model-HuggingFaceTB--SmolLM2-1.7B,interleaved,3001,post_washout,test-0008
2ecb18fb,axis1_access_vs_provenance_value-conflict_orderexp_interleaved_seed3001__model-HuggingFaceTB--SmolLM2-1.7B,interleaved,3001,post_washout,test-0009
c7e08bf0,axis1_access_vs_provenance_value-conflict_orderexp_interleaved_seed3001__model-HuggingFaceTB--SmolLM2-1.7B,interleaved,3001,post_washout,test-0010
70f8c42a,axis1_access_vs_provenance_value-conflict_orderexp_interleaved_seed3001__model-HuggingFaceTB--SmolLM2-1.7B,interleaved,3001,post_washout,test-0011
188ada5c,axis1_access_vs_provenance_value-conflict_orderexp_interleaved_seed3001__model-HuggingFaceTB--SmolLM2-1.7B,interleaved,3001,post_washout,test-0012
e7ff9835,axis1_access_vs_provenance_value-conflict_orderexp_interleaved_seed3001__model-HuggingFaceTB--SmolLM2-1.7B,interleaved,3001,post_washout,test-0013
f50924b4,axis1_access_vs_provenance_value-conflict_orderexp_interleaved_seed3001__model-HuggingFaceTB--SmolLM2-1.7B,interleaved,3001,post_washout,test-0014
fe14e00f,axis1_access_vs_provenance_value-conflict_orderexp_interleaved_seed3001__model-HuggingFaceTB--SmolLM2-1.7B,interleaved,3001,post_washout,test-0015
883e6f3c,axis1_access_vs_provenance_value-conflict_orderexp_interleaved_seed3001__model-HuggingFaceTB--SmolLM2-1.7B,interleaved,3001,post_washout,test-0016
36ae4c1c,axis1_access_vs_provenance_value-conflict_orderexp_interleaved_seed3001__model-HuggingFaceTB--SmolLM2-1.7B,interleaved,3001,post_washout,test-0017
98bd2d95,axis1_access_vs_provenance_value-conflict_orderexp_interleaved_seed3001__model-HuggingFaceTB--SmolLM2-1.7B,interleaved,3001,post_washout,test-0018
99d1187d,axis1_access_vs_provenance_value-conflict_orderexp_interleaved_seed3001__model-HuggingFaceTB--SmolLM2-1.7B,interleaved,3001,post_washout,test-0019
6828032f,axis1_access_vs_provenance_value-conflict_orderexp_interleaved_seed3001__model-HuggingFaceTB--SmolLM2-1.7B,interleaved,3001,post_washout,test-0020
de1f8443,axis1_access_vs_provenance_value-conflict_orderexp_interleaved_seed3001__model-HuggingFaceTB--SmolLM2-1.7B,interleaved,3001,post_washout,test-0021
8c1c4d57,axis1_access_vs_provenance_value-conflict_orderexp_interleaved_seed3001__model-HuggingFaceTB--SmolLM2-1.7B,interleaved,3001,post_washout,test-0022
5e794de9,axis1_access_vs_provenance_value-conflict_orderexp_interleaved_seed3001__model-HuggingFaceTB--SmolLM2-1.7B,interleaved,3001,post_washout,test-0023
59984a4a,axis1_access_vs_provenance_value-conflict_orderexp_interleaved_seed3001__model-HuggingFaceTB--SmolLM2-1.7B,interleaved,3001,post_washout,test-0024
64962e98,axis1_access_vs_provenance_value-conflict_orderexp_A_first_seed3002__model-HuggingFaceTB--SmolLM2-1.7B,A_first,3002,post_phase1,test-0001
d7658a19,axis1_access_vs_provenance_value-conflict_orderexp_A_first_seed3002__model-HuggingFaceTB--SmolLM2-1.7B,A_first,3002,post_phase1,test-0002
d1c66b39,axis1_access_vs_provenance_value-conflict_orderexp_A_first_seed3002__model-HuggingFaceTB--SmolLM2-1.7B,A_first,3002,post_phase1,test-0003
980fe364,axis1_access_vs_provenance_value-conflict_orderexp_A_first_seed3002__model-HuggingFaceTB--SmolLM2-1.7B,A_first,3002,post_phase1,test-0004
462a57eb,axis1_access_vs_provenance_value-conflict_orderexp_A_first_seed3002__model-HuggingFaceTB--SmolLM2-1.7B,A_first,3002,post_phase1,test-0005
29b4729e,axis1_access_vs_provenance_value-conflict_orderexp_A_first_seed3002__model-HuggingFaceTB--SmolLM2-1.7B,A_first,3002,post_phase1,test-0006
9b15cf5e,axis1_access_vs_provenance_value-conflict_orderexp_A_first_seed3002__model-HuggingFaceTB--SmolLM2-1.7B,A_first,3002,post_phase1,test-0007
d5fa9f90,axis1_access_vs_provenance_value-conflict_orderexp_A_first_seed3002__model-HuggingFaceTB--SmolLM2-1.7B,A_first,3002,post_phase1,test-0008
84e0ffb5,axis1_access_vs_provenance_value-conflict_orderexp_A_first_seed3002__model-HuggingFaceTB--SmolLM2-1.7B,A_first,3002,post_phase1,test-0009
459d57fd,axis1_access_vs_provenance_value-conflict_orderexp_A_first_seed3002__model-HuggingFaceTB--SmolLM2-1.7B,A_first,3002,post_phase1,test-0010
8af87a8c,axis1_access_vs_provenance_value-conflict_orderexp_A_first_seed3002__model-HuggingFaceTB--SmolLM2-1.7B,A_first,3002,post_phase1,test-0011
5ca6605d,axis1_access_vs_provenance_value-conflict_orderexp_A_first_seed3002__model-HuggingFaceTB--SmolLM2-1.7B,A_first,3002,post_phase1,test-0012
88ff5d92,axis1_access_vs_provenance_value-conflict_orderexp_A_first_seed3002__model-HuggingFaceTB--SmolLM2-1.7B,A_first,3002,post_phase1,test-0013
11c189fa,axis1_access_vs_provenance_value-conflict_orderexp_A_first_seed3002__model-HuggingFaceTB--SmolLM2-1.7B,A_first,3002,post_phase1,test-0014
67fb9267,axis1_access_vs_provenance_value-conflict_orderexp_A_first_seed3002__model-HuggingFaceTB--SmolLM2-1.7B,A_first,3002,post_phase1,test-0015
4e401ba7,axis1_access_vs_provenance_value-conflict_orderexp_A_first_seed3002__model-HuggingFaceTB--SmolLM2-1.7B,A_first,3002,post_phase1,test-0016
4265569b,axis1_access_vs_provenance_value-conflict_orderexp_A_first_seed3002__model-HuggingFaceTB--SmolLM2-1.7B,A_first,3002,post_phase1,test-0017
8082eb59,axis1_access_vs_provenance_value-conflict_orderexp_A_first_seed3002__model-HuggingFaceTB--SmolLM2-1.7B,A_first,3002,post_phase1,test-0018
c00b253a,axis1_access_vs_provenance_value-conflict_orderexp_A_first_seed3002__model-HuggingFaceTB--SmolLM2-1.7B,A_first,3002,post_phase1,test-0019
966f153f,axis1_access_vs_provenance_value-conflict_orderexp_A_first_seed3002__model-HuggingFaceTB--SmolLM2-1.7B,A_first,3002,post_phase1,test-0020
50a89644,axis1_access_vs_provenance_value-conflict_orderexp_A_first_seed3002__model-HuggingFaceTB--SmolLM2-1.7B,A_first,3002,post_phase1,test-0021
cdd3c309,axis1_access_vs_provenance_value-conflict_orderexp_A_first_seed3002__model-HuggingFaceTB--SmolLM2-1.7B,A_first,3002,post_phase1,test-0022
9aab8047,axis1_access_vs_provenance_value-conflict_orderexp_A_first_seed3002__model-HuggingFaceTB--SmolLM2-1.7B,A_first,3002,post_phase1,test-0023
a6e76817,axis1_access_vs_provenance_value-conflict_orderexp_A_first_seed3002__model-HuggingFaceTB--SmolLM2-1.7B,A_first,3002,post_phase1,test-0024
ae55b69a,axis1_access_vs_provenance_value-conflict_orderexp_A_first_seed3002__model-HuggingFaceTB--SmolLM2-1.7B,A_first,3002,pre_washout,test-0001
46c2fde2,axis1_access_vs_provenance_value-conflict_orderexp_A_first_seed3002__model-HuggingFaceTB--SmolLM2-1.7B,A_first,3002,pre_washout,test-0002
e904d173,axis1_access_vs_provenance_value-conflict_orderexp_A_first_seed3002__model-HuggingFaceTB--SmolLM2-1.7B,A_first,3002,pre_washout,test-0003
31a71110,axis1_access_vs_provenance_value-conflict_orderexp_A_first_seed3002__model-HuggingFaceTB--SmolLM2-1.7B,A_first,3002,pre_washout,test-0004
b76a439c,axis1_access_vs_provenance_value-conflict_orderexp_A_first_seed3002__model-HuggingFaceTB--SmolLM2-1.7B,A_first,3002,pre_washout,test-0005
c8a6fcff,axis1_access_vs_provenance_value-conflict_orderexp_A_first_seed3002__model-HuggingFaceTB--SmolLM2-1.7B,A_first,3002,pre_washout,test-0006
3bb6e3cf,axis1_access_vs_provenance_value-conflict_orderexp_A_first_seed3002__model-HuggingFaceTB--SmolLM2-1.7B,A_first,3002,pre_washout,test-0007
41eb0cdb,axis1_access_vs_provenance_value-conflict_orderexp_A_first_seed3002__model-HuggingFaceTB--SmolLM2-1.7B,A_first,3002,pre_washout,test-0008
604c133a,axis1_access_vs_provenance_value-conflict_orderexp_A_first_seed3002__model-HuggingFaceTB--SmolLM2-1.7B,A_first,3002,pre_washout,test-0009
7161e903,axis1_access_vs_provenance_value-conflict_orderexp_A_first_seed3002__model-HuggingFaceTB--SmolLM2-1.7B,A_first,3002,pre_washout,test-0010
7e8693eb,axis1_access_vs_provenance_value-conflict_orderexp_A_first_seed3002__model-HuggingFaceTB--SmolLM2-1.7B,A_first,3002,pre_washout,test-0011
1ed396b7,axis1_access_vs_provenance_value-conflict_orderexp_A_first_seed3002__model-HuggingFaceTB--SmolLM2-1.7B,A_first,3002,pre_washout,test-0012
76e8b931,axis1_access_vs_provenance_value-conflict_orderexp_A_first_seed3002__model-HuggingFaceTB--SmolLM2-1.7B,A_first,3002,pre_washout,test-0013
21c02df6,axis1_access_vs_provenance_value-conflict_orderexp_A_first_seed3002__model-HuggingFaceTB--SmolLM2-1.7B,A_first,3002,pre_washout,test-0014
aea46319,axis1_access_vs_provenance_value-conflict_orderexp_A_first_seed3002__model-HuggingFaceTB--SmolLM2-1.7B,A_first,3002,pre_washout,test-0015
128130e3,axis1_access_vs_provenance_value-conflict_orderexp_A_first_seed3002__model-HuggingFaceTB--SmolLM2-1.7B,A_first,3002,pre_washout,test-0016
9980fb9b,axis1_access_vs_provenance_value-conflict_orderexp_A_first_seed3002__model-HuggingFaceTB--SmolLM2-1.7B,A_first,3002,pre_washout,test-0017
e5aa0ce1,axis1_access_vs_provenance_value-conflict_orderexp_A_first_seed3002__model-HuggingFaceTB--SmolLM2-1.7B,A_first,3002,pre_washout,test-0018
1f09e462,axis1_access_vs_provenance_value-conflict_orderexp_A_first_seed3002__model-HuggingFaceTB--SmolLM2-1.7B,A_first,3002,pre_washout,test-0019
fa719b31,axis1_access_vs_provenance_value-conflict_orderexp_A_first_seed3002__model-HuggingFaceTB--SmolLM2-1.7B,A_first,3002,pre_washout,test-0020
f4b266a7,axis1_access_vs_provenance_value-conflict_orderexp_A_first_seed3002__model-HuggingFaceTB--SmolLM2-1.7B,A_first,3002,pre_washout,test-0021
12899ca8,axis1_access_vs_provenance_value-conflict_orderexp_A_first_seed3002__model-HuggingFaceTB--SmolLM2-1.7B,A_first,3002,pre_washout,test-0022
be981482,axis1_access_vs_provenance_value-conflict_orderexp_A_first_seed3002__model-HuggingFaceTB--SmolLM2-1.7B,A_first,3002,pre_washout,test-0023
2a9604e7,axis1_access_vs_provenance_value-conflict_orderexp_A_first_seed3002__model-HuggingFaceTB--SmolLM2-1.7B,A_first,3002,pre_washout,test-0024
6912c16b,axis1_access_vs_provenance_value-conflict_orderexp_A_first_seed3002__model-HuggingFaceTB--SmolLM2-1.7B,A_first,3002,post_washout,test-0001
da277ae7,axis1_access_vs_provenance_value-conflict_orderexp_A_first_seed3002__model-HuggingFaceTB--SmolLM2-1.7B,A_first,3002,post_washout,test-0002
9b04e6fc,axis1_access_vs_provenance_value-conflict_orderexp_A_first_seed3002__model-HuggingFaceTB--SmolLM2-1.7B,A_first,3002,post_washout,test-0003
7fdc091a,axis1_access_vs_provenance_value-conflict_orderexp_A_first_seed3002__model-HuggingFaceTB--SmolLM2-1.7B,A_first,3002,post_washout,test-0004
4c653409,axis1_access_vs_provenance_value-conflict_orderexp_A_first_seed3002__model-HuggingFaceTB--SmolLM2-1.7B,A_first,3002,post_washout,test-0005
395e4066,axis1_access_vs_provenance_value-conflict_orderexp_A_first_seed3002__model-HuggingFaceTB--SmolLM2-1.7B,A_first,3002,post_washout,test-0006
1458b146,axis1_access_vs_provenance_value-conflict_orderexp_A_first_seed3002__model-HuggingFaceTB--SmolLM2-1.7B,A_first,3002,post_washout,test-0007
c1f5ba09,axis1_access_vs_provenance_value-conflict_orderexp_A_first_seed3002__model-HuggingFaceTB--SmolLM2-1.7B,A_first,3002,post_washout,test-0008
bd8c7926,axis1_access_vs_provenance_value-conflict_orderexp_A_first_seed3002__model-HuggingFaceTB--SmolLM2-1.7B,A_first,3002,post_washout,test-0009
cad7f48e,axis1_access_vs_provenance_value-conflict_orderexp_A_first_seed3002__model-HuggingFaceTB--SmolLM2-1.7B,A_first,3002,post_washout,test-0010
660ad781,axis1_access_vs_provenance_value-conflict_orderexp_A_first_seed3002__model-HuggingFaceTB--SmolLM2-1.7B,A_first,3002,post_washout,test-0011
ca114fdd,axis1_access_vs_provenance_value-conflict_orderexp_A_first_seed3002__model-HuggingFaceTB--SmolLM2-1.7B,A_first,3002,post_washout,test-0012
234b8a9e,axis1_access_vs_provenance_value-conflict_orderexp_A_first_seed3002__model-HuggingFaceTB--SmolLM2-1.7B,A_first,3002,post_washout,test-0013
1404b836,axis1_access_vs_provenance_value-conflict_orderexp_A_first_seed3002__model-HuggingFaceTB--SmolLM2-1.7B,A_first,3002,post_washout,test-0014
ccc71157,axis1_access_vs_provenance_value-conflict_orderexp_A_first_seed3002__model-HuggingFaceTB--SmolLM2-1.7B,A_first,3002,post_washout,test-0015
64142a9c,axis1_access_vs_provenance_value-conflict_orderexp_A_first_seed3002__model-HuggingFaceTB--SmolLM2-1.7B,A_first,3002,post_washout,test-0016
1ee54e65,axis1_access_vs_provenance_value-conflict_orderexp_A_first_seed3002__model-HuggingFaceTB--SmolLM2-1.7B,A_first,3002,post_washout,test-0017
77eac7dc,axis1_access_vs_provenance_value-conflict_orderexp_A_first_seed3002__model-HuggingFaceTB--SmolLM2-1.7B,A_first,3002,post_washout,test-0018
fe526f11,axis1_access_vs_provenance_value-conflict_orderexp_A_first_seed3002__model-HuggingFaceTB--SmolLM2-1.7B,A_first,3002,post_washout,test-0019
242ef355,axis1_access_vs_provenance_value-conflict_orderexp_A_first_seed3002__model-HuggingFaceTB--SmolLM2-1.7B,A_first,3002,post_washout,test-0020
fcdf5209,axis1_access_vs_provenance_value-conflict_orderexp_A_first_seed3002__model-HuggingFaceTB--SmolLM2-1.7B,A_first,3002,post_washout,test-0021
993d0449,axis1_access_vs_provenance_value-conflict_orderexp_A_first_seed3002__model-HuggingFaceTB--SmolLM2-1.7B,A_first,3002,post_washout,test-0022
265f022a,axis1_access_vs_provenance_value-conflict_orderexp_A_first_seed3002__model-HuggingFaceTB--SmolLM2-1.7B,A_first,3002,post_washout,test-0023
ad69c146,axis1_access_vs_provenance_value-conflict_orderexp_A_first_seed3002__model-HuggingFaceTB--SmolLM2-1.7B,A_first,3002,post_washout,test-0024
29ca500b,axis1_access_vs_provenance_value-conflict_orderexp_B_first_seed3002__model-HuggingFaceTB--SmolLM2-1.7B,B_first,3002,post_phase1,test-0001
7cab0bed,axis1_access_vs_provenance_value-conflict_orderexp_B_first_seed3002__model-HuggingFaceTB--SmolLM2-1.7B,B_first,3002,post_phase1,test-0002
12246e13,axis1_access_vs_provenance_value-conflict_orderexp_B_first_seed3002__model-HuggingFaceTB--SmolLM2-1.7B,B_first,3002,post_phase1,test-0003
75e25ebe,axis1_access_vs_provenance_value-conflict_orderexp_B_first_seed3002__model-HuggingFaceTB--SmolLM2-1.7B,B_first,3002,post_phase1,test-0004
a754b1be,axis1_access_vs_provenance_value-conflict_orderexp_B_first_seed3002__model-HuggingFaceTB--SmolLM2-1.7B,B_first,3002,post_phase1,test-0005
33adc876,axis1_access_vs_provenance_value-conflict_orderexp_B_first_seed3002__model-HuggingFaceTB--SmolLM2-1.7B,B_first,3002,post_phase1,test-0006
c989b746,axis1_access_vs_provenance_value-conflict_orderexp_B_first_seed3002__model-HuggingFaceTB--SmolLM2-1.7B,B_first,3002,post_phase1,test-0007
406e27ee,axis1_access_vs_provenance_value-conflict_orderexp_B_first_seed3002__model-HuggingFaceTB--SmolLM2-1.7B,B_first,3002,post_phase1,test-0008
4952684d,axis1_access_vs_provenance_value-conflict_orderexp_B_first_seed3002__model-HuggingFaceTB--SmolLM2-1.7B,B_first,3002,post_phase1,test-0009
2ce87a3c,axis1_access_vs_provenance_value-conflict_orderexp_B_first_seed3002__model-HuggingFaceTB--SmolLM2-1.7B,B_first,3002,post_phase1,test-0010
25da68cc,axis1_access_vs_provenance_value-conflict_orderexp_B_first_seed3002__model-HuggingFaceTB--SmolLM2-1.7B,B_first,3002,post_phase1,test-0011
00c5e9b6,axis1_access_vs_provenance_value-conflict_orderexp_B_first_seed3002__model-HuggingFaceTB--SmolLM2-1.7B,B_first,3002,post_phase1,test-0012
22a7d6d8,axis1_access_vs_provenance_value-conflict_orderexp_B_first_seed3002__model-HuggingFaceTB--SmolLM2-1.7B,B_first,3002,post_phase1,test-0013
7bf81e09,axis1_access_vs_provenance_value-conflict_orderexp_B_first_seed3002__model-HuggingFaceTB--SmolLM2-1.7B,B_first,3002,post_phase1,test-0014
b0e9301f,axis1_access_vs_provenance_value-conflict_orderexp_B_first_seed3002__model-HuggingFaceTB--SmolLM2-1.7B,B_first,3002,post_phase1,test-0015
c174b84d,axis1_access_vs_provenance_value-conflict_orderexp_B_first_seed3002__model-HuggingFaceTB--SmolLM2-1.7B,B_first,3002,post_phase1,test-0016
e1515b0b,axis1_access_vs_provenance_value-conflict_orderexp_B_first_seed3002__model-HuggingFaceTB--SmolLM2-1.7B,B_first,3002,post_phase1,test-0017
797b0786,axis1_access_vs_provenance_value-conflict_orderexp_B_first_seed3002__model-HuggingFaceTB--SmolLM2-1.7B,B_first,3002,post_phase1,test-0018
622254ef,axis1_access_vs_provenance_value-conflict_orderexp_B_first_seed3002__model-HuggingFaceTB--SmolLM2-1.7B,B_first,3002,post_phase1,test-0019
a41d5d24,axis1_access_vs_provenance_value-conflict_orderexp_B_first_seed3002__model-HuggingFaceTB--SmolLM2-1.7B,B_first,3002,post_phase1,test-0020
74230757,axis1_access_vs_provenance_value-conflict_orderexp_B_first_seed3002__model-HuggingFaceTB--SmolLM2-1.7B,B_first,3002,post_phase1,test-0021
9a40c38d,axis1_access_vs_provenance_value-conflict_orderexp_B_first_seed3002__model-HuggingFaceTB--SmolLM2-1.7B,B_first,3002,post_phase1,test-0022
34b6648e,axis1_access_vs_provenance_value-conflict_orderexp_B_first_seed3002__model-HuggingFaceTB--SmolLM2-1.7B,B_first,3002,post_phase1,test-0023
c4e5b5f0,axis1_access_vs_provenance_value-conflict_orderexp_B_first_seed3002__model-HuggingFaceTB--SmolLM2-1.7B,B_first,3002,post_phase1,test-0024
a1aae04b,axis1_access_vs_provenance_value-conflict_orderexp_B_first_seed3002__model-HuggingFaceTB--SmolLM2-1.7B,B_first,3002,pre_washout,test-0001
63fa32bb,axis1_access_vs_provenance_value-conflict_orderexp_B_first_seed3002__model-HuggingFaceTB--SmolLM2-1.7B,B_first,3002,pre_washout,test-0002
a077212a,axis1_access_vs_provenance_value-conflict_orderexp_B_first_seed3002__model-HuggingFaceTB--SmolLM2-1.7B,B_first,3002,pre_washout,test-0003
accb91d8,axis1_access_vs_provenance_value-conflict_orderexp_B_first_seed3002__model-HuggingFaceTB--SmolLM2-1.7B,B_first,3002,pre_washout,test-0004
c95b8773,axis1_access_vs_provenance_value-conflict_orderexp_B_first_seed3002__model-HuggingFaceTB--SmolLM2-1.7B,B_first,3002,pre_washout,test-0005
fde5a215,axis1_access_vs_provenance_value-conflict_orderexp_B_first_seed3002__model-HuggingFaceTB--SmolLM2-1.7B,B_first,3002,pre_washout,test-0006
b9ebf50c,axis1_access_vs_provenance_value-conflict_orderexp_B_first_seed3002__model-HuggingFaceTB--SmolLM2-1.7B,B_first,3002,pre_washout,test-0007
49c473db,axis1_access_vs_provenance_value-conflict_orderexp_B_first_seed3002__model-HuggingFaceTB--SmolLM2-1.7B,B_first,3002,pre_washout,test-0008
27cbdf8f,axis1_access_vs_provenance_value-conflict_orderexp_B_first_seed3002__model-HuggingFaceTB--SmolLM2-1.7B,B_first,3002,pre_washout,test-0009
317b2332,axis1_access_vs_provenance_value-conflict_orderexp_B_first_seed3002__model-HuggingFaceTB--SmolLM2-1.7B,B_first,3002,pre_washout,test-0010
87461153,axis1_access_vs_provenance_value-conflict_orderexp_B_first_seed3002__model-HuggingFaceTB--SmolLM2-1.7B,B_first,3002,pre_washout,test-0011
9bf90dcd,axis1_access_vs_provenance_value-conflict_orderexp_B_first_seed3002__model-HuggingFaceTB--SmolLM2-1.7B,B_first,3002,pre_washout,test-0012
150ad21f,axis1_access_vs_provenance_value-conflict_orderexp_B_first_seed3002__model-HuggingFaceTB--SmolLM2-1.7B,B_first,3002,pre_washout,test-0013
c8884b76,axis1_access_vs_provenance_value-conflict_orderexp_B_first_seed3002__model-HuggingFaceTB--SmolLM2-1.7B,B_first,3002,pre_washout,test-0014
99ce305c,axis1_access_vs_provenance_value-conflict_orderexp_B_first_seed3002__model-HuggingFaceTB--SmolLM2-1.7B,B_first,3002,pre_washout,test-0015
4173a9e0,axis1_access_vs_provenance_value-conflict_orderexp_B_first_seed3002__model-HuggingFaceTB--SmolLM2-1.7B,B_first,3002,pre_washout,test-0016
c5a12527,axis1_access_vs_provenance_value-conflict_orderexp_B_first_seed3002__model-HuggingFaceTB--SmolLM2-1.7B,B_first,3002,pre_washout,test-0017
07799e54,axis1_access_vs_provenance_value-conflict_orderexp_B_first_seed3002__model-HuggingFaceTB--SmolLM2-1.7B,B_first,3002,pre_washout,test-0018
aee0f326,axis1_access_vs_provenance_value-conflict_orderexp_B_first_seed3002__model-HuggingFaceTB--SmolLM2-1.7B,B_first,3002,pre_washout,test-0019
f410282c,axis1_access_vs_provenance_value-conflict_orderexp_B_first_seed3002__model-HuggingFaceTB--SmolLM2-1.7B,B_first,3002,pre_washout,test-0020
e518faca,axis1_access_vs_provenance_value-conflict_orderexp_B_first_seed3002__model-HuggingFaceTB--SmolLM2-1.7B,B_first,3002,pre_washout,test-0021
42131cd8,axis1_access_vs_provenance_value-conflict_orderexp_B_first_seed3002__model-HuggingFaceTB--SmolLM2-1.7B,B_first,3002,pre_washout,test-0022
6c2985de,axis1_access_vs_provenance_value-conflict_orderexp_B_first_seed3002__model-HuggingFaceTB--SmolLM2-1.7B,B_first,3002,pre_washout,test-0023
fd0487e0,axis1_access_vs_provenance_value-conflict_orderexp_B_first_seed3002__model-HuggingFaceTB--SmolLM2-1.7B,B_first,3002,pre_washout,test-0024
ae66eb7e,axis1_access_vs_provenance_value-conflict_orderexp_B_first_seed3002__model-HuggingFaceTB--SmolLM2-1.7B,B_first,3002,post_washout,test-0001
4f9abb34,axis1_access_vs_provenance_value-conflict_orderexp_B_first_seed3002__model-HuggingFaceTB--SmolLM2-1.7B,B_first,3002,post_washout,test-0002
14454561,axis1_access_vs_provenance_value-conflict_orderexp_B_first_seed3002__model-HuggingFaceTB--SmolLM2-1.7B,B_first,3002,post_washout,test-0003
da0faaeb,axis1_access_vs_provenance_value-conflict_orderexp_B_first_seed3002__model-HuggingFaceTB--SmolLM2-1.7B,B_first,3002,post_washout,test-0004
5e1c1a56,axis1_access_vs_provenance_value-conflict_orderexp_B_first_seed3002__model-HuggingFaceTB--SmolLM2-1.7B,B_first,3002,post_washout,test-0005
d1b24969,axis1_access_vs_provenance_value-conflict_orderexp_B_first_seed3002__model-HuggingFaceTB--SmolLM2-1.7B,B_first,3002,post_washout,test-0006
f6bf5a8f,axis1_access_vs_provenance_value-conflict_orderexp_B_first_seed3002__model-HuggingFaceTB--SmolLM2-1.7B,B_first,3002,post_washout,test-0007
d821331c,axis1_access_vs_provenance_value-conflict_orderexp_B_first_seed3002__model-HuggingFaceTB--SmolLM2-1.7B,B_first,3002,post_washout,test-0008
80872749,axis1_access_vs_provenance_value-conflict_orderexp_B_first_seed3002__model-HuggingFaceTB--SmolLM2-1.7B,B_first,3002,post_washout,test-0009
fc608af9,axis1_access_vs_provenance_value-conflict_orderexp_B_first_seed3002__model-HuggingFaceTB--SmolLM2-1.7B,B_first,3002,post_washout,test-0010
d2fa4920,axis1_access_vs_provenance_value-conflict_orderexp_B_first_seed3002__model-HuggingFaceTB--SmolLM2-1.7B,B_first,3002,post_washout,test-0011
28d4c81d,axis1_access_vs_provenance_value-conflict_orderexp_B_first_seed3002__model-HuggingFaceTB--SmolLM2-1.7B,B_first,3002,post_washout,test-0012
e2c47be5,axis1_access_vs_provenance_value-conflict_orderexp_B_first_seed3002__model-HuggingFaceTB--SmolLM2-1.7B,B_first,3002,post_washout,test-0013
68dcf826,axis1_access_vs_provenance_value-conflict_orderexp_B_first_seed3002__model-HuggingFaceTB--SmolLM2-1.7B,B_first,3002,post_washout,test-0014
84329f77,axis1_access_vs_provenance_value-conflict_orderexp_B_first_seed3002__model-HuggingFaceTB--SmolLM2-1.7B,B_first,3002,post_washout,test-0015
286857de,axis1_access_vs_provenance_value-conflict_orderexp_B_first_seed3002__model-HuggingFaceTB--SmolLM2-1.7B,B_first,3002,post_washout,test-0016
48031b8b,axis1_access_vs_provenance_value-conflict_orderexp_B_first_seed3002__model-HuggingFaceTB--SmolLM2-1.7B,B_first,3002,post_washout,test-0017
80c919c6,axis1_access_vs_provenance_value-conflict_orderexp_B_first_seed3002__model-HuggingFaceTB--SmolLM2-1.7B,B_first,3002,post_washout,test-0018
284f0961,axis1_access_vs_provenance_value-conflict_orderexp_B_first_seed3002__model-HuggingFaceTB--SmolLM2-1.7B,B_first,3002,post_washout,test-0019
64974428,axis1_access_vs_provenance_value-conflict_orderexp_B_first_seed3002__model-HuggingFaceTB--SmolLM2-1.7B,B_first,3002,post_washout,test-0020
d530c805,axis1_access_vs_provenance_value-conflict_orderexp_B_first_seed3002__model-HuggingFaceTB--SmolLM2-1.7B,B_first,3002,post_washout,test-0021
a61447c1,axis1_access_vs_provenance_value-conflict_orderexp_B_first_seed3002__model-HuggingFaceTB--SmolLM2-1.7B,B_first,3002,post_washout,test-0022
17cae4a5,axis1_access_vs_provenance_value-conflict_orderexp_B_first_seed3002__model-HuggingFaceTB--SmolLM2-1.7B,B_first,3002,post_washout,test-0023
86e3746e,axis1_access_vs_provenance_value-conflict_orderexp_B_first_seed3002__model-HuggingFaceTB--SmolLM2-1.7B,B_first,3002,post_washout,test-0024
e4ee813b,axis1_access_vs_provenance_value-conflict_orderexp_interleaved_seed3002__model-HuggingFaceTB--SmolLM2-1.7B,interleaved,3002,pre_washout,test-0001
95d4e197,axis1_access_vs_provenance_value-conflict_orderexp_interleaved_seed3002__model-HuggingFaceTB--SmolLM2-1.7B,interleaved,3002,pre_washout,test-0002
91c9bb46,axis1_access_vs_provenance_value-conflict_orderexp_interleaved_seed3002__model-HuggingFaceTB--SmolLM2-1.7B,interleaved,3002,pre_washout,test-0003
55670af7,axis1_access_vs_provenance_value-conflict_orderexp_interleaved_seed3002__model-HuggingFaceTB--SmolLM2-1.7B,interleaved,3002,pre_washout,test-0004
ce539c31,axis1_access_vs_provenance_value-conflict_orderexp_interleaved_seed3002__model-HuggingFaceTB--SmolLM2-1.7B,interleaved,3002,pre_washout,test-0005
8cfdec50,axis1_access_vs_provenance_value-conflict_orderexp_interleaved_seed3002__model-HuggingFaceTB--SmolLM2-1.7B,interleaved,3002,pre_washout,test-0006
7ef013e8,axis1_access_vs_provenance_value-conflict_orderexp_interleaved_seed3002__model-HuggingFaceTB--SmolLM2-1.7B,interleaved,3002,pre_washout,test-0007
15ddfc02,axis1_access_vs_provenance_value-conflict_orderexp_interleaved_seed3002__model-HuggingFaceTB--SmolLM2-1.7B,interleaved,3002,pre_washout,test-0008
720bf30c,axis1_access_vs_provenance_value-conflict_orderexp_interleaved_seed3002__model-HuggingFaceTB--SmolLM2-1.7B,interleaved,3002,pre_washout,test-0009
53c7c2c8,axis1_access_vs_provenance_value-conflict_orderexp_interleaved_seed3002__model-HuggingFaceTB--SmolLM2-1.7B,interleaved,3002,pre_washout,test-0010
4b2950e8,axis1_access_vs_provenance_value-conflict_orderexp_interleaved_seed3002__model-HuggingFaceTB--SmolLM2-1.7B,interleaved,3002,pre_washout,test-0011
29f3925c,axis1_access_vs_provenance_value-conflict_orderexp_interleaved_seed3002__model-HuggingFaceTB--SmolLM2-1.7B,interleaved,3002,pre_washout,test-0012
3a2db522,axis1_access_vs_provenance_value-conflict_orderexp_interleaved_seed3002__model-HuggingFaceTB--SmolLM2-1.7B,interleaved,3002,pre_washout,test-0013
1e295ff9,axis1_access_vs_provenance_value-conflict_orderexp_interleaved_seed3002__model-HuggingFaceTB--SmolLM2-1.7B,interleaved,3002,pre_washout,test-0014
f5936786,axis1_access_vs_provenance_value-conflict_orderexp_interleaved_seed3002__model-HuggingFaceTB--SmolLM2-1.7B,interleaved,3002,pre_washout,test-0015
4845a077,axis1_access_vs_provenance_value-conflict_orderexp_interleaved_seed3002__model-HuggingFaceTB--SmolLM2-1.7B,interleaved,3002,pre_washout,test-0016
0b8a75e8,axis1_access_vs_provenance_value-conflict_orderexp_interleaved_seed3002__model-HuggingFaceTB--SmolLM2-1.7B,interleaved,3002,pre_washout,test-0017
21e19846,axis1_access_vs_provenance_value-conflict_orderexp_interleaved_seed3002__model-HuggingFaceTB--SmolLM2-1.7B,interleaved,3002,pre_washout,test-0018
172d9253,axis1_access_vs_provenance_value-conflict_orderexp_interleaved_seed3002__model-HuggingFaceTB--SmolLM2-1.7B,interleaved,3002,pre_washout,test-0019
3cb342de,axis1_access_vs_provenance_value-conflict_orderexp_interleaved_seed3002__model-HuggingFaceTB--SmolLM2-1.7B,interleaved,3002,pre_washout,test-0020
e006571d,axis1_access_vs_provenance_value-conflict_orderexp_interleaved_seed3002__model-HuggingFaceTB--SmolLM2-1.7B,interleaved,3002,pre_washout,test-0021
34a88b34,axis1_access_vs_provenance_value-conflict_orderexp_interleaved_seed3002__model-HuggingFaceTB--SmolLM2-1.7B,interleaved,3002,pre_washout,test-0022
10a1ee73,axis1_access_vs_provenance_value-conflict_orderexp_interleaved_seed3002__model-HuggingFaceTB--SmolLM2-1.7B,interleaved,3002,pre_washout,test-0023
e93502c0,axis1_access_vs_provenance_value-conflict_orderexp_interleaved_seed3002__model-HuggingFaceTB--SmolLM2-1.7B,interleaved,3002,pre_washout,test-0024
f3cf3b41,axis1_access_vs_provenance_value-conflict_orderexp_interleaved_seed3002__model-HuggingFaceTB--SmolLM2-1.7B,interleaved,3002,post_washout,test-0001
18fe5f2f,axis1_access_vs_provenance_value-conflict_orderexp_interleaved_seed3002__model-HuggingFaceTB--SmolLM2-1.7B,interleaved,3002,post_washout,test-0002
1984cd78,axis1_access_vs_provenance_value-conflict_orderexp_interleaved_seed3002__model-HuggingFaceTB--SmolLM2-1.7B,interleaved,3002,post_washout,test-0003
4c9b35c0,axis1_access_vs_provenance_value-conflict_orderexp_interleaved_seed3002__model-HuggingFaceTB--SmolLM2-1.7B,interleaved,3002,post_washout,test-0004
6eb7b57f,axis1_access_vs_provenance_value-conflict_orderexp_interleaved_seed3002__model-HuggingFaceTB--SmolLM2-1.7B,interleaved,3002,post_washout,test-0005
fe0a2489,axis1_access_vs_provenance_value-conflict_orderexp_interleaved_seed3002__model-HuggingFaceTB--SmolLM2-1.7B,interleaved,3002,post_washout,test-0006
4beffd84,axis1_access_vs_provenance_value-conflict_orderexp_interleaved_seed3002__model-HuggingFaceTB--SmolLM2-1.7B,interleaved,3002,post_washout,test-0007
356b54ea,axis1_access_vs_provenance_value-conflict_orderexp_interleaved_seed3002__model-HuggingFaceTB--SmolLM2-1.7B,interleaved,3002,post_washout,test-0008
cb246da8,axis1_access_vs_provenance_value-conflict_orderexp_interleaved_seed3002__model-HuggingFaceTB--SmolLM2-1.7B,interleaved,3002,post_washout,test-0009
edfa5632,axis1_access_vs_provenance_value-conflict_orderexp_interleaved_seed3002__model-HuggingFaceTB--SmolLM2-1.7B,interleaved,3002,post_washout,test-0010
2c4bf806,axis1_access_vs_provenance_value-conflict_orderexp_interleaved_seed3002__model-HuggingFaceTB--SmolLM2-1.7B,interleaved,3002,post_washout,test-0011
848103c5,axis1_access_vs_provenance_value-conflict_orderexp_interleaved_seed3002__model-HuggingFaceTB--SmolLM2-1.7B,interleaved,3002,post_washout,test-0012
70cde21b,axis1_access_vs_provenance_value-conflict_orderexp_interleaved_seed3002__model-HuggingFaceTB--SmolLM2-1.7B,interleaved,3002,post_washout,test-0013
9515b75b,axis1_access_vs_provenance_value-conflict_orderexp_interleaved_seed3002__model-HuggingFaceTB--SmolLM2-1.7B,interleaved,3002,post_washout,test-0014
9723f2f5,axis1_access_vs_provenance_value-conflict_orderexp_interleaved_seed3002__model-HuggingFaceTB--SmolLM2-1.7B,interleaved,3002,post_washout,test-0015
642e1fc1,axis1_access_vs_provenance_value-conflict_orderexp_interleaved_seed3002__model-HuggingFaceTB--SmolLM2-1.7B,interleaved,3002,post_washout,test-0016
ae6020ad,axis1_access_vs_provenance_value-conflict_orderexp_interleaved_seed3002__model-HuggingFaceTB--SmolLM2-1.7B,interleaved,3002,post_washout,test-0017
05d484cb,axis1_access_vs_provenance_value-conflict_orderexp_interleaved_seed3002__model-HuggingFaceTB--SmolLM2-1.7B,interleaved,3002,post_washout,test-0018
927ed689,axis1_access_vs_provenance_value-conflict_orderexp_interleaved_seed3002__model-HuggingFaceTB--SmolLM2-1.7B,interleaved,3002,post_washout,test-0019
f3b97477,axis1_access_vs_provenance_value-conflict_orderexp_interleaved_seed3002__model-HuggingFaceTB--SmolLM2-1.7B,interleaved,3002,post_washout,test-0020
72cf50d2,axis1_access_vs_provenance_value-conflict_orderexp_interleaved_seed3002__model-HuggingFaceTB--SmolLM2-1.7B,interleaved,3002,post_washout,test-0021
8e658b05,axis1_access_vs_provenance_value-conflict_orderexp_interleaved_seed3002__model-HuggingFaceTB--SmolLM2-1.7B,interleaved,3002,post_washout,test-0022
a3247c77,axis1_access_vs_provenance_value-conflict_orderexp_interleaved_seed3002__model-HuggingFaceTB--SmolLM2-1.7B,interleaved,3002,post_washout,test-0023
500be342,axis1_access_vs_provenance_value-conflict_orderexp_interleaved_seed3002__model-HuggingFaceTB--SmolLM2-1.7B,interleaved,3002,post_washout,test-0024
d5a09643,axis1_access_vs_provenance_value-conflict_orderexp_A_first_seed3003__model-HuggingFaceTB--SmolLM2-1.7B,A_first,3003,post_phase1,test-0001
922f73c9,axis1_access_vs_provenance_value-conflict_orderexp_A_first_seed3003__model-HuggingFaceTB--SmolLM2-1.7B,A_first,3003,post_phase1,test-0002
73a9b4c1,axis1_access_vs_provenance_value-conflict_orderexp_A_first_seed3003__model-HuggingFaceTB--SmolLM2-1.7B,A_first,3003,post_phase1,test-0003
bfd0f46b,axis1_access_vs_provenance_value-conflict_orderexp_A_first_seed3003__model-HuggingFaceTB--SmolLM2-1.7B,A_first,3003,post_phase1,test-0004
11eb9a3a,axis1_access_vs_provenance_value-conflict_orderexp_A_first_seed3003__model-HuggingFaceTB--SmolLM2-1.7B,A_first,3003,post_phase1,test-0005
961c99a3,axis1_access_vs_provenance_value-conflict_orderexp_A_first_seed3003__model-HuggingFaceTB--SmolLM2-1.7B,A_first,3003,post_phase1,test-0006
e8c14160,axis1_access_vs_provenance_value-conflict_orderexp_A_first_seed3003__model-HuggingFaceTB--SmolLM2-1.7B,A_first,3003,post_phase1,test-0007
c0c475e5,axis1_access_vs_provenance_value-conflict_orderexp_A_first_seed3003__model-HuggingFaceTB--SmolLM2-1.7B,A_first,3003,post_phase1,test-0008
7a38a490,axis1_access_vs_provenance_value-conflict_orderexp_A_first_seed3003__model-HuggingFaceTB--SmolLM2-1.7B,A_first,3003,post_phase1,test-0009
7b4e1bff,axis1_access_vs_provenance_value-conflict_orderexp_A_first_seed3003__model-HuggingFaceTB--SmolLM2-1.7B,A_first,3003,post_phase1,test-0010
6c528369,axis1_access_vs_provenance_value-conflict_orderexp_A_first_seed3003__model-HuggingFaceTB--SmolLM2-1.7B,A_first,3003,post_phase1,test-0011
e626bd1b,axis1_access_vs_provenance_value-conflict_orderexp_A_first_seed3003__model-HuggingFaceTB--SmolLM2-1.7B,A_first,3003,post_phase1,test-0012
8244430b,axis1_access_vs_provenance_value-conflict_orderexp_A_first_seed3003__model-HuggingFaceTB--SmolLM2-1.7B,A_first,3003,post_phase1,test-0013
04879d43,axis1_access_vs_provenance_value-conflict_orderexp_A_first_seed3003__model-HuggingFaceTB--SmolLM2-1.7B,A_first,3003,post_phase1,test-0014
f3b967ad,axis1_access_vs_provenance_value-conflict_orderexp_A_first_seed3003__model-HuggingFaceTB--SmolLM2-1.7B,A_first,3003,post_phase1,test-0015
ea4d2cd3,axis1_access_vs_provenance_value-conflict_orderexp_A_first_seed3003__model-HuggingFaceTB--SmolLM2-1.7B,A_first,3003,post_phase1,test-0016
4d431283,axis1_access_vs_provenance_value-conflict_orderexp_A_first_seed3003__model-HuggingFaceTB--SmolLM2-1.7B,A_first,3003,post_phase1,test-0017
ee646ace,axis1_access_vs_provenance_value-conflict_orderexp_A_first_seed3003__model-HuggingFaceTB--SmolLM2-1.7B,A_first,3003,post_phase1,test-0018
da276ce9,axis1_access_vs_provenance_value-conflict_orderexp_A_first_seed3003__model-HuggingFaceTB--SmolLM2-1.7B,A_first,3003,post_phase1,test-0019
9e10f2ea,axis1_access_vs_provenance_value-conflict_orderexp_A_first_seed3003__model-HuggingFaceTB--SmolLM2-1.7B,A_first,3003,post_phase1,test-0020
0b95d919,axis1_access_vs_provenance_value-conflict_orderexp_A_first_seed3003__model-HuggingFaceTB--SmolLM2-1.7B,A_first,3003,post_phase1,test-0021
e702f534,axis1_access_vs_provenance_value-conflict_orderexp_A_first_seed3003__model-HuggingFaceTB--SmolLM2-1.7B,A_first,3003,post_phase1,test-0022
e3de6c4e,axis1_access_vs_provenance_value-conflict_orderexp_A_first_seed3003__model-HuggingFaceTB--SmolLM2-1.7B,A_first,3003,post_phase1,test-0023
0b483074,axis1_access_vs_provenance_value-conflict_orderexp_A_first_seed3003__model-HuggingFaceTB--SmolLM2-1.7B,A_first,3003,post_phase1,test-0024
2ce58cae,axis1_access_vs_provenance_value-conflict_orderexp_A_first_seed3003__model-HuggingFaceTB--SmolLM2-1.7B,A_first,3003,pre_washout,test-0001
50e2ccab,axis1_access_vs_provenance_value-conflict_orderexp_A_first_seed3003__model-HuggingFaceTB--SmolLM2-1.7B,A_first,3003,pre_washout,test-0002
8d06180f,axis1_access_vs_provenance_value-conflict_orderexp_A_first_seed3003__model-HuggingFaceTB--SmolLM2-1.7B,A_first,3003,pre_washout,test-0003
d61d6529,axis1_access_vs_provenance_value-conflict_orderexp_A_first_seed3003__model-HuggingFaceTB--SmolLM2-1.7B,A_first,3003,pre_washout,test-0004
82f7a910,axis1_access_vs_provenance_value-conflict_orderexp_A_first_seed3003__model-HuggingFaceTB--SmolLM2-1.7B,A_first,3003,pre_washout,test-0005
31350947,axis1_access_vs_provenance_value-conflict_orderexp_A_first_seed3003__model-HuggingFaceTB--SmolLM2-1.7B,A_first,3003,pre_washout,test-0006
524a9f6a,axis1_access_vs_provenance_value-conflict_orderexp_A_first_seed3003__model-HuggingFaceTB--SmolLM2-1.7B,A_first,3003,pre_washout,test-0007
9380b3e7,axis1_access_vs_provenance_value-conflict_orderexp_A_first_seed3003__model-HuggingFaceTB--SmolLM2-1.7B,A_first,3003,pre_washout,test-0008
116b7e27,axis1_access_vs_provenance_value-conflict_orderexp_A_first_seed3003__model-HuggingFaceTB--SmolLM2-1.7B,A_first,3003,pre_washout,test-0009
d01d7c5b,axis1_access_vs_provenance_value-conflict_orderexp_A_first_seed3003__model-HuggingFaceTB--SmolLM2-1.7B,A_first,3003,pre_washout,test-0010
6ed706a2,axis1_access_vs_provenance_value-conflict_orderexp_A_first_seed3003__model-HuggingFaceTB--SmolLM2-1.7B,A_first,3003,pre_washout,test-0011
1a26525c,axis1_access_vs_provenance_value-conflict_orderexp_A_first_seed3003__model-HuggingFaceTB--SmolLM2-1.7B,A_first,3003,pre_washout,test-0012
45df3261,axis1_access_vs_provenance_value-conflict_orderexp_A_first_seed3003__model-HuggingFaceTB--SmolLM2-1.7B,A_first,3003,pre_washout,test-0013
1d141617,axis1_access_vs_provenance_value-conflict_orderexp_A_first_seed3003__model-HuggingFaceTB--SmolLM2-1.7B,A_first,3003,pre_washout,test-0014
28c8cf61,axis1_access_vs_provenance_value-conflict_orderexp_A_first_seed3003__model-HuggingFaceTB--SmolLM2-1.7B,A_first,3003,pre_washout,test-0015
7b6c0ed4,axis1_access_vs_provenance_value-conflict_orderexp_A_first_seed3003__model-HuggingFaceTB--SmolLM2-1.7B,A_first,3003,pre_washout,test-0016
7e4449c4,axis1_access_vs_provenance_value-conflict_orderexp_A_first_seed3003__model-HuggingFaceTB--SmolLM2-1.7B,A_first,3003,pre_washout,test-0017
61a4599d,axis1_access_vs_provenance_value-conflict_orderexp_A_first_seed3003__model-HuggingFaceTB--SmolLM2-1.7B,A_first,3003,pre_washout,test-0018
12e95eec,axis1_access_vs_provenance_value-conflict_orderexp_A_first_seed3003__model-HuggingFaceTB--SmolLM2-1.7B,A_first,3003,pre_washout,test-0019
25df2408,axis1_access_vs_provenance_value-conflict_orderexp_A_first_seed3003__model-HuggingFaceTB--SmolLM2-1.7B,A_first,3003,pre_washout,test-0020
bb781ea3,axis1_access_vs_provenance_value-conflict_orderexp_A_first_seed3003__model-HuggingFaceTB--SmolLM2-1.7B,A_first,3003,pre_washout,test-0021
61b73176,axis1_access_vs_provenance_value-conflict_orderexp_A_first_seed3003__model-HuggingFaceTB--SmolLM2-1.7B,A_first,3003,pre_washout,test-0022
10c57c93,axis1_access_vs_provenance_value-conflict_orderexp_A_first_seed3003__model-HuggingFaceTB--SmolLM2-1.7B,A_first,3003,pre_washout,test-0023
1dd09a6d,axis1_access_vs_provenance_value-conflict_orderexp_A_first_seed3003__model-HuggingFaceTB--SmolLM2-1.7B,A_first,3003,pre_washout,test-0024
61f5bb34,axis1_access_vs_provenance_value-conflict_orderexp_A_first_seed3003__model-HuggingFaceTB--SmolLM2-1.7B,A_first,3003,post_washout,test-0001
d14b2b21,axis1_access_vs_provenance_value-conflict_orderexp_A_first_seed3003__model-HuggingFaceTB--SmolLM2-1.7B,A_first,3003,post_washout,test-0002
00a8caa4,axis1_access_vs_provenance_value-conflict_orderexp_A_first_seed3003__model-HuggingFaceTB--SmolLM2-1.7B,A_first,3003,post_washout,test-0003
d7bbac65,axis1_access_vs_provenance_value-conflict_orderexp_A_first_seed3003__model-HuggingFaceTB--SmolLM2-1.7B,A_first,3003,post_washout,test-0004
66679e18,axis1_access_vs_provenance_value-conflict_orderexp_A_first_seed3003__model-HuggingFaceTB--SmolLM2-1.7B,A_first,3003,post_washout,test-0005
391634b7,axis1_access_vs_provenance_value-conflict_orderexp_A_first_seed3003__model-HuggingFaceTB--SmolLM2-1.7B,A_first,3003,post_washout,test-0006
f7534bf9,axis1_access_vs_provenance_value-conflict_orderexp_A_first_seed3003__model-HuggingFaceTB--SmolLM2-1.7B,A_first,3003,post_washout,test-0007
8091ec41,axis1_access_vs_provenance_value-conflict_orderexp_A_first_seed3003__model-HuggingFaceTB--SmolLM2-1.7B,A_first,3003,post_washout,test-0008
2d0f8bd8,axis1_access_vs_provenance_value-conflict_orderexp_A_first_seed3003__model-HuggingFaceTB--SmolLM2-1.7B,A_first,3003,post_washout,test-0009
f4131f60,axis1_access_vs_provenance_value-conflict_orderexp_A_first_seed3003__model-HuggingFaceTB--SmolLM2-1.7B,A_first,3003,post_washout,test-0010
d09de515,axis1_access_vs_provenance_value-conflict_orderexp_A_first_seed3003__model-HuggingFaceTB--SmolLM2-1.7B,A_first,3003,post_washout,test-0011
83bd2fc2,axis1_access_vs_provenance_value-conflict_orderexp_A_first_seed3003__model-HuggingFaceTB--SmolLM2-1.7B,A_first,3003,post_washout,test-0012
caef8a5a,axis1_access_vs_provenance_value-conflict_orderexp_A_first_seed3003__model-HuggingFaceTB--SmolLM2-1.7B,A_first,3003,post_washout,test-0013
367ebfb2,axis1_access_vs_provenance_value-conflict_orderexp_A_first_seed3003__model-HuggingFaceTB--SmolLM2-1.7B,A_first,3003,post_washout,test-0014
62730fcf,axis1_access_vs_provenance_value-conflict_orderexp_A_first_seed3003__model-HuggingFaceTB--SmolLM2-1.7B,A_first,3003,post_washout,test-0015
0b6b43ad,axis1_access_vs_provenance_value-conflict_orderexp_A_first_seed3003__model-HuggingFaceTB--SmolLM2-1.7B,A_first,3003,post_washout,test-0016
f7723f93,axis1_access_vs_provenance_value-conflict_orderexp_A_first_seed3003__model-HuggingFaceTB--SmolLM2-1.7B,A_first,3003,post_washout,test-0017
e717a161,axis1_access_vs_provenance_value-conflict_orderexp_A_first_seed3003__model-HuggingFaceTB--SmolLM2-1.7B,A_first,3003,post_washout,test-0018
5d228e82,axis1_access_vs_provenance_value-conflict_orderexp_A_first_seed3003__model-HuggingFaceTB--SmolLM2-1.7B,A_first,3003,post_washout,test-0019
433f94e4,axis1_access_vs_provenance_value-conflict_orderexp_A_first_seed3003__model-HuggingFaceTB--SmolLM2-1.7B,A_first,3003,post_washout,test-0020
cb3b3647,axis1_access_vs_provenance_value-conflict_orderexp_A_first_seed3003__model-HuggingFaceTB--SmolLM2-1.7B,A_first,3003,post_washout,test-0021
e078599e,axis1_access_vs_provenance_value-conflict_orderexp_A_first_seed3003__model-HuggingFaceTB--SmolLM2-1.7B,A_first,3003,post_washout,test-0022
18ba91e9,axis1_access_vs_provenance_value-conflict_orderexp_A_first_seed3003__model-HuggingFaceTB--SmolLM2-1.7B,A_first,3003,post_washout,test-0023
314d7afb,axis1_access_vs_provenance_value-conflict_orderexp_A_first_seed3003__model-HuggingFaceTB--SmolLM2-1.7B,A_first,3003,post_washout,test-0024
e4e226f6,axis1_access_vs_provenance_value-conflict_orderexp_B_first_seed3003__model-HuggingFaceTB--SmolLM2-1.7B,B_first,3003,post_phase1,test-0001
1857730b,axis1_access_vs_provenance_value-conflict_orderexp_B_first_seed3003__model-HuggingFaceTB--SmolLM2-1.7B,B_first,3003,post_phase1,test-0002
f1a49360,axis1_access_vs_provenance_value-conflict_orderexp_B_first_seed3003__model-HuggingFaceTB--SmolLM2-1.7B,B_first,3003,post_phase1,test-0003
50096645,axis1_access_vs_provenance_value-conflict_orderexp_B_first_seed3003__model-HuggingFaceTB--SmolLM2-1.7B,B_first,3003,post_phase1,test-0004
b5a8995d,axis1_access_vs_provenance_value-conflict_orderexp_B_first_seed3003__model-HuggingFaceTB--SmolLM2-1.7B,B_first,3003,post_phase1,test-0005
e31ca70f,axis1_access_vs_provenance_value-conflict_orderexp_B_first_seed3003__model-HuggingFaceTB--SmolLM2-1.7B,B_first,3003,post_phase1,test-0006
29675ed6,axis1_access_vs_provenance_value-conflict_orderexp_B_first_seed3003__model-HuggingFaceTB--SmolLM2-1.7B,B_first,3003,post_phase1,test-0007
a470225e,axis1_access_vs_provenance_value-conflict_orderexp_B_first_seed3003__model-HuggingFaceTB--SmolLM2-1.7B,B_first,3003,post_phase1,test-0008
e4d6106f,axis1_access_vs_provenance_value-conflict_orderexp_B_first_seed3003__model-HuggingFaceTB--SmolLM2-1.7B,B_first,3003,post_phase1,test-0009
51dc01e8,axis1_access_vs_provenance_value-conflict_orderexp_B_first_seed3003__model-HuggingFaceTB--SmolLM2-1.7B,B_first,3003,post_phase1,test-0010
83cbe7bc,axis1_access_vs_provenance_value-conflict_orderexp_B_first_seed3003__model-HuggingFaceTB--SmolLM2-1.7B,B_first,3003,post_phase1,test-0011
f6df228f,axis1_access_vs_provenance_value-conflict_orderexp_B_first_seed3003__model-HuggingFaceTB--SmolLM2-1.7B,B_first,3003,post_phase1,test-0012
2729614a,axis1_access_vs_provenance_value-conflict_orderexp_B_first_seed3003__model-HuggingFaceTB--SmolLM2-1.7B,B_first,3003,post_phase1,test-0013
ea33d680,axis1_access_vs_provenance_value-conflict_orderexp_B_first_seed3003__model-HuggingFaceTB--SmolLM2-1.7B,B_first,3003,post_phase1,test-0014
64804125,axis1_access_vs_provenance_value-conflict_orderexp_B_first_seed3003__model-HuggingFaceTB--SmolLM2-1.7B,B_first,3003,post_phase1,test-0015
8db5d0ae,axis1_access_vs_provenance_value-conflict_orderexp_B_first_seed3003__model-HuggingFaceTB--SmolLM2-1.7B,B_first,3003,post_phase1,test-0016
8484a96c,axis1_access_vs_provenance_value-conflict_orderexp_B_first_seed3003__model-HuggingFaceTB--SmolLM2-1.7B,B_first,3003,post_phase1,test-0017
6740afd2,axis1_access_vs_provenance_value-conflict_orderexp_B_first_seed3003__model-HuggingFaceTB--SmolLM2-1.7B,B_first,3003,post_phase1,test-0018
f58ce80d,axis1_access_vs_provenance_value-conflict_orderexp_B_first_seed3003__model-HuggingFaceTB--SmolLM2-1.7B,B_first,3003,post_phase1,test-0019
5ca848d3,axis1_access_vs_provenance_value-conflict_orderexp_B_first_seed3003__model-HuggingFaceTB--SmolLM2-1.7B,B_first,3003,post_phase1,test-0020
b7653367,axis1_access_vs_provenance_value-conflict_orderexp_B_first_seed3003__model-HuggingFaceTB--SmolLM2-1.7B,B_first,3003,post_phase1,test-0021
d8f6de1f,axis1_access_vs_provenance_value-conflict_orderexp_B_first_seed3003__model-HuggingFaceTB--SmolLM2-1.7B,B_first,3003,post_phase1,test-0022
329a0ece,axis1_access_vs_provenance_value-conflict_orderexp_B_first_seed3003__model-HuggingFaceTB--SmolLM2-1.7B,B_first,3003,post_phase1,test-0023
20c7c3fe,axis1_access_vs_provenance_value-conflict_orderexp_B_first_seed3003__model-HuggingFaceTB--SmolLM2-1.7B,B_first,3003,post_phase1,test-0024
9574d40b,axis1_access_vs_provenance_value-conflict_orderexp_B_first_seed3003__model-HuggingFaceTB--SmolLM2-1.7B,B_first,3003,pre_washout,test-0001
5f2c1da7,axis1_access_vs_provenance_value-conflict_orderexp_B_first_seed3003__model-HuggingFaceTB--SmolLM2-1.7B,B_first,3003,pre_washout,test-0002
62ef6bfa,axis1_access_vs_provenance_value-conflict_orderexp_B_first_seed3003__model-HuggingFaceTB--SmolLM2-1.7B,B_first,3003,pre_washout,test-0003
99cf54a6,axis1_access_vs_provenance_value-conflict_orderexp_B_first_seed3003__model-HuggingFaceTB--SmolLM2-1.7B,B_first,3003,pre_washout,test-0004
a714553f,axis1_access_vs_provenance_value-conflict_orderexp_B_first_seed3003__model-HuggingFaceTB--SmolLM2-1.7B,B_first,3003,pre_washout,test-0005
eef65d2e,axis1_access_vs_provenance_value-conflict_orderexp_B_first_seed3003__model-HuggingFaceTB--SmolLM2-1.7B,B_first,3003,pre_washout,test-0006
6e4f63af,axis1_access_vs_provenance_value-conflict_orderexp_B_first_seed3003__model-HuggingFaceTB--SmolLM2-1.7B,B_first,3003,pre_washout,test-0007
6e15831d,axis1_access_vs_provenance_value-conflict_orderexp_B_first_seed3003__model-HuggingFaceTB--SmolLM2-1.7B,B_first,3003,pre_washout,test-0008
09ad71b3,axis1_access_vs_provenance_value-conflict_orderexp_B_first_seed3003__model-HuggingFaceTB--SmolLM2-1.7B,B_first,3003,pre_washout,test-0009
14365fad,axis1_access_vs_provenance_value-conflict_orderexp_B_first_seed3003__model-HuggingFaceTB--SmolLM2-1.7B,B_first,3003,pre_washout,test-0010
c66367d5,axis1_access_vs_provenance_value-conflict_orderexp_B_first_seed3003__model-HuggingFaceTB--SmolLM2-1.7B,B_first,3003,pre_washout,test-0011
b4053d7e,axis1_access_vs_provenance_value-conflict_orderexp_B_first_seed3003__model-HuggingFaceTB--SmolLM2-1.7B,B_first,3003,pre_washout,test-0012
2e59ec61,axis1_access_vs_provenance_value-conflict_orderexp_B_first_seed3003__model-HuggingFaceTB--SmolLM2-1.7B,B_first,3003,pre_washout,test-0013
300d4d78,axis1_access_vs_provenance_value-conflict_orderexp_B_first_seed3003__model-HuggingFaceTB--SmolLM2-1.7B,B_first,3003,pre_washout,test-0014
5747f0e5,axis1_access_vs_provenance_value-conflict_orderexp_B_first_seed3003__model-HuggingFaceTB--SmolLM2-1.7B,B_first,3003,pre_washout,test-0015
7faa08dd,axis1_access_vs_provenance_value-conflict_orderexp_B_first_seed3003__model-HuggingFaceTB--SmolLM2-1.7B,B_first,3003,pre_washout,test-0016
4e5424c0,axis1_access_vs_provenance_value-conflict_orderexp_B_first_seed3003__model-HuggingFaceTB--SmolLM2-1.7B,B_first,3003,pre_washout,test-0017
b1b33477,axis1_access_vs_provenance_value-conflict_orderexp_B_first_seed3003__model-HuggingFaceTB--SmolLM2-1.7B,B_first,3003,pre_washout,test-0018
26d65654,axis1_access_vs_provenance_value-conflict_orderexp_B_first_seed3003__model-HuggingFaceTB--SmolLM2-1.7B,B_first,3003,pre_washout,test-0019
d16c8aab,axis1_access_vs_provenance_value-conflict_orderexp_B_first_seed3003__model-HuggingFaceTB--SmolLM2-1.7B,B_first,3003,pre_washout,test-0020
2078f20d,axis1_access_vs_provenance_value-conflict_orderexp_B_first_seed3003__model-HuggingFaceTB--SmolLM2-1.7B,B_first,3003,pre_washout,test-0021
a85b565b,axis1_access_vs_provenance_value-conflict_orderexp_B_first_seed3003__model-HuggingFaceTB--SmolLM2-1.7B,B_first,3003,pre_washout,test-0022
9a8644ac,axis1_access_vs_provenance_value-conflict_orderexp_B_first_seed3003__model-HuggingFaceTB--SmolLM2-1.7B,B_first,3003,pre_washout,test-0023
9907a6f4,axis1_access_vs_provenance_value-conflict_orderexp_B_first_seed3003__model-HuggingFaceTB--SmolLM2-1.7B,B_first,3003,pre_washout,test-0024
9193a1f2,axis1_access_vs_provenance_value-conflict_orderexp_B_first_seed3003__model-HuggingFaceTB--SmolLM2-1.7B,B_first,3003,post_washout,test-0001
f2498ab7,axis1_access_vs_provenance_value-conflict_orderexp_B_first_seed3003__model-HuggingFaceTB--SmolLM2-1.7B,B_first,3003,post_washout,test-0002
591c95a2,axis1_access_vs_provenance_value-conflict_orderexp_B_first_seed3003__model-HuggingFaceTB--SmolLM2-1.7B,B_first,3003,post_washout,test-0003
d73393d5,axis1_access_vs_provenance_value-conflict_orderexp_B_first_seed3003__model-HuggingFaceTB--SmolLM2-1.7B,B_first,3003,post_washout,test-0004
68c50cae,axis1_access_vs_provenance_value-conflict_orderexp_B_first_seed3003__model-HuggingFaceTB--SmolLM2-1.7B,B_first,3003,post_washout,test-0005
faf1646c,axis1_access_vs_provenance_value-conflict_orderexp_B_first_seed3003__model-HuggingFaceTB--SmolLM2-1.7B,B_first,3003,post_washout,test-0006
4480b95f,axis1_access_vs_provenance_value-conflict_orderexp_B_first_seed3003__model-HuggingFaceTB--SmolLM2-1.7B,B_first,3003,post_washout,test-0007
0b31f001,axis1_access_vs_provenance_value-conflict_orderexp_B_first_seed3003__model-HuggingFaceTB--SmolLM2-1.7B,B_first,3003,post_washout,test-0008
0fd90de4,axis1_access_vs_provenance_value-conflict_orderexp_B_first_seed3003__model-HuggingFaceTB--SmolLM2-1.7B,B_first,3003,post_washout,test-0009
b858146b,axis1_access_vs_provenance_value-conflict_orderexp_B_first_seed3003__model-HuggingFaceTB--SmolLM2-1.7B,B_first,3003,post_washout,test-0010
02efd998,axis1_access_vs_provenance_value-conflict_orderexp_B_first_seed3003__model-HuggingFaceTB--SmolLM2-1.7B,B_first,3003,post_washout,test-0011
3f59bddf,axis1_access_vs_provenance_value-conflict_orderexp_B_first_seed3003__model-HuggingFaceTB--SmolLM2-1.7B,B_first,3003,post_washout,test-0012
c3f3dff0,axis1_access_vs_provenance_value-conflict_orderexp_B_first_seed3003__model-HuggingFaceTB--SmolLM2-1.7B,B_first,3003,post_washout,test-0013
ef06b948,axis1_access_vs_provenance_value-conflict_orderexp_B_first_seed3003__model-HuggingFaceTB--SmolLM2-1.7B,B_first,3003,post_washout,test-0014
1e5359a5,axis1_access_vs_provenance_value-conflict_orderexp_B_first_seed3003__model-HuggingFaceTB--SmolLM2-1.7B,B_first,3003,post_washout,test-0015
d7fddf5f,axis1_access_vs_provenance_value-conflict_orderexp_B_first_seed3003__model-HuggingFaceTB--SmolLM2-1.7B,B_first,3003,post_washout,test-0016
715fb15e,axis1_access_vs_provenance_value-conflict_orderexp_B_first_seed3003__model-HuggingFaceTB--SmolLM2-1.7B,B_first,3003,post_washout,test-0017
37fe451d,axis1_access_vs_provenance_value-conflict_orderexp_B_first_seed3003__model-HuggingFaceTB--SmolLM2-1.7B,B_first,3003,post_washout,test-0018
fb37426c,axis1_access_vs_provenance_value-conflict_orderexp_B_first_seed3003__model-HuggingFaceTB--SmolLM2-1.7B,B_first,3003,post_washout,test-0019
d3850408,axis1_access_vs_provenance_value-conflict_orderexp_B_first_seed3003__model-HuggingFaceTB--SmolLM2-1.7B,B_first,3003,post_washout,test-0020
5a0cafe5,axis1_access_vs_provenance_value-conflict_orderexp_B_first_seed3003__model-HuggingFaceTB--SmolLM2-1.7B,B_first,3003,post_washout,test-0021
b3684f8c,axis1_access_vs_provenance_value-conflict_orderexp_B_first_seed3003__model-HuggingFaceTB--SmolLM2-1.7B,B_first,3003,post_washout,test-0022
058cbb59,axis1_access_vs_provenance_value-conflict_orderexp_B_first_seed3003__model-HuggingFaceTB--SmolLM2-1.7B,B_first,3003,post_washout,test-0023
25f3c006,axis1_access_vs_provenance_value-conflict_orderexp_B_first_seed3003__model-HuggingFaceTB--SmolLM2-1.7B,B_first,3003,post_washout,test-0024
e1288943,axis1_access_vs_provenance_value-conflict_orderexp_interleaved_seed3003__model-HuggingFaceTB--SmolLM2-1.7B,interleaved,3003,pre_washout,test-0001
c5ee39ce,axis1_access_vs_provenance_value-conflict_orderexp_interleaved_seed3003__model-HuggingFaceTB--SmolLM2-1.7B,interleaved,3003,pre_washout,test-0002
ddc22458,axis1_access_vs_provenance_value-conflict_orderexp_interleaved_seed3003__model-HuggingFaceTB--SmolLM2-1.7B,interleaved,3003,pre_washout,test-0003
f1dbd289,axis1_access_vs_provenance_value-conflict_orderexp_interleaved_seed3003__model-HuggingFaceTB--SmolLM2-1.7B,interleaved,3003,pre_washout,test-0004
b3e2ff8d,axis1_access_vs_provenance_value-conflict_orderexp_interleaved_seed3003__model-HuggingFaceTB--SmolLM2-1.7B,interleaved,3003,pre_washout,test-0005
be97ae3f,axis1_access_vs_provenance_value-conflict_orderexp_interleaved_seed3003__model-HuggingFaceTB--SmolLM2-1.7B,interleaved,3003,pre_washout,test-0006
9b8f68b2,axis1_access_vs_provenance_value-conflict_orderexp_interleaved_seed3003__model-HuggingFaceTB--SmolLM2-1.7B,interleaved,3003,pre_washout,test-0007
ea26c82d,axis1_access_vs_provenance_value-conflict_orderexp_interleaved_seed3003__model-HuggingFaceTB--SmolLM2-1.7B,interleaved,3003,pre_washout,test-0008
4880daa9,axis1_access_vs_provenance_value-conflict_orderexp_interleaved_seed3003__model-HuggingFaceTB--SmolLM2-1.7B,interleaved,3003,pre_washout,test-0009
6180201f,axis1_access_vs_provenance_value-conflict_orderexp_interleaved_seed3003__model-HuggingFaceTB--SmolLM2-1.7B,interleaved,3003,pre_washout,test-0010
00a58be3,axis1_access_vs_provenance_value-conflict_orderexp_interleaved_seed3003__model-HuggingFaceTB--SmolLM2-1.7B,interleaved,3003,pre_washout,test-0011
4241b4b9,axis1_access_vs_provenance_value-conflict_orderexp_interleaved_seed3003__model-HuggingFaceTB--SmolLM2-1.7B,interleaved,3003,pre_washout,test-0012
b3c86117,axis1_access_vs_provenance_value-conflict_orderexp_interleaved_seed3003__model-HuggingFaceTB--SmolLM2-1.7B,interleaved,3003,pre_washout,test-0013
5a81aef9,axis1_access_vs_provenance_value-conflict_orderexp_interleaved_seed3003__model-HuggingFaceTB--SmolLM2-1.7B,interleaved,3003,pre_washout,test-0014
a205a6c1,axis1_access_vs_provenance_value-conflict_orderexp_interleaved_seed3003__model-HuggingFaceTB--SmolLM2-1.7B,interleaved,3003,pre_washout,test-0015
fef51285,axis1_access_vs_provenance_value-conflict_orderexp_interleaved_seed3003__model-HuggingFaceTB--SmolLM2-1.7B,interleaved,3003,pre_washout,test-0016
2c0cf8fb,axis1_access_vs_provenance_value-conflict_orderexp_interleaved_seed3003__model-HuggingFaceTB--SmolLM2-1.7B,interleaved,3003,pre_washout,test-0017
f6e3cb13,axis1_access_vs_provenance_value-conflict_orderexp_interleaved_seed3003__model-HuggingFaceTB--SmolLM2-1.7B,interleaved,3003,pre_washout,test-0018
6c447b6b,axis1_access_vs_provenance_value-conflict_orderexp_interleaved_seed3003__model-HuggingFaceTB--SmolLM2-1.7B,interleaved,3003,pre_washout,test-0019
e61bd0e1,axis1_access_vs_provenance_value-conflict_orderexp_interleaved_seed3003__model-HuggingFaceTB--SmolLM2-1.7B,interleaved,3003,pre_washout,test-0020
83c82d7a,axis1_access_vs_provenance_value-conflict_orderexp_interleaved_seed3003__model-HuggingFaceTB--SmolLM2-1.7B,interleaved,3003,pre_washout,test-0021
e93a4060,axis1_access_vs_provenance_value-conflict_orderexp_interleaved_seed3003__model-HuggingFaceTB--SmolLM2-1.7B,interleaved,3003,pre_washout,test-0022
f405bf8b,axis1_access_vs_provenance_value-conflict_orderexp_interleaved_seed3003__model-HuggingFaceTB--SmolLM2-1.7B,interleaved,3003,pre_washout,test-0023
0a3cf9f3,axis1_access_vs_provenance_value-conflict_orderexp_interleaved_seed3003__model-HuggingFaceTB--SmolLM2-1.7B,interleaved,3003,pre_washout,test-0024
d17cac05,axis1_access_vs_provenance_value-conflict_orderexp_interleaved_seed3003__model-HuggingFaceTB--SmolLM2-1.7B,interleaved,3003,post_washout,test-0001
51a51723,axis1_access_vs_provenance_value-conflict_orderexp_interleaved_seed3003__model-HuggingFaceTB--SmolLM2-1.7B,interleaved,3003,post_washout,test-0002
e45d1989,axis1_access_vs_provenance_value-conflict_orderexp_interleaved_seed3003__model-HuggingFaceTB--SmolLM2-1.7B,interleaved,3003,post_washout,test-0003
5692db3e,axis1_access_vs_provenance_value-conflict_orderexp_interleaved_seed3003__model-HuggingFaceTB--SmolLM2-1.7B,interleaved,3003,post_washout,test-0004
aea2a735,axis1_access_vs_provenance_value-conflict_orderexp_interleaved_seed3003__model-HuggingFaceTB--SmolLM2-1.7B,interleaved,3003,post_washout,test-0005
f34f8f51,axis1_access_vs_provenance_value-conflict_orderexp_interleaved_seed3003__model-HuggingFaceTB--SmolLM2-1.7B,interleaved,3003,post_washout,test-0006
a09a1ccc,axis1_access_vs_provenance_value-conflict_orderexp_interleaved_seed3003__model-HuggingFaceTB--SmolLM2-1.7B,interleaved,3003,post_washout,test-0007
80211669,axis1_access_vs_provenance_value-conflict_orderexp_interleaved_seed3003__model-HuggingFaceTB--SmolLM2-1.7B,interleaved,3003,post_washout,test-0008
c427f29e,axis1_access_vs_provenance_value-conflict_orderexp_interleaved_seed3003__model-HuggingFaceTB--SmolLM2-1.7B,interleaved,3003,post_washout,test-0009
c67266ad,axis1_access_vs_provenance_value-conflict_orderexp_interleaved_seed3003__model-HuggingFaceTB--SmolLM2-1.7B,interleaved,3003,post_washout,test-0010
62cba167,axis1_access_vs_provenance_value-conflict_orderexp_interleaved_seed3003__model-HuggingFaceTB--SmolLM2-1.7B,interleaved,3003,post_washout,test-0011
317c6d6b,axis1_access_vs_provenance_value-conflict_orderexp_interleaved_seed3003__model-HuggingFaceTB--SmolLM2-1.7B,interleaved,3003,post_washout,test-0012
82d0ea3e,axis1_access_vs_provenance_value-conflict_orderexp_interleaved_seed3003__model-HuggingFaceTB--SmolLM2-1.7B,interleaved,3003,post_washout,test-0013
4edd6f51,axis1_access_vs_provenance_value-conflict_orderexp_interleaved_seed3003__model-HuggingFaceTB--SmolLM2-1.7B,interleaved,3003,post_washout,test-0014
b351a115,axis1_access_vs_provenance_value-conflict_orderexp_interleaved_seed3003__model-HuggingFaceTB--SmolLM2-1.7B,interleaved,3003,post_washout,test-0015
5a31a9bb,axis1_access_vs_provenance_value-conflict_orderexp_interleaved_seed3003__model-HuggingFaceTB--SmolLM2-1.7B,interleaved,3003,post_washout,test-0016
b648bf26,axis1_access_vs_provenance_value-conflict_orderexp_interleaved_seed3003__model-HuggingFaceTB--SmolLM2-1.7B,interleaved,3003,post_washout,test-0017
42ca0635,axis1_access_vs_provenance_value-conflict_orderexp_interleaved_seed3003__model-HuggingFaceTB--SmolLM2-1.7B,interleaved,3003,post_washout,test-0018
eacfde51,axis1_access_vs_provenance_value-conflict_orderexp_interleaved_seed3003__model-HuggingFaceTB--SmolLM2-1.7B,interleaved,3003,post_washout,test-0019
030427e7,axis1_access_vs_provenance_value-conflict_orderexp_interleaved_seed3003__model-HuggingFaceTB--SmolLM2-1.7B,interleaved,3003,post_washout,test-0020
daab3d9a,axis1_access_vs_provenance_value-conflict_orderexp_interleaved_seed3003__model-HuggingFaceTB--SmolLM2-1.7B,interleaved,3003,post_washout,test-0021
7569bc07,axis1_access_vs_provenance_value-conflict_orderexp_interleaved_seed3003__model-HuggingFaceTB--SmolLM2-1.7B,interleaved,3003,post_washout,test-0022
2fa2d997,axis1_access_vs_provenance_value-conflict_orderexp_interleaved_seed3003__model-HuggingFaceTB--SmolLM2-1.7B,interleaved,3003,post_washout,test-0023
8b2bb350,axis1_access_vs_provenance_value-conflict_orderexp_interleaved_seed3003__model-HuggingFaceTB--SmolLM2-1.7B,interleaved,3003,post_washout,test-0024
cc29590c,axis1_access_vs_provenance_value-conflict_orderexp_A_first_seed3004__model-HuggingFaceTB--SmolLM2-1.7B,A_first,3004,post_phase1,test-0001
691dd8c9,axis1_access_vs_provenance_value-conflict_orderexp_A_first_seed3004__model-HuggingFaceTB--SmolLM2-1.7B,A_first,3004,post_phase1,test-0002
5cb524a0,axis1_access_vs_provenance_value-conflict_orderexp_A_first_seed3004__model-HuggingFaceTB--SmolLM2-1.7B,A_first,3004,post_phase1,test-0003
4d2c83d6,axis1_access_vs_provenance_value-conflict_orderexp_A_first_seed3004__model-HuggingFaceTB--SmolLM2-1.7B,A_first,3004,post_phase1,test-0004
ba7110c9,axis1_access_vs_provenance_value-conflict_orderexp_A_first_seed3004__model-HuggingFaceTB--SmolLM2-1.7B,A_first,3004,post_phase1,test-0005
61f98c0c,axis1_access_vs_provenance_value-conflict_orderexp_A_first_seed3004__model-HuggingFaceTB--SmolLM2-1.7B,A_first,3004,post_phase1,test-0006
bbaa6b2d,axis1_access_vs_provenance_value-conflict_orderexp_A_first_seed3004__model-HuggingFaceTB--SmolLM2-1.7B,A_first,3004,post_phase1,test-0007
1903c7f8,axis1_access_vs_provenance_value-conflict_orderexp_A_first_seed3004__model-HuggingFaceTB--SmolLM2-1.7B,A_first,3004,post_phase1,test-0008
38a727c1,axis1_access_vs_provenance_value-conflict_orderexp_A_first_seed3004__model-HuggingFaceTB--SmolLM2-1.7B,A_first,3004,post_phase1,test-0009
12fa903c,axis1_access_vs_provenance_value-conflict_orderexp_A_first_seed3004__model-HuggingFaceTB--SmolLM2-1.7B,A_first,3004,post_phase1,test-0010
789faf40,axis1_access_vs_provenance_value-conflict_orderexp_A_first_seed3004__model-HuggingFaceTB--SmolLM2-1.7B,A_first,3004,post_phase1,test-0011
e97bfe75,axis1_access_vs_provenance_value-conflict_orderexp_A_first_seed3004__model-HuggingFaceTB--SmolLM2-1.7B,A_first,3004,post_phase1,test-0012
eb0617f0,axis1_access_vs_provenance_value-conflict_orderexp_A_first_seed3004__model-HuggingFaceTB--SmolLM2-1.7B,A_first,3004,post_phase1,test-0013
4b401efc,axis1_access_vs_provenance_value-conflict_orderexp_A_first_seed3004__model-HuggingFaceTB--SmolLM2-1.7B,A_first,3004,post_phase1,test-0014
96a1bb69,axis1_access_vs_provenance_value-conflict_orderexp_A_first_seed3004__model-HuggingFaceTB--SmolLM2-1.7B,A_first,3004,post_phase1,test-0015
e6949ef4,axis1_access_vs_provenance_value-conflict_orderexp_A_first_seed3004__model-HuggingFaceTB--SmolLM2-1.7B,A_first,3004,post_phase1,test-0016
258a0566,axis1_access_vs_provenance_value-conflict_orderexp_A_first_seed3004__model-HuggingFaceTB--SmolLM2-1.7B,A_first,3004,post_phase1,test-0017
de691dc0,axis1_access_vs_provenance_value-conflict_orderexp_A_first_seed3004__model-HuggingFaceTB--SmolLM2-1.7B,A_first,3004,post_phase1,test-0018
09b5fa4e,axis1_access_vs_provenance_value-conflict_orderexp_A_first_seed3004__model-HuggingFaceTB--SmolLM2-1.7B,A_first,3004,post_phase1,test-0019
e8923c10,axis1_access_vs_provenance_value-conflict_orderexp_A_first_seed3004__model-HuggingFaceTB--SmolLM2-1.7B,A_first,3004,post_phase1,test-0020
dcf029ba,axis1_access_vs_provenance_value-conflict_orderexp_A_first_seed3004__model-HuggingFaceTB--SmolLM2-1.7B,A_first,3004,post_phase1,test-0021
983950a8,axis1_access_vs_provenance_value-conflict_orderexp_A_first_seed3004__model-HuggingFaceTB--SmolLM2-1.7B,A_first,3004,post_phase1,test-0022
7c0af546,axis1_access_vs_provenance_value-conflict_orderexp_A_first_seed3004__model-HuggingFaceTB--SmolLM2-1.7B,A_first,3004,post_phase1,test-0023
fe04211b,axis1_access_vs_provenance_value-conflict_orderexp_A_first_seed3004__model-HuggingFaceTB--SmolLM2-1.7B,A_first,3004,post_phase1,test-0024
693144da,axis1_access_vs_provenance_value-conflict_orderexp_A_first_seed3004__model-HuggingFaceTB--SmolLM2-1.7B,A_first,3004,pre_washout,test-0001
3bbaa591,axis1_access_vs_provenance_value-conflict_orderexp_A_first_seed3004__model-HuggingFaceTB--SmolLM2-1.7B,A_first,3004,pre_washout,test-0002
c3de8b9f,axis1_access_vs_provenance_value-conflict_orderexp_A_first_seed3004__model-HuggingFaceTB--SmolLM2-1.7B,A_first,3004,pre_washout,test-0003
42f66078,axis1_access_vs_provenance_value-conflict_orderexp_A_first_seed3004__model-HuggingFaceTB--SmolLM2-1.7B,A_first,3004,pre_washout,test-0004
1b1e1225,axis1_access_vs_provenance_value-conflict_orderexp_A_first_seed3004__model-HuggingFaceTB--SmolLM2-1.7B,A_first,3004,pre_washout,test-0005
77332503,axis1_access_vs_provenance_value-conflict_orderexp_A_first_seed3004__model-HuggingFaceTB--SmolLM2-1.7B,A_first,3004,pre_washout,test-0006
28615727,axis1_access_vs_provenance_value-conflict_orderexp_A_first_seed3004__model-HuggingFaceTB--SmolLM2-1.7B,A_first,3004,pre_washout,test-0007
77e9f64b,axis1_access_vs_provenance_value-conflict_orderexp_A_first_seed3004__model-HuggingFaceTB--SmolLM2-1.7B,A_first,3004,pre_washout,test-0008
9d0044b9,axis1_access_vs_provenance_value-conflict_orderexp_A_first_seed3004__model-HuggingFaceTB--SmolLM2-1.7B,A_first,3004,pre_washout,test-0009
e55d26a6,axis1_access_vs_provenance_value-conflict_orderexp_A_first_seed3004__model-HuggingFaceTB--SmolLM2-1.7B,A_first,3004,pre_washout,test-0010
c6c1f1fd,axis1_access_vs_provenance_value-conflict_orderexp_A_first_seed3004__model-HuggingFaceTB--SmolLM2-1.7B,A_first,3004,pre_washout,test-0011
01d8ddcd,axis1_access_vs_provenance_value-conflict_orderexp_A_first_seed3004__model-HuggingFaceTB--SmolLM2-1.7B,A_first,3004,pre_washout,test-0012
c908f742,axis1_access_vs_provenance_value-conflict_orderexp_A_first_seed3004__model-HuggingFaceTB--SmolLM2-1.7B,A_first,3004,pre_washout,test-0013
994964a0,axis1_access_vs_provenance_value-conflict_orderexp_A_first_seed3004__model-HuggingFaceTB--SmolLM2-1.7B,A_first,3004,pre_washout,test-0014
0d85d701,axis1_access_vs_provenance_value-conflict_orderexp_A_first_seed3004__model-HuggingFaceTB--SmolLM2-1.7B,A_first,3004,pre_washout,test-0015
100a0939,axis1_access_vs_provenance_value-conflict_orderexp_A_first_seed3004__model-HuggingFaceTB--SmolLM2-1.7B,A_first,3004,pre_washout,test-0016
4f1e65de,axis1_access_vs_provenance_value-conflict_orderexp_A_first_seed3004__model-HuggingFaceTB--SmolLM2-1.7B,A_first,3004,pre_washout,test-0017
5fb06a68,axis1_access_vs_provenance_value-conflict_orderexp_A_first_seed3004__model-HuggingFaceTB--SmolLM2-1.7B,A_first,3004,pre_washout,test-0018
07594b65,axis1_access_vs_provenance_value-conflict_orderexp_A_first_seed3004__model-HuggingFaceTB--SmolLM2-1.7B,A_first,3004,pre_washout,test-0019
efe74923,axis1_access_vs_provenance_value-conflict_orderexp_A_first_seed3004__model-HuggingFaceTB--SmolLM2-1.7B,A_first,3004,pre_washout,test-0020
2e1d9ece,axis1_access_vs_provenance_value-conflict_orderexp_A_first_seed3004__model-HuggingFaceTB--SmolLM2-1.7B,A_first,3004,pre_washout,test-0021
673cde7e,axis1_access_vs_provenance_value-conflict_orderexp_A_first_seed3004__model-HuggingFaceTB--SmolLM2-1.7B,A_first,3004,pre_washout,test-0022
beaecf08,axis1_access_vs_provenance_value-conflict_orderexp_A_first_seed3004__model-HuggingFaceTB--SmolLM2-1.7B,A_first,3004,pre_washout,test-0023
bbb533fe,axis1_access_vs_provenance_value-conflict_orderexp_A_first_seed3004__model-HuggingFaceTB--SmolLM2-1.7B,A_first,3004,pre_washout,test-0024
a8407fc7,axis1_access_vs_provenance_value-conflict_orderexp_A_first_seed3004__model-HuggingFaceTB--SmolLM2-1.7B,A_first,3004,post_washout,test-0001
f64bde86,axis1_access_vs_provenance_value-conflict_orderexp_A_first_seed3004__model-HuggingFaceTB--SmolLM2-1.7B,A_first,3004,post_washout,test-0002
19060754,axis1_access_vs_provenance_value-conflict_orderexp_A_first_seed3004__model-HuggingFaceTB--SmolLM2-1.7B,A_first,3004,post_washout,test-0003
b78805c0,axis1_access_vs_provenance_value-conflict_orderexp_A_first_seed3004__model-HuggingFaceTB--SmolLM2-1.7B,A_first,3004,post_washout,test-0004
6fba3871,axis1_access_vs_provenance_value-conflict_orderexp_A_first_seed3004__model-HuggingFaceTB--SmolLM2-1.7B,A_first,3004,post_washout,test-0005
0b090eae,axis1_access_vs_provenance_value-conflict_orderexp_A_first_seed3004__model-HuggingFaceTB--SmolLM2-1.7B,A_first,3004,post_washout,test-0006
7b0e2738,axis1_access_vs_provenance_value-conflict_orderexp_A_first_seed3004__model-HuggingFaceTB--SmolLM2-1.7B,A_first,3004,post_washout,test-0007
2275b79e,axis1_access_vs_provenance_value-conflict_orderexp_A_first_seed3004__model-HuggingFaceTB--SmolLM2-1.7B,A_first,3004,post_washout,test-0008
299952d4,axis1_access_vs_provenance_value-conflict_orderexp_A_first_seed3004__model-HuggingFaceTB--SmolLM2-1.7B,A_first,3004,post_washout,test-0009
743fc571,axis1_access_vs_provenance_value-conflict_orderexp_A_first_seed3004__model-HuggingFaceTB--SmolLM2-1.7B,A_first,3004,post_washout,test-0010
aae95664,axis1_access_vs_provenance_value-conflict_orderexp_A_first_seed3004__model-HuggingFaceTB--SmolLM2-1.7B,A_first,3004,post_washout,test-0011
ef85b57c,axis1_access_vs_provenance_value-conflict_orderexp_A_first_seed3004__model-HuggingFaceTB--SmolLM2-1.7B,A_first,3004,post_washout,test-0012
60a0e1c5,axis1_access_vs_provenance_value-conflict_orderexp_A_first_seed3004__model-HuggingFaceTB--SmolLM2-1.7B,A_first,3004,post_washout,test-0013
da70f904,axis1_access_vs_provenance_value-conflict_orderexp_A_first_seed3004__model-HuggingFaceTB--SmolLM2-1.7B,A_first,3004,post_washout,test-0014
4912eb7e,axis1_access_vs_provenance_value-conflict_orderexp_A_first_seed3004__model-HuggingFaceTB--SmolLM2-1.7B,A_first,3004,post_washout,test-0015
c5ce7b47,axis1_access_vs_provenance_value-conflict_orderexp_A_first_seed3004__model-HuggingFaceTB--SmolLM2-1.7B,A_first,3004,post_washout,test-0016
587a5033,axis1_access_vs_provenance_value-conflict_orderexp_A_first_seed3004__model-HuggingFaceTB--SmolLM2-1.7B,A_first,3004,post_washout,test-0017
a9f58331,axis1_access_vs_provenance_value-conflict_orderexp_A_first_seed3004__model-HuggingFaceTB--SmolLM2-1.7B,A_first,3004,post_washout,test-0018
e1cd268a,axis1_access_vs_provenance_value-conflict_orderexp_A_first_seed3004__model-HuggingFaceTB--SmolLM2-1.7B,A_first,3004,post_washout,test-0019
3ca9d0b4,axis1_access_vs_provenance_value-conflict_orderexp_A_first_seed3004__model-HuggingFaceTB--SmolLM2-1.7B,A_first,3004,post_washout,test-0020
aee58751,axis1_access_vs_provenance_value-conflict_orderexp_A_first_seed3004__model-HuggingFaceTB--SmolLM2-1.7B,A_first,3004,post_washout,test-0021
70f38f2c,axis1_access_vs_provenance_value-conflict_orderexp_A_first_seed3004__model-HuggingFaceTB--SmolLM2-1.7B,A_first,3004,post_washout,test-0022
208a3841,axis1_access_vs_provenance_value-conflict_orderexp_A_first_seed3004__model-HuggingFaceTB--SmolLM2-1.7B,A_first,3004,post_washout,test-0023
77640911,axis1_access_vs_provenance_value-conflict_orderexp_A_first_seed3004__model-HuggingFaceTB--SmolLM2-1.7B,A_first,3004,post_washout,test-0024
e3e8696b,axis1_access_vs_provenance_value-conflict_orderexp_B_first_seed3004__model-HuggingFaceTB--SmolLM2-1.7B,B_first,3004,post_phase1,test-0001
6d86e92e,axis1_access_vs_provenance_value-conflict_orderexp_B_first_seed3004__model-HuggingFaceTB--SmolLM2-1.7B,B_first,3004,post_phase1,test-0002
ddc488a2,axis1_access_vs_provenance_value-conflict_orderexp_B_first_seed3004__model-HuggingFaceTB--SmolLM2-1.7B,B_first,3004,post_phase1,test-0003
c75af452,axis1_access_vs_provenance_value-conflict_orderexp_B_first_seed3004__model-HuggingFaceTB--SmolLM2-1.7B,B_first,3004,post_phase1,test-0004
602affa5,axis1_access_vs_provenance_value-conflict_orderexp_B_first_seed3004__model-HuggingFaceTB--SmolLM2-1.7B,B_first,3004,post_phase1,test-0005
60a91e0c,axis1_access_vs_provenance_value-conflict_orderexp_B_first_seed3004__model-HuggingFaceTB--SmolLM2-1.7B,B_first,3004,post_phase1,test-0006
8190a6ec,axis1_access_vs_provenance_value-conflict_orderexp_B_first_seed3004__model-HuggingFaceTB--SmolLM2-1.7B,B_first,3004,post_phase1,test-0007
4aec6e8a,axis1_access_vs_provenance_value-conflict_orderexp_B_first_seed3004__model-HuggingFaceTB--SmolLM2-1.7B,B_first,3004,post_phase1,test-0008
923aa76d,axis1_access_vs_provenance_value-conflict_orderexp_B_first_seed3004__model-HuggingFaceTB--SmolLM2-1.7B,B_first,3004,post_phase1,test-0009
9ab40ae3,axis1_access_vs_provenance_value-conflict_orderexp_B_first_seed3004__model-HuggingFaceTB--SmolLM2-1.7B,B_first,3004,post_phase1,test-0010
e07b26cd,axis1_access_vs_provenance_value-conflict_orderexp_B_first_seed3004__model-HuggingFaceTB--SmolLM2-1.7B,B_first,3004,post_phase1,test-0011
921c1fa6,axis1_access_vs_provenance_value-conflict_orderexp_B_first_seed3004__model-HuggingFaceTB--SmolLM2-1.7B,B_first,3004,post_phase1,test-0012
a27e640e,axis1_access_vs_provenance_value-conflict_orderexp_B_first_seed3004__model-HuggingFaceTB--SmolLM2-1.7B,B_first,3004,post_phase1,test-0013
b3177030,axis1_access_vs_provenance_value-conflict_orderexp_B_first_seed3004__model-HuggingFaceTB--SmolLM2-1.7B,B_first,3004,post_phase1,test-0014
97b4e957,axis1_access_vs_provenance_value-conflict_orderexp_B_first_seed3004__model-HuggingFaceTB--SmolLM2-1.7B,B_first,3004,post_phase1,test-0015
94c1c2c4,axis1_access_vs_provenance_value-conflict_orderexp_B_first_seed3004__model-HuggingFaceTB--SmolLM2-1.7B,B_first,3004,post_phase1,test-0016
796acefb,axis1_access_vs_provenance_value-conflict_orderexp_B_first_seed3004__model-HuggingFaceTB--SmolLM2-1.7B,B_first,3004,post_phase1,test-0017
eea5daca,axis1_access_vs_provenance_value-conflict_orderexp_B_first_seed3004__model-HuggingFaceTB--SmolLM2-1.7B,B_first,3004,post_phase1,test-0018
b7ee49b5,axis1_access_vs_provenance_value-conflict_orderexp_B_first_seed3004__model-HuggingFaceTB--SmolLM2-1.7B,B_first,3004,post_phase1,test-0019
725a5db6,axis1_access_vs_provenance_value-conflict_orderexp_B_first_seed3004__model-HuggingFaceTB--SmolLM2-1.7B,B_first,3004,post_phase1,test-0020
43b73bed,axis1_access_vs_provenance_value-conflict_orderexp_B_first_seed3004__model-HuggingFaceTB--SmolLM2-1.7B,B_first,3004,post_phase1,test-0021
467d0d5e,axis1_access_vs_provenance_value-conflict_orderexp_B_first_seed3004__model-HuggingFaceTB--SmolLM2-1.7B,B_first,3004,post_phase1,test-0022
d1aeb706,axis1_access_vs_provenance_value-conflict_orderexp_B_first_seed3004__model-HuggingFaceTB--SmolLM2-1.7B,B_first,3004,post_phase1,test-0023
a12e91fb,axis1_access_vs_provenance_value-conflict_orderexp_B_first_seed3004__model-HuggingFaceTB--SmolLM2-1.7B,B_first,3004,post_phase1,test-0024
ea3f807d,axis1_access_vs_provenance_value-conflict_orderexp_B_first_seed3004__model-HuggingFaceTB--SmolLM2-1.7B,B_first,3004,pre_washout,test-0001
4832b346,axis1_access_vs_provenance_value-conflict_orderexp_B_first_seed3004__model-HuggingFaceTB--SmolLM2-1.7B,B_first,3004,pre_washout,test-0002
ebdf3415,axis1_access_vs_provenance_value-conflict_orderexp_B_first_seed3004__model-HuggingFaceTB--SmolLM2-1.7B,B_first,3004,pre_washout,test-0003
bd6632b3,axis1_access_vs_provenance_value-conflict_orderexp_B_first_seed3004__model-HuggingFaceTB--SmolLM2-1.7B,B_first,3004,pre_washout,test-0004
ddb6cbff,axis1_access_vs_provenance_value-conflict_orderexp_B_first_seed3004__model-HuggingFaceTB--SmolLM2-1.7B,B_first,3004,pre_washout,test-0005
25a560d2,axis1_access_vs_provenance_value-conflict_orderexp_B_first_seed3004__model-HuggingFaceTB--SmolLM2-1.7B,B_first,3004,pre_washout,test-0006
f1dfb949,axis1_access_vs_provenance_value-conflict_orderexp_B_first_seed3004__model-HuggingFaceTB--SmolLM2-1.7B,B_first,3004,pre_washout,test-0007
a305a7e1,axis1_access_vs_provenance_value-conflict_orderexp_B_first_seed3004__model-HuggingFaceTB--SmolLM2-1.7B,B_first,3004,pre_washout,test-0008
2fdf5fd3,axis1_access_vs_provenance_value-conflict_orderexp_B_first_seed3004__model-HuggingFaceTB--SmolLM2-1.7B,B_first,3004,pre_washout,test-0009
54e598a7,axis1_access_vs_provenance_value-conflict_orderexp_B_first_seed3004__model-HuggingFaceTB--SmolLM2-1.7B,B_first,3004,pre_washout,test-0010
222a0de7,axis1_access_vs_provenance_value-conflict_orderexp_B_first_seed3004__model-HuggingFaceTB--SmolLM2-1.7B,B_first,3004,pre_washout,test-0011
c73b0f37,axis1_access_vs_provenance_value-conflict_orderexp_B_first_seed3004__model-HuggingFaceTB--SmolLM2-1.7B,B_first,3004,pre_washout,test-0012
42ba11f4,axis1_access_vs_provenance_value-conflict_orderexp_B_first_seed3004__model-HuggingFaceTB--SmolLM2-1.7B,B_first,3004,pre_washout,test-0013
b8fa0751,axis1_access_vs_provenance_value-conflict_orderexp_B_first_seed3004__model-HuggingFaceTB--SmolLM2-1.7B,B_first,3004,pre_washout,test-0014
9b08efec,axis1_access_vs_provenance_value-conflict_orderexp_B_first_seed3004__model-HuggingFaceTB--SmolLM2-1.7B,B_first,3004,pre_washout,test-0015
2f00f0bb,axis1_access_vs_provenance_value-conflict_orderexp_B_first_seed3004__model-HuggingFaceTB--SmolLM2-1.7B,B_first,3004,pre_washout,test-0016
16d5f9d4,axis1_access_vs_provenance_value-conflict_orderexp_B_first_seed3004__model-HuggingFaceTB--SmolLM2-1.7B,B_first,3004,pre_washout,test-0017
a61cb3e8,axis1_access_vs_provenance_value-conflict_orderexp_B_first_seed3004__model-HuggingFaceTB--SmolLM2-1.7B,B_first,3004,pre_washout,test-0018
213aca1f,axis1_access_vs_provenance_value-conflict_orderexp_B_first_seed3004__model-HuggingFaceTB--SmolLM2-1.7B,B_first,3004,pre_washout,test-0019
f2bca94e,axis1_access_vs_provenance_value-conflict_orderexp_B_first_seed3004__model-HuggingFaceTB--SmolLM2-1.7B,B_first,3004,pre_washout,test-0020
2bf636f1,axis1_access_vs_provenance_value-conflict_orderexp_B_first_seed3004__model-HuggingFaceTB--SmolLM2-1.7B,B_first,3004,pre_washout,test-0021
71f8beb1,axis1_access_vs_provenance_value-conflict_orderexp_B_first_seed3004__model-HuggingFaceTB--SmolLM2-1.7B,B_first,3004,pre_washout,test-0022
bc6b9f00,axis1_access_vs_provenance_value-conflict_orderexp_B_first_seed3004__model-HuggingFaceTB--SmolLM2-1.7B,B_first,3004,pre_washout,test-0023
494eae09,axis1_access_vs_provenance_value-conflict_orderexp_B_first_seed3004__model-HuggingFaceTB--SmolLM2-1.7B,B_first,3004,pre_washout,test-0024
74b4b2ca,axis1_access_vs_provenance_value-conflict_orderexp_B_first_seed3004__model-HuggingFaceTB--SmolLM2-1.7B,B_first,3004,post_washout,test-0001
263d1a78,axis1_access_vs_provenance_value-conflict_orderexp_B_first_seed3004__model-HuggingFaceTB--SmolLM2-1.7B,B_first,3004,post_washout,test-0002
28cba81f,axis1_access_vs_provenance_value-conflict_orderexp_B_first_seed3004__model-HuggingFaceTB--SmolLM2-1.7B,B_first,3004,post_washout,test-0003
ceab73b6,axis1_access_vs_provenance_value-conflict_orderexp_B_first_seed3004__model-HuggingFaceTB--SmolLM2-1.7B,B_first,3004,post_washout,test-0004
74e3f749,axis1_access_vs_provenance_value-conflict_orderexp_B_first_seed3004__model-HuggingFaceTB--SmolLM2-1.7B,B_first,3004,post_washout,test-0005
0a184f24,axis1_access_vs_provenance_value-conflict_orderexp_B_first_seed3004__model-HuggingFaceTB--SmolLM2-1.7B,B_first,3004,post_washout,test-0006
d3c018b9,axis1_access_vs_provenance_value-conflict_orderexp_B_first_seed3004__model-HuggingFaceTB--SmolLM2-1.7B,B_first,3004,post_washout,test-0007
b4b21af1,axis1_access_vs_provenance_value-conflict_orderexp_B_first_seed3004__model-HuggingFaceTB--SmolLM2-1.7B,B_first,3004,post_washout,test-0008
d13fba54,axis1_access_vs_provenance_value-conflict_orderexp_B_first_seed3004__model-HuggingFaceTB--SmolLM2-1.7B,B_first,3004,post_washout,test-0009
32159fa1,axis1_access_vs_provenance_value-conflict_orderexp_B_first_seed3004__model-HuggingFaceTB--SmolLM2-1.7B,B_first,3004,post_washout,test-0010
a6075df4,axis1_access_vs_provenance_value-conflict_orderexp_B_first_seed3004__model-HuggingFaceTB--SmolLM2-1.7B,B_first,3004,post_washout,test-0011
a816ffb7,axis1_access_vs_provenance_value-conflict_orderexp_B_first_seed3004__model-HuggingFaceTB--SmolLM2-1.7B,B_first,3004,post_washout,test-0012
fd86a2a0,axis1_access_vs_provenance_value-conflict_orderexp_B_first_seed3004__model-HuggingFaceTB--SmolLM2-1.7B,B_first,3004,post_washout,test-0013
4cb33d45,axis1_access_vs_provenance_value-conflict_orderexp_B_first_seed3004__model-HuggingFaceTB--SmolLM2-1.7B,B_first,3004,post_washout,test-0014
abde8608,axis1_access_vs_provenance_value-conflict_orderexp_B_first_seed3004__model-HuggingFaceTB--SmolLM2-1.7B,B_first,3004,post_washout,test-0015
ebaae6d9,axis1_access_vs_provenance_value-conflict_orderexp_B_first_seed3004__model-HuggingFaceTB--SmolLM2-1.7B,B_first,3004,post_washout,test-0016
3d2e4534,axis1_access_vs_provenance_value-conflict_orderexp_B_first_seed3004__model-HuggingFaceTB--SmolLM2-1.7B,B_first,3004,post_washout,test-0017
7bd95234,axis1_access_vs_provenance_value-conflict_orderexp_B_first_seed3004__model-HuggingFaceTB--SmolLM2-1.7B,B_first,3004,post_washout,test-0018
c33b70b4,axis1_access_vs_provenance_value-conflict_orderexp_B_first_seed3004__model-HuggingFaceTB--SmolLM2-1.7B,B_first,3004,post_washout,test-0019
81456b3d,axis1_access_vs_provenance_value-conflict_orderexp_B_first_seed3004__model-HuggingFaceTB--SmolLM2-1.7B,B_first,3004,post_washout,test-0020
105d7efc,axis1_access_vs_provenance_value-conflict_orderexp_B_first_seed3004__model-HuggingFaceTB--SmolLM2-1.7B,B_first,3004,post_washout,test-0021
f23c17bc,axis1_access_vs_provenance_value-conflict_orderexp_B_first_seed3004__model-HuggingFaceTB--SmolLM2-1.7B,B_first,3004,post_washout,test-0022
b48d897b,axis1_access_vs_provenance_value-conflict_orderexp_B_first_seed3004__model-HuggingFaceTB--SmolLM2-1.7B,B_first,3004,post_washout,test-0023
730b7874,axis1_access_vs_provenance_value-conflict_orderexp_B_first_seed3004__model-HuggingFaceTB--SmolLM2-1.7B,B_first,3004,post_washout,test-0024
e0550225,axis1_access_vs_provenance_value-conflict_orderexp_interleaved_seed3004__model-HuggingFaceTB--SmolLM2-1.7B,interleaved,3004,pre_washout,test-0001
1a04ca08,axis1_access_vs_provenance_value-conflict_orderexp_interleaved_seed3004__model-HuggingFaceTB--SmolLM2-1.7B,interleaved,3004,pre_washout,test-0002
10255f24,axis1_access_vs_provenance_value-conflict_orderexp_interleaved_seed3004__model-HuggingFaceTB--SmolLM2-1.7B,interleaved,3004,pre_washout,test-0003
cbd55140,axis1_access_vs_provenance_value-conflict_orderexp_interleaved_seed3004__model-HuggingFaceTB--SmolLM2-1.7B,interleaved,3004,pre_washout,test-0004
9663d338,axis1_access_vs_provenance_value-conflict_orderexp_interleaved_seed3004__model-HuggingFaceTB--SmolLM2-1.7B,interleaved,3004,pre_washout,test-0005
909883ba,axis1_access_vs_provenance_value-conflict_orderexp_interleaved_seed3004__model-HuggingFaceTB--SmolLM2-1.7B,interleaved,3004,pre_washout,test-0006
2abff2b3,axis1_access_vs_provenance_value-conflict_orderexp_interleaved_seed3004__model-HuggingFaceTB--SmolLM2-1.7B,interleaved,3004,pre_washout,test-0007
0077c912,axis1_access_vs_provenance_value-conflict_orderexp_interleaved_seed3004__model-HuggingFaceTB--SmolLM2-1.7B,interleaved,3004,pre_washout,test-0008
de77bb95,axis1_access_vs_provenance_value-conflict_orderexp_interleaved_seed3004__model-HuggingFaceTB--SmolLM2-1.7B,interleaved,3004,pre_washout,test-0009
7e462a3a,axis1_access_vs_provenance_value-conflict_orderexp_interleaved_seed3004__model-HuggingFaceTB--SmolLM2-1.7B,interleaved,3004,pre_washout,test-0010
7453d692,axis1_access_vs_provenance_value-conflict_orderexp_interleaved_seed3004__model-HuggingFaceTB--SmolLM2-1.7B,interleaved,3004,pre_washout,test-0011
2d41a68c,axis1_access_vs_provenance_value-conflict_orderexp_interleaved_seed3004__model-HuggingFaceTB--SmolLM2-1.7B,interleaved,3004,pre_washout,test-0012
c0b17f0d,axis1_access_vs_provenance_value-conflict_orderexp_interleaved_seed3004__model-HuggingFaceTB--SmolLM2-1.7B,interleaved,3004,pre_washout,test-0013
d815f512,axis1_access_vs_provenance_value-conflict_orderexp_interleaved_seed3004__model-HuggingFaceTB--SmolLM2-1.7B,interleaved,3004,pre_washout,test-0014
2fabee1a,axis1_access_vs_provenance_value-conflict_orderexp_interleaved_seed3004__model-HuggingFaceTB--SmolLM2-1.7B,interleaved,3004,pre_washout,test-0015
9502aec4,axis1_access_vs_provenance_value-conflict_orderexp_interleaved_seed3004__model-HuggingFaceTB--SmolLM2-1.7B,interleaved,3004,pre_washout,test-0016
ddbeaf86,axis1_access_vs_provenance_value-conflict_orderexp_interleaved_seed3004__model-HuggingFaceTB--SmolLM2-1.7B,interleaved,3004,pre_washout,test-0017
943cb218,axis1_access_vs_provenance_value-conflict_orderexp_interleaved_seed3004__model-HuggingFaceTB--SmolLM2-1.7B,interleaved,3004,pre_washout,test-0018
99a72759,axis1_access_vs_provenance_value-conflict_orderexp_interleaved_seed3004__model-HuggingFaceTB--SmolLM2-1.7B,interleaved,3004,pre_washout,test-0019
7b6d3330,axis1_access_vs_provenance_value-conflict_orderexp_interleaved_seed3004__model-HuggingFaceTB--SmolLM2-1.7B,interleaved,3004,pre_washout,test-0020
2fc837f0,axis1_access_vs_provenance_value-conflict_orderexp_interleaved_seed3004__model-HuggingFaceTB--SmolLM2-1.7B,interleaved,3004,pre_washout,test-0021
a0edbecd,axis1_access_vs_provenance_value-conflict_orderexp_interleaved_seed3004__model-HuggingFaceTB--SmolLM2-1.7B,interleaved,3004,pre_washout,test-0022
590c1f98,axis1_access_vs_provenance_value-conflict_orderexp_interleaved_seed3004__model-HuggingFaceTB--SmolLM2-1.7B,interleaved,3004,pre_washout,test-0023
1187c473,axis1_access_vs_provenance_value-conflict_orderexp_interleaved_seed3004__model-HuggingFaceTB--SmolLM2-1.7B,interleaved,3004,pre_washout,test-0024
3b44e868,axis1_access_vs_provenance_value-conflict_orderexp_interleaved_seed3004__model-HuggingFaceTB--SmolLM2-1.7B,interleaved,3004,post_washout,test-0001
f2eb9fbe,axis1_access_vs_provenance_value-conflict_orderexp_interleaved_seed3004__model-HuggingFaceTB--SmolLM2-1.7B,interleaved,3004,post_washout,test-0002
f61e89a1,axis1_access_vs_provenance_value-conflict_orderexp_interleaved_seed3004__model-HuggingFaceTB--SmolLM2-1.7B,interleaved,3004,post_washout,test-0003
294d5c1f,axis1_access_vs_provenance_value-conflict_orderexp_interleaved_seed3004__model-HuggingFaceTB--SmolLM2-1.7B,interleaved,3004,post_washout,test-0004
137bd172,axis1_access_vs_provenance_value-conflict_orderexp_interleaved_seed3004__model-HuggingFaceTB--SmolLM2-1.7B,interleaved,3004,post_washout,test-0005
6a7d1b9f,axis1_access_vs_provenance_value-conflict_orderexp_interleaved_seed3004__model-HuggingFaceTB--SmolLM2-1.7B,interleaved,3004,post_washout,test-0006
5fc4d6e2,axis1_access_vs_provenance_value-conflict_orderexp_interleaved_seed3004__model-HuggingFaceTB--SmolLM2-1.7B,interleaved,3004,post_washout,test-0007
9daf3cd6,axis1_access_vs_provenance_value-conflict_orderexp_interleaved_seed3004__model-HuggingFaceTB--SmolLM2-1.7B,interleaved,3004,post_washout,test-0008
bea9c0de,axis1_access_vs_provenance_value-conflict_orderexp_interleaved_seed3004__model-HuggingFaceTB--SmolLM2-1.7B,interleaved,3004,post_washout,test-0009
5ae22871,axis1_access_vs_provenance_value-conflict_orderexp_interleaved_seed3004__model-HuggingFaceTB--SmolLM2-1.7B,interleaved,3004,post_washout,test-0010
577b4544,axis1_access_vs_provenance_value-conflict_orderexp_interleaved_seed3004__model-HuggingFaceTB--SmolLM2-1.7B,interleaved,3004,post_washout,test-0011
0b402775,axis1_access_vs_provenance_value-conflict_orderexp_interleaved_seed3004__model-HuggingFaceTB--SmolLM2-1.7B,interleaved,3004,post_washout,test-0012
5a3126c5,axis1_access_vs_provenance_value-conflict_orderexp_interleaved_seed3004__model-HuggingFaceTB--SmolLM2-1.7B,interleaved,3004,post_washout,test-0013
e1335e27,axis1_access_vs_provenance_value-conflict_orderexp_interleaved_seed3004__model-HuggingFaceTB--SmolLM2-1.7B,interleaved,3004,post_washout,test-0014
5ff2e4b9,axis1_access_vs_provenance_value-conflict_orderexp_interleaved_seed3004__model-HuggingFaceTB--SmolLM2-1.7B,interleaved,3004,post_washout,test-0015
4c02d672,axis1_access_vs_provenance_value-conflict_orderexp_interleaved_seed3004__model-HuggingFaceTB--SmolLM2-1.7B,interleaved,3004,post_washout,test-0016
ff92f85e,axis1_access_vs_provenance_value-conflict_orderexp_interleaved_seed3004__model-HuggingFaceTB--SmolLM2-1.7B,interleaved,3004,post_washout,test-0017
e2af74bd,axis1_access_vs_provenance_value-conflict_orderexp_interleaved_seed3004__model-HuggingFaceTB--SmolLM2-1.7B,interleaved,3004,post_washout,test-0018
7c07889f,axis1_access_vs_provenance_value-conflict_orderexp_interleaved_seed3004__model-HuggingFaceTB--SmolLM2-1.7B,interleaved,3004,post_washout,test-0019
8543e6f3,axis1_access_vs_provenance_value-conflict_orderexp_interleaved_seed3004__model-HuggingFaceTB--SmolLM2-1.7B,interleaved,3004,post_washout,test-0020
7cd22c84,axis1_access_vs_provenance_value-conflict_orderexp_interleaved_seed3004__model-HuggingFaceTB--SmolLM2-1.7B,interleaved,3004,post_washout,test-0021
8b7691a7,axis1_access_vs_provenance_value-conflict_orderexp_interleaved_seed3004__model-HuggingFaceTB--SmolLM2-1.7B,interleaved,3004,post_washout,test-0022
ae5940b8,axis1_access_vs_provenance_value-conflict_orderexp_interleaved_seed3004__model-HuggingFaceTB--SmolLM2-1.7B,interleaved,3004,post_washout,test-0023
4b102189,axis1_access_vs_provenance_value-conflict_orderexp_interleaved_seed3004__model-HuggingFaceTB--SmolLM2-1.7B,interleaved,3004,post_washout,test-0024
f7fc4853,axis1_access_vs_provenance_value-conflict_orderexp_A_first_seed3005__model-HuggingFaceTB--SmolLM2-1.7B,A_first,3005,post_phase1,test-0001
03b79784,axis1_access_vs_provenance_value-conflict_orderexp_A_first_seed3005__model-HuggingFaceTB--SmolLM2-1.7B,A_first,3005,post_phase1,test-0002
dbad8e65,axis1_access_vs_provenance_value-conflict_orderexp_A_first_seed3005__model-HuggingFaceTB--SmolLM2-1.7B,A_first,3005,post_phase1,test-0003
5f9da875,axis1_access_vs_provenance_value-conflict_orderexp_A_first_seed3005__model-HuggingFaceTB--SmolLM2-1.7B,A_first,3005,post_phase1,test-0004
385f340e,axis1_access_vs_provenance_value-conflict_orderexp_A_first_seed3005__model-HuggingFaceTB--SmolLM2-1.7B,A_first,3005,post_phase1,test-0005
5c3378e1,axis1_access_vs_provenance_value-conflict_orderexp_A_first_seed3005__model-HuggingFaceTB--SmolLM2-1.7B,A_first,3005,post_phase1,test-0006
f0d0170b,axis1_access_vs_provenance_value-conflict_orderexp_A_first_seed3005__model-HuggingFaceTB--SmolLM2-1.7B,A_first,3005,post_phase1,test-0007
487defc3,axis1_access_vs_provenance_value-conflict_orderexp_A_first_seed3005__model-HuggingFaceTB--SmolLM2-1.7B,A_first,3005,post_phase1,test-0008
6cb3ce57,axis1_access_vs_provenance_value-conflict_orderexp_A_first_seed3005__model-HuggingFaceTB--SmolLM2-1.7B,A_first,3005,post_phase1,test-0009
756caf54,axis1_access_vs_provenance_value-conflict_orderexp_A_first_seed3005__model-HuggingFaceTB--SmolLM2-1.7B,A_first,3005,post_phase1,test-0010
b10aa014,axis1_access_vs_provenance_value-conflict_orderexp_A_first_seed3005__model-HuggingFaceTB--SmolLM2-1.7B,A_first,3005,post_phase1,test-0011
cbe027e6,axis1_access_vs_provenance_value-conflict_orderexp_A_first_seed3005__model-HuggingFaceTB--SmolLM2-1.7B,A_first,3005,post_phase1,test-0012
9f78a93d,axis1_access_vs_provenance_value-conflict_orderexp_A_first_seed3005__model-HuggingFaceTB--SmolLM2-1.7B,A_first,3005,post_phase1,test-0013
b17c31bd,axis1_access_vs_provenance_value-conflict_orderexp_A_first_seed3005__model-HuggingFaceTB--SmolLM2-1.7B,A_first,3005,post_phase1,test-0014
0b0c8575,axis1_access_vs_provenance_value-conflict_orderexp_A_first_seed3005__model-HuggingFaceTB--SmolLM2-1.7B,A_first,3005,post_phase1,test-0015
698d77c2,axis1_access_vs_provenance_value-conflict_orderexp_A_first_seed3005__model-HuggingFaceTB--SmolLM2-1.7B,A_first,3005,post_phase1,test-0016
f1892ef1,axis1_access_vs_provenance_value-conflict_orderexp_A_first_seed3005__model-HuggingFaceTB--SmolLM2-1.7B,A_first,3005,post_phase1,test-0017
3936d824,axis1_access_vs_provenance_value-conflict_orderexp_A_first_seed3005__model-HuggingFaceTB--SmolLM2-1.7B,A_first,3005,post_phase1,test-0018
ed342370,axis1_access_vs_provenance_value-conflict_orderexp_A_first_seed3005__model-HuggingFaceTB--SmolLM2-1.7B,A_first,3005,post_phase1,test-0019
29ae23f3,axis1_access_vs_provenance_value-conflict_orderexp_A_first_seed3005__model-HuggingFaceTB--SmolLM2-1.7B,A_first,3005,post_phase1,test-0020
32b8f8fe,axis1_access_vs_provenance_value-conflict_orderexp_A_first_seed3005__model-HuggingFaceTB--SmolLM2-1.7B,A_first,3005,post_phase1,test-0021
bf0a1444,axis1_access_vs_provenance_value-conflict_orderexp_A_first_seed3005__model-HuggingFaceTB--SmolLM2-1.7B,A_first,3005,post_phase1,test-0022
fb467a03,axis1_access_vs_provenance_value-conflict_orderexp_A_first_seed3005__model-HuggingFaceTB--SmolLM2-1.7B,A_first,3005,post_phase1,test-0023
a15f5362,axis1_access_vs_provenance_value-conflict_orderexp_A_first_seed3005__model-HuggingFaceTB--SmolLM2-1.7B,A_first,3005,post_phase1,test-0024
67bd3b79,axis1_access_vs_provenance_value-conflict_orderexp_A_first_seed3005__model-HuggingFaceTB--SmolLM2-1.7B,A_first,3005,pre_washout,test-0001
fecbacda,axis1_access_vs_provenance_value-conflict_orderexp_A_first_seed3005__model-HuggingFaceTB--SmolLM2-1.7B,A_first,3005,pre_washout,test-0002
3b155e62,axis1_access_vs_provenance_value-conflict_orderexp_A_first_seed3005__model-HuggingFaceTB--SmolLM2-1.7B,A_first,3005,pre_washout,test-0003
19ead069,axis1_access_vs_provenance_value-conflict_orderexp_A_first_seed3005__model-HuggingFaceTB--SmolLM2-1.7B,A_first,3005,pre_washout,test-0004
7cc95ca3,axis1_access_vs_provenance_value-conflict_orderexp_A_first_seed3005__model-HuggingFaceTB--SmolLM2-1.7B,A_first,3005,pre_washout,test-0005
ed612f1b,axis1_access_vs_provenance_value-conflict_orderexp_A_first_seed3005__model-HuggingFaceTB--SmolLM2-1.7B,A_first,3005,pre_washout,test-0006
67bc5d18,axis1_access_vs_provenance_value-conflict_orderexp_A_first_seed3005__model-HuggingFaceTB--SmolLM2-1.7B,A_first,3005,pre_washout,test-0007
a310e1b9,axis1_access_vs_provenance_value-conflict_orderexp_A_first_seed3005__model-HuggingFaceTB--SmolLM2-1.7B,A_first,3005,pre_washout,test-0008
8e996000,axis1_access_vs_provenance_value-conflict_orderexp_A_first_seed3005__model-HuggingFaceTB--SmolLM2-1.7B,A_first,3005,pre_washout,test-0009
38a3a521,axis1_access_vs_provenance_value-conflict_orderexp_A_first_seed3005__model-HuggingFaceTB--SmolLM2-1.7B,A_first,3005,pre_washout,test-0010
cda9d68a,axis1_access_vs_provenance_value-conflict_orderexp_A_first_seed3005__model-HuggingFaceTB--SmolLM2-1.7B,A_first,3005,pre_washout,test-0011
04b334e4,axis1_access_vs_provenance_value-conflict_orderexp_A_first_seed3005__model-HuggingFaceTB--SmolLM2-1.7B,A_first,3005,pre_washout,test-0012
01458a07,axis1_access_vs_provenance_value-conflict_orderexp_A_first_seed3005__model-HuggingFaceTB--SmolLM2-1.7B,A_first,3005,pre_washout,test-0013
8cda9d55,axis1_access_vs_provenance_value-conflict_orderexp_A_first_seed3005__model-HuggingFaceTB--SmolLM2-1.7B,A_first,3005,pre_washout,test-0014
551f1137,axis1_access_vs_provenance_value-conflict_orderexp_A_first_seed3005__model-HuggingFaceTB--SmolLM2-1.7B,A_first,3005,pre_washout,test-0015
8622761b,axis1_access_vs_provenance_value-conflict_orderexp_A_first_seed3005__model-HuggingFaceTB--SmolLM2-1.7B,A_first,3005,pre_washout,test-0016
3a7f300e,axis1_access_vs_provenance_value-conflict_orderexp_A_first_seed3005__model-HuggingFaceTB--SmolLM2-1.7B,A_first,3005,pre_washout,test-0017
8a5fd897,axis1_access_vs_provenance_value-conflict_orderexp_A_first_seed3005__model-HuggingFaceTB--SmolLM2-1.7B,A_first,3005,pre_washout,test-0018
fecd8533,axis1_access_vs_provenance_value-conflict_orderexp_A_first_seed3005__model-HuggingFaceTB--SmolLM2-1.7B,A_first,3005,pre_washout,test-0019
ccb5a375,axis1_access_vs_provenance_value-conflict_orderexp_A_first_seed3005__model-HuggingFaceTB--SmolLM2-1.7B,A_first,3005,pre_washout,test-0020
c4c5b85d,axis1_access_vs_provenance_value-conflict_orderexp_A_first_seed3005__model-HuggingFaceTB--SmolLM2-1.7B,A_first,3005,pre_washout,test-0021
657f9563,axis1_access_vs_provenance_value-conflict_orderexp_A_first_seed3005__model-HuggingFaceTB--SmolLM2-1.7B,A_first,3005,pre_washout,test-0022
b7db13a7,axis1_access_vs_provenance_value-conflict_orderexp_A_first_seed3005__model-HuggingFaceTB--SmolLM2-1.7B,A_first,3005,pre_washout,test-0023
b203bd78,axis1_access_vs_provenance_value-conflict_orderexp_A_first_seed3005__model-HuggingFaceTB--SmolLM2-1.7B,A_first,3005,pre_washout,test-0024
5fd33680,axis1_access_vs_provenance_value-conflict_orderexp_A_first_seed3005__model-HuggingFaceTB--SmolLM2-1.7B,A_first,3005,post_washout,test-0001
c27679ca,axis1_access_vs_provenance_value-conflict_orderexp_A_first_seed3005__model-HuggingFaceTB--SmolLM2-1.7B,A_first,3005,post_washout,test-0002
8f118799,axis1_access_vs_provenance_value-conflict_orderexp_A_first_seed3005__model-HuggingFaceTB--SmolLM2-1.7B,A_first,3005,post_washout,test-0003
640e25a2,axis1_access_vs_provenance_value-conflict_orderexp_A_first_seed3005__model-HuggingFaceTB--SmolLM2-1.7B,A_first,3005,post_washout,test-0004
76ea7c6c,axis1_access_vs_provenance_value-conflict_orderexp_A_first_seed3005__model-HuggingFaceTB--SmolLM2-1.7B,A_first,3005,post_washout,test-0005
59066afa,axis1_access_vs_provenance_value-conflict_orderexp_A_first_seed3005__model-HuggingFaceTB--SmolLM2-1.7B,A_first,3005,post_washout,test-0006
242ab52e,axis1_access_vs_provenance_value-conflict_orderexp_A_first_seed3005__model-HuggingFaceTB--SmolLM2-1.7B,A_first,3005,post_washout,test-0007
32d3921d,axis1_access_vs_provenance_value-conflict_orderexp_A_first_seed3005__model-HuggingFaceTB--SmolLM2-1.7B,A_first,3005,post_washout,test-0008
e90962a8,axis1_access_vs_provenance_value-conflict_orderexp_A_first_seed3005__model-HuggingFaceTB--SmolLM2-1.7B,A_first,3005,post_washout,test-0009
f3613dc4,axis1_access_vs_provenance_value-conflict_orderexp_A_first_seed3005__model-HuggingFaceTB--SmolLM2-1.7B,A_first,3005,post_washout,test-0010
168ec950,axis1_access_vs_provenance_value-conflict_orderexp_A_first_seed3005__model-HuggingFaceTB--SmolLM2-1.7B,A_first,3005,post_washout,test-0011
02d9921a,axis1_access_vs_provenance_value-conflict_orderexp_A_first_seed3005__model-HuggingFaceTB--SmolLM2-1.7B,A_first,3005,post_washout,test-0012
48857a43,axis1_access_vs_provenance_value-conflict_orderexp_A_first_seed3005__model-HuggingFaceTB--SmolLM2-1.7B,A_first,3005,post_washout,test-0013
cd7d96d7,axis1_access_vs_provenance_value-conflict_orderexp_A_first_seed3005__model-HuggingFaceTB--SmolLM2-1.7B,A_first,3005,post_washout,test-0014
b7db7f02,axis1_access_vs_provenance_value-conflict_orderexp_A_first_seed3005__model-HuggingFaceTB--SmolLM2-1.7B,A_first,3005,post_washout,test-0015
802fcfd1,axis1_access_vs_provenance_value-conflict_orderexp_A_first_seed3005__model-HuggingFaceTB--SmolLM2-1.7B,A_first,3005,post_washout,test-0016
3ff861e9,axis1_access_vs_provenance_value-conflict_orderexp_A_first_seed3005__model-HuggingFaceTB--SmolLM2-1.7B,A_first,3005,post_washout,test-0017
42ee24b8,axis1_access_vs_provenance_value-conflict_orderexp_A_first_seed3005__model-HuggingFaceTB--SmolLM2-1.7B,A_first,3005,post_washout,test-0018
3b803cef,axis1_access_vs_provenance_value-conflict_orderexp_A_first_seed3005__model-HuggingFaceTB--SmolLM2-1.7B,A_first,3005,post_washout,test-0019
3213e09c,axis1_access_vs_provenance_value-conflict_orderexp_A_first_seed3005__model-HuggingFaceTB--SmolLM2-1.7B,A_first,3005,post_washout,test-0020
50188275,axis1_access_vs_provenance_value-conflict_orderexp_A_first_seed3005__model-HuggingFaceTB--SmolLM2-1.7B,A_first,3005,post_washout,test-0021
2606a8cc,axis1_access_vs_provenance_value-conflict_orderexp_A_first_seed3005__model-HuggingFaceTB--SmolLM2-1.7B,A_first,3005,post_washout,test-0022
c0bfa43b,axis1_access_vs_provenance_value-conflict_orderexp_A_first_seed3005__model-HuggingFaceTB--SmolLM2-1.7B,A_first,3005,post_washout,test-0023
db1593fd,axis1_access_vs_provenance_value-conflict_orderexp_A_first_seed3005__model-HuggingFaceTB--SmolLM2-1.7B,A_first,3005,post_washout,test-0024
29c38942,axis1_access_vs_provenance_value-conflict_orderexp_B_first_seed3005__model-HuggingFaceTB--SmolLM2-1.7B,B_first,3005,post_phase1,test-0001
fd7f8804,axis1_access_vs_provenance_value-conflict_orderexp_B_first_seed3005__model-HuggingFaceTB--SmolLM2-1.7B,B_first,3005,post_phase1,test-0002
024d0619,axis1_access_vs_provenance_value-conflict_orderexp_B_first_seed3005__model-HuggingFaceTB--SmolLM2-1.7B,B_first,3005,post_phase1,test-0003
7d5e3281,axis1_access_vs_provenance_value-conflict_orderexp_B_first_seed3005__model-HuggingFaceTB--SmolLM2-1.7B,B_first,3005,post_phase1,test-0004
8ccf33b7,axis1_access_vs_provenance_value-conflict_orderexp_B_first_seed3005__model-HuggingFaceTB--SmolLM2-1.7B,B_first,3005,post_phase1,test-0005
91ec9179,axis1_access_vs_provenance_value-conflict_orderexp_B_first_seed3005__model-HuggingFaceTB--SmolLM2-1.7B,B_first,3005,post_phase1,test-0006
1ed1941a,axis1_access_vs_provenance_value-conflict_orderexp_B_first_seed3005__model-HuggingFaceTB--SmolLM2-1.7B,B_first,3005,post_phase1,test-0007
ce5d1675,axis1_access_vs_provenance_value-conflict_orderexp_B_first_seed3005__model-HuggingFaceTB--SmolLM2-1.7B,B_first,3005,post_phase1,test-0008
5f17e40a,axis1_access_vs_provenance_value-conflict_orderexp_B_first_seed3005__model-HuggingFaceTB--SmolLM2-1.7B,B_first,3005,post_phase1,test-0009
868f6ae4,axis1_access_vs_provenance_value-conflict_orderexp_B_first_seed3005__model-HuggingFaceTB--SmolLM2-1.7B,B_first,3005,post_phase1,test-0010
667ab9be,axis1_access_vs_provenance_value-conflict_orderexp_B_first_seed3005__model-HuggingFaceTB--SmolLM2-1.7B,B_first,3005,post_phase1,test-0011
7e0038f6,axis1_access_vs_provenance_value-conflict_orderexp_B_first_seed3005__model-HuggingFaceTB--SmolLM2-1.7B,B_first,3005,post_phase1,test-0012
07a0f70d,axis1_access_vs_provenance_value-conflict_orderexp_B_first_seed3005__model-HuggingFaceTB--SmolLM2-1.7B,B_first,3005,post_phase1,test-0013
5100fb79,axis1_access_vs_provenance_value-conflict_orderexp_B_first_seed3005__model-HuggingFaceTB--SmolLM2-1.7B,B_first,3005,post_phase1,test-0014
df879d81,axis1_access_vs_provenance_value-conflict_orderexp_B_first_seed3005__model-HuggingFaceTB--SmolLM2-1.7B,B_first,3005,post_phase1,test-0015
685d0502,axis1_access_vs_provenance_value-conflict_orderexp_B_first_seed3005__model-HuggingFaceTB--SmolLM2-1.7B,B_first,3005,post_phase1,test-0016
c45c0ecc,axis1_access_vs_provenance_value-conflict_orderexp_B_first_seed3005__model-HuggingFaceTB--SmolLM2-1.7B,B_first,3005,post_phase1,test-0017
04a4ac19,axis1_access_vs_provenance_value-conflict_orderexp_B_first_seed3005__model-HuggingFaceTB--SmolLM2-1.7B,B_first,3005,post_phase1,test-0018
52a9d57e,axis1_access_vs_provenance_value-conflict_orderexp_B_first_seed3005__model-HuggingFaceTB--SmolLM2-1.7B,B_first,3005,post_phase1,test-0019
a34a5e87,axis1_access_vs_provenance_value-conflict_orderexp_B_first_seed3005__model-HuggingFaceTB--SmolLM2-1.7B,B_first,3005,post_phase1,test-0020
74ab2a0c,axis1_access_vs_provenance_value-conflict_orderexp_B_first_seed3005__model-HuggingFaceTB--SmolLM2-1.7B,B_first,3005,post_phase1,test-0021
a8f3ec4f,axis1_access_vs_provenance_value-conflict_orderexp_B_first_seed3005__model-HuggingFaceTB--SmolLM2-1.7B,B_first,3005,post_phase1,test-0022
2812ffc2,axis1_access_vs_provenance_value-conflict_orderexp_B_first_seed3005__model-HuggingFaceTB--SmolLM2-1.7B,B_first,3005,post_phase1,test-0023
4b813dcd,axis1_access_vs_provenance_value-conflict_orderexp_B_first_seed3005__model-HuggingFaceTB--SmolLM2-1.7B,B_first,3005,post_phase1,test-0024
f452efe5,axis1_access_vs_provenance_value-conflict_orderexp_B_first_seed3005__model-HuggingFaceTB--SmolLM2-1.7B,B_first,3005,pre_washout,test-0001
eccfa7c0,axis1_access_vs_provenance_value-conflict_orderexp_B_first_seed3005__model-HuggingFaceTB--SmolLM2-1.7B,B_first,3005,pre_washout,test-0002
92a52fd5,axis1_access_vs_provenance_value-conflict_orderexp_B_first_seed3005__model-HuggingFaceTB--SmolLM2-1.7B,B_first,3005,pre_washout,test-0003
d17b3081,axis1_access_vs_provenance_value-conflict_orderexp_B_first_seed3005__model-HuggingFaceTB--SmolLM2-1.7B,B_first,3005,pre_washout,test-0004
781995a0,axis1_access_vs_provenance_value-conflict_orderexp_B_first_seed3005__model-HuggingFaceTB--SmolLM2-1.7B,B_first,3005,pre_washout,test-0005
9103b5ab,axis1_access_vs_provenance_value-conflict_orderexp_B_first_seed3005__model-HuggingFaceTB--SmolLM2-1.7B,B_first,3005,pre_washout,test-0006
f5c80dd9,axis1_access_vs_provenance_value-conflict_orderexp_B_first_seed3005__model-HuggingFaceTB--SmolLM2-1.7B,B_first,3005,pre_washout,test-0007
a2a536e5,axis1_access_vs_provenance_value-conflict_orderexp_B_first_seed3005__model-HuggingFaceTB--SmolLM2-1.7B,B_first,3005,pre_washout,test-0008
f9b9e0f1,axis1_access_vs_provenance_value-conflict_orderexp_B_first_seed3005__model-HuggingFaceTB--SmolLM2-1.7B,B_first,3005,pre_washout,test-0009
30f0fa50,axis1_access_vs_provenance_value-conflict_orderexp_B_first_seed3005__model-HuggingFaceTB--SmolLM2-1.7B,B_first,3005,pre_washout,test-0010
a6fd4ef9,axis1_access_vs_provenance_value-conflict_orderexp_B_first_seed3005__model-HuggingFaceTB--SmolLM2-1.7B,B_first,3005,pre_washout,test-0011
a9ceeb92,axis1_access_vs_provenance_value-conflict_orderexp_B_first_seed3005__model-HuggingFaceTB--SmolLM2-1.7B,B_first,3005,pre_washout,test-0012
f0bdec47,axis1_access_vs_provenance_value-conflict_orderexp_B_first_seed3005__model-HuggingFaceTB--SmolLM2-1.7B,B_first,3005,pre_washout,test-0013
4466df00,axis1_access_vs_provenance_value-conflict_orderexp_B_first_seed3005__model-HuggingFaceTB--SmolLM2-1.7B,B_first,3005,pre_washout,test-0014
d0941bfe,axis1_access_vs_provenance_value-conflict_orderexp_B_first_seed3005__model-HuggingFaceTB--SmolLM2-1.7B,B_first,3005,pre_washout,test-0015
6e2bb3f4,axis1_access_vs_provenance_value-conflict_orderexp_B_first_seed3005__model-HuggingFaceTB--SmolLM2-1.7B,B_first,3005,pre_washout,test-0016
0cbfb897,axis1_access_vs_provenance_value-conflict_orderexp_B_first_seed3005__model-HuggingFaceTB--SmolLM2-1.7B,B_first,3005,pre_washout,test-0017
bfd43c38,axis1_access_vs_provenance_value-conflict_orderexp_B_first_seed3005__model-HuggingFaceTB--SmolLM2-1.7B,B_first,3005,pre_washout,test-0018
349f2f8f,axis1_access_vs_provenance_value-conflict_orderexp_B_first_seed3005__model-HuggingFaceTB--SmolLM2-1.7B,B_first,3005,pre_washout,test-0019
264b258e,axis1_access_vs_provenance_value-conflict_orderexp_B_first_seed3005__model-HuggingFaceTB--SmolLM2-1.7B,B_first,3005,pre_washout,test-0020
5368e5d4,axis1_access_vs_provenance_value-conflict_orderexp_B_first_seed3005__model-HuggingFaceTB--SmolLM2-1.7B,B_first,3005,pre_washout,test-0021
a9c4e0af,axis1_access_vs_provenance_value-conflict_orderexp_B_first_seed3005__model-HuggingFaceTB--SmolLM2-1.7B,B_first,3005,pre_washout,test-0022
9a5376cc,axis1_access_vs_provenance_value-conflict_orderexp_B_first_seed3005__model-HuggingFaceTB--SmolLM2-1.7B,B_first,3005,pre_washout,test-0023
5629d63a,axis1_access_vs_provenance_value-conflict_orderexp_B_first_seed3005__model-HuggingFaceTB--SmolLM2-1.7B,B_first,3005,pre_washout,test-0024
4d491b14,axis1_access_vs_provenance_value-conflict_orderexp_B_first_seed3005__model-HuggingFaceTB--SmolLM2-1.7B,B_first,3005,post_washout,test-0001
0b5f2f83,axis1_access_vs_provenance_value-conflict_orderexp_B_first_seed3005__model-HuggingFaceTB--SmolLM2-1.7B,B_first,3005,post_washout,test-0002
017ab5c0,axis1_access_vs_provenance_value-conflict_orderexp_B_first_seed3005__model-HuggingFaceTB--SmolLM2-1.7B,B_first,3005,post_washout,test-0003
951659a0,axis1_access_vs_provenance_value-conflict_orderexp_B_first_seed3005__model-HuggingFaceTB--SmolLM2-1.7B,B_first,3005,post_washout,test-0004
b90cd0e8,axis1_access_vs_provenance_value-conflict_orderexp_B_first_seed3005__model-HuggingFaceTB--SmolLM2-1.7B,B_first,3005,post_washout,test-0005
d5da3f4a,axis1_access_vs_provenance_value-conflict_orderexp_B_first_seed3005__model-HuggingFaceTB--SmolLM2-1.7B,B_first,3005,post_washout,test-0006
1b898a7a,axis1_access_vs_provenance_value-conflict_orderexp_B_first_seed3005__model-HuggingFaceTB--SmolLM2-1.7B,B_first,3005,post_washout,test-0007
af120806,axis1_access_vs_provenance_value-conflict_orderexp_B_first_seed3005__model-HuggingFaceTB--SmolLM2-1.7B,B_first,3005,post_washout,test-0008
cd573b98,axis1_access_vs_provenance_value-conflict_orderexp_B_first_seed3005__model-HuggingFaceTB--SmolLM2-1.7B,B_first,3005,post_washout,test-0009
8bbec0a5,axis1_access_vs_provenance_value-conflict_orderexp_B_first_seed3005__model-HuggingFaceTB--SmolLM2-1.7B,B_first,3005,post_washout,test-0010
9246ac4c,axis1_access_vs_provenance_value-conflict_orderexp_B_first_seed3005__model-HuggingFaceTB--SmolLM2-1.7B,B_first,3005,post_washout,test-0011
ae86db71,axis1_access_vs_provenance_value-conflict_orderexp_B_first_seed3005__model-HuggingFaceTB--SmolLM2-1.7B,B_first,3005,post_washout,test-0012
74d42560,axis1_access_vs_provenance_value-conflict_orderexp_B_first_seed3005__model-HuggingFaceTB--SmolLM2-1.7B,B_first,3005,post_washout,test-0013
9fe754c0,axis1_access_vs_provenance_value-conflict_orderexp_B_first_seed3005__model-HuggingFaceTB--SmolLM2-1.7B,B_first,3005,post_washout,test-0014
a2c66043,axis1_access_vs_provenance_value-conflict_orderexp_B_first_seed3005__model-HuggingFaceTB--SmolLM2-1.7B,B_first,3005,post_washout,test-0015
06d64e69,axis1_access_vs_provenance_value-conflict_orderexp_B_first_seed3005__model-HuggingFaceTB--SmolLM2-1.7B,B_first,3005,post_washout,test-0016
be674113,axis1_access_vs_provenance_value-conflict_orderexp_B_first_seed3005__model-HuggingFaceTB--SmolLM2-1.7B,B_first,3005,post_washout,test-0017
aa3143d1,axis1_access_vs_provenance_value-conflict_orderexp_B_first_seed3005__model-HuggingFaceTB--SmolLM2-1.7B,B_first,3005,post_washout,test-0018
e14aa6e2,axis1_access_vs_provenance_value-conflict_orderexp_B_first_seed3005__model-HuggingFaceTB--SmolLM2-1.7B,B_first,3005,post_washout,test-0019
beda9a1f,axis1_access_vs_provenance_value-conflict_orderexp_B_first_seed3005__model-HuggingFaceTB--SmolLM2-1.7B,B_first,3005,post_washout,test-0020
7748d69f,axis1_access_vs_provenance_value-conflict_orderexp_B_first_seed3005__model-HuggingFaceTB--SmolLM2-1.7B,B_first,3005,post_washout,test-0021
bf907c94,axis1_access_vs_provenance_value-conflict_orderexp_B_first_seed3005__model-HuggingFaceTB--SmolLM2-1.7B,B_first,3005,post_washout,test-0022
94a3f659,axis1_access_vs_provenance_value-conflict_orderexp_B_first_seed3005__model-HuggingFaceTB--SmolLM2-1.7B,B_first,3005,post_washout,test-0023
d3e2261f,axis1_access_vs_provenance_value-conflict_orderexp_B_first_seed3005__model-HuggingFaceTB--SmolLM2-1.7B,B_first,3005,post_washout,test-0024
6c75f21d,axis1_access_vs_provenance_value-conflict_orderexp_interleaved_seed3005__model-HuggingFaceTB--SmolLM2-1.7B,interleaved,3005,pre_washout,test-0001
248fc7c1,axis1_access_vs_provenance_value-conflict_orderexp_interleaved_seed3005__model-HuggingFaceTB--SmolLM2-1.7B,interleaved,3005,pre_washout,test-0002
da8d1e00,axis1_access_vs_provenance_value-conflict_orderexp_interleaved_seed3005__model-HuggingFaceTB--SmolLM2-1.7B,interleaved,3005,pre_washout,test-0003
c8da7293,axis1_access_vs_provenance_value-conflict_orderexp_interleaved_seed3005__model-HuggingFaceTB--SmolLM2-1.7B,interleaved,3005,pre_washout,test-0004
9d6f21a5,axis1_access_vs_provenance_value-conflict_orderexp_interleaved_seed3005__model-HuggingFaceTB--SmolLM2-1.7B,interleaved,3005,pre_washout,test-0005
3995d779,axis1_access_vs_provenance_value-conflict_orderexp_interleaved_seed3005__model-HuggingFaceTB--SmolLM2-1.7B,interleaved,3005,pre_washout,test-0006
4ac10659,axis1_access_vs_provenance_value-conflict_orderexp_interleaved_seed3005__model-HuggingFaceTB--SmolLM2-1.7B,interleaved,3005,pre_washout,test-0007
e782adb7,axis1_access_vs_provenance_value-conflict_orderexp_interleaved_seed3005__model-HuggingFaceTB--SmolLM2-1.7B,interleaved,3005,pre_washout,test-0008
9386b36b,axis1_access_vs_provenance_value-conflict_orderexp_interleaved_seed3005__model-HuggingFaceTB--SmolLM2-1.7B,interleaved,3005,pre_washout,test-0009
c56df55f,axis1_access_vs_provenance_value-conflict_orderexp_interleaved_seed3005__model-HuggingFaceTB--SmolLM2-1.7B,interleaved,3005,pre_washout,test-0010
b7c2756d,axis1_access_vs_provenance_value-conflict_orderexp_interleaved_seed3005__model-HuggingFaceTB--SmolLM2-1.7B,interleaved,3005,pre_washout,test-0011
5f691db5,axis1_access_vs_provenance_value-conflict_orderexp_interleaved_seed3005__model-HuggingFaceTB--SmolLM2-1.7B,interleaved,3005,pre_washout,test-0012
16315e84,axis1_access_vs_provenance_value-conflict_orderexp_interleaved_seed3005__model-HuggingFaceTB--SmolLM2-1.7B,interleaved,3005,pre_washout,test-0013
8609fabb,axis1_access_vs_provenance_value-conflict_orderexp_interleaved_seed3005__model-HuggingFaceTB--SmolLM2-1.7B,interleaved,3005,pre_washout,test-0014
c3aa4a39,axis1_access_vs_provenance_value-conflict_orderexp_interleaved_seed3005__model-HuggingFaceTB--SmolLM2-1.7B,interleaved,3005,pre_washout,test-0015
4344cb7d,axis1_access_vs_provenance_value-conflict_orderexp_interleaved_seed3005__model-HuggingFaceTB--SmolLM2-1.7B,interleaved,3005,pre_washout,test-0016
04642b21,axis1_access_vs_provenance_value-conflict_orderexp_interleaved_seed3005__model-HuggingFaceTB--SmolLM2-1.7B,interleaved,3005,pre_washout,test-0017
eb89b192,axis1_access_vs_provenance_value-conflict_orderexp_interleaved_seed3005__model-HuggingFaceTB--SmolLM2-1.7B,interleaved,3005,pre_washout,test-0018
ded82a21,axis1_access_vs_provenance_value-conflict_orderexp_interleaved_seed3005__model-HuggingFaceTB--SmolLM2-1.7B,interleaved,3005,pre_washout,test-0019
587c65ea,axis1_access_vs_provenance_value-conflict_orderexp_interleaved_seed3005__model-HuggingFaceTB--SmolLM2-1.7B,interleaved,3005,pre_washout,test-0020
01ae6bfd,axis1_access_vs_provenance_value-conflict_orderexp_interleaved_seed3005__model-HuggingFaceTB--SmolLM2-1.7B,interleaved,3005,pre_washout,test-0021
d50467d3,axis1_access_vs_provenance_value-conflict_orderexp_interleaved_seed3005__model-HuggingFaceTB--SmolLM2-1.7B,interleaved,3005,pre_washout,test-0022
68b6c2e4,axis1_access_vs_provenance_value-conflict_orderexp_interleaved_seed3005__model-HuggingFaceTB--SmolLM2-1.7B,interleaved,3005,pre_washout,test-0023
56cb077f,axis1_access_vs_provenance_value-conflict_orderexp_interleaved_seed3005__model-HuggingFaceTB--SmolLM2-1.7B,interleaved,3005,pre_washout,test-0024
781e2aa4,axis1_access_vs_provenance_value-conflict_orderexp_interleaved_seed3005__model-HuggingFaceTB--SmolLM2-1.7B,interleaved,3005,post_washout,test-0001
63d1afd2,axis1_access_vs_provenance_value-conflict_orderexp_interleaved_seed3005__model-HuggingFaceTB--SmolLM2-1.7B,interleaved,3005,post_washout,test-0002
b0324db5,axis1_access_vs_provenance_value-conflict_orderexp_interleaved_seed3005__model-HuggingFaceTB--SmolLM2-1.7B,interleaved,3005,post_washout,test-0003
79eab645,axis1_access_vs_provenance_value-conflict_orderexp_interleaved_seed3005__model-HuggingFaceTB--SmolLM2-1.7B,interleaved,3005,post_washout,test-0004
63ed2888,axis1_access_vs_provenance_value-conflict_orderexp_interleaved_seed3005__model-HuggingFaceTB--SmolLM2-1.7B,interleaved,3005,post_washout,test-0005
3cc29d81,axis1_access_vs_provenance_value-conflict_orderexp_interleaved_seed3005__model-HuggingFaceTB--SmolLM2-1.7B,interleaved,3005,post_washout,test-0006
8a9a4b01,axis1_access_vs_provenance_value-conflict_orderexp_interleaved_seed3005__model-HuggingFaceTB--SmolLM2-1.7B,interleaved,3005,post_washout,test-0007
17e1fa32,axis1_access_vs_provenance_value-conflict_orderexp_interleaved_seed3005__model-HuggingFaceTB--SmolLM2-1.7B,interleaved,3005,post_washout,test-0008
18b6f828,axis1_access_vs_provenance_value-conflict_orderexp_interleaved_seed3005__model-HuggingFaceTB--SmolLM2-1.7B,interleaved,3005,post_washout,test-0009
e962cafb,axis1_access_vs_provenance_value-conflict_orderexp_interleaved_seed3005__model-HuggingFaceTB--SmolLM2-1.7B,interleaved,3005,post_washout,test-0010
4519d025,axis1_access_vs_provenance_value-conflict_orderexp_interleaved_seed3005__model-HuggingFaceTB--SmolLM2-1.7B,interleaved,3005,post_washout,test-0011
ffda8758,axis1_access_vs_provenance_value-conflict_orderexp_interleaved_seed3005__model-HuggingFaceTB--SmolLM2-1.7B,interleaved,3005,post_washout,test-0012
a3e4adbe,axis1_access_vs_provenance_value-conflict_orderexp_interleaved_seed3005__model-HuggingFaceTB--SmolLM2-1.7B,interleaved,3005,post_washout,test-0013
8342bf5e,axis1_access_vs_provenance_value-conflict_orderexp_interleaved_seed3005__model-HuggingFaceTB--SmolLM2-1.7B,interleaved,3005,post_washout,test-0014
f5943898,axis1_access_vs_provenance_value-conflict_orderexp_interleaved_seed3005__model-HuggingFaceTB--SmolLM2-1.7B,interleaved,3005,post_washout,test-0015
9b1cfc46,axis1_access_vs_provenance_value-conflict_orderexp_interleaved_seed3005__model-HuggingFaceTB--SmolLM2-1.7B,interleaved,3005,post_washout,test-0016
01f426ab,axis1_access_vs_provenance_value-conflict_orderexp_interleaved_seed3005__model-HuggingFaceTB--SmolLM2-1.7B,interleaved,3005,post_washout,test-0017
720d2ce6,axis1_access_vs_provenance_value-conflict_orderexp_interleaved_seed3005__model-HuggingFaceTB--SmolLM2-1.7B,interleaved,3005,post_washout,test-0018
26f8799c,axis1_access_vs_provenance_value-conflict_orderexp_interleaved_seed3005__model-HuggingFaceTB--SmolLM2-1.7B,interleaved,3005,post_washout,test-0019
23a80246,axis1_access_vs_provenance_value-conflict_orderexp_interleaved_seed3005__model-HuggingFaceTB--SmolLM2-1.7B,interleaved,3005,post_washout,test-0020
9622b501,axis1_access_vs_provenance_value-conflict_orderexp_interleaved_seed3005__model-HuggingFaceTB--SmolLM2-1.7B,interleaved,3005,post_washout,test-0021
0925286c,axis1_access_vs_provenance_value-conflict_orderexp_interleaved_seed3005__model-HuggingFaceTB--SmolLM2-1.7B,interleaved,3005,post_washout,test-0022
d0c63517,axis1_access_vs_provenance_value-conflict_orderexp_interleaved_seed3005__model-HuggingFaceTB--SmolLM2-1.7B,interleaved,3005,post_washout,test-0023
17a607b4,axis1_access_vs_provenance_value-conflict_orderexp_interleaved_seed3005__model-HuggingFaceTB--SmolLM2-1.7B,interleaved,3005,post_washout,test-0024
