label_id,run_name,condition,seed,checkpoint_boundary,scenario_id
abb1b046,axis1_access_vs_provenance_value-conflict_orderexp_A_first_seed3001__model-allenai--OLMo-2-0425-1B,A_first,3001,post_phase1,test-0001
355cca90,axis1_access_vs_provenance_value-conflict_orderexp_A_first_seed3001__model-allenai--OLMo-2-0425-1B,A_first,3001,post_phase1,test-0002
5f2b631f,axis1_access_vs_provenance_value-conflict_orderexp_A_first_seed3001__model-allenai--OLMo-2-0425-1B,A_first,3001,post_phase1,test-0003
041e3ecf,axis1_access_vs_provenance_value-conflict_orderexp_A_first_seed3001__model-allenai--OLMo-2-0425-1B,A_first,3001,post_phase1,test-0004
a1576658,axis1_access_vs_provenance_value-conflict_orderexp_A_first_seed3001__model-allenai--OLMo-2-0425-1B,A_first,3001,post_phase1,test-0005
3ea7cbee,axis1_access_vs_provenance_value-conflict_orderexp_A_first_seed3001__model-allenai--OLMo-2-0425-1B,A_first,3001,post_phase1,test-0006
026f5594,axis1_access_vs_provenance_value-conflict_orderexp_A_first_seed3001__model-allenai--OLMo-2-0425-1B,A_first,3001,post_phase1,test-0007
35dbae8d,axis1_access_vs_provenance_value-conflict_orderexp_A_first_seed3001__model-allenai--OLMo-2-0425-1B,A_first,3001,post_phase1,test-0008
435b07d7,axis1_access_vs_provenance_value-conflict_orderexp_A_first_seed3001__model-allenai--OLMo-2-0425-1B,A_first,3001,post_phase1,test-0009
1fc664fd,axis1_access_vs_provenance_value-conflict_orderexp_A_first_seed3001__model-allenai--OLMo-2-0425-1B,A_first,3001,post_phase1,test-0010
e79f852b,axis1_access_vs_provenance_value-conflict_orderexp_A_first_seed3001__model-allenai--OLMo-2-0425-1B,A_first,3001,post_phase1,test-0011
9048411e,axis1_access_vs_provenance_value-conflict_orderexp_A_first_seed3001__model-allenai--OLMo-2-0425-1B,A_first,3001,post_phase1,test-0012
11bd683b,axis1_access_vs_provenance_value-conflict_orderexp_A_first_seed3001__model-allenai--OLMo-2-0425-1B,A_first,3001,post_phase1,test-0013
855bf18a,axis1_access_vs_provenance_value-conflict_orderexp_A_first_seed3001__model-allenai--OLMo-2-0425-1B,A_first,3001,post_phase1,test-0014
37af5aa0,axis1_access_vs_provenance_value-conflict_orderexp_A_first_seed3001__model-allenai--OLMo-2-0425-1B,A_first,3001,post_phase1,test-0015
88923e67,axis1_access_vs_provenance_value-conflict_orderexp_A_first_seed3001__model-allenai--OLMo-2-0425-1B,A_first,3001,post_phase1,test-0016
cbfab1ab,axis1_access_vs_provenance_value-conflict_orderexp_A_first_seed3001__model-allenai--OLMo-2-0425-1B,A_first,3001,post_phase1,test-0017
46a0781b,axis1_access_vs_provenance_value-conflict_orderexp_A_first_seed3001__model-allenai--OLMo-2-0425-1B,A_first,3001,post_phase1,test-0018
5e52c41b,axis1_access_vs_provenance_value-conflict_orderexp_A_first_seed3001__model-allenai--OLMo-2-0425-1B,A_first,3001,post_phase1,test-0019
3bd8204b,axis1_access_vs_provenance_value-conflict_orderexp_A_first_seed3001__model-allenai--OLMo-2-0425-1B,A_first,3001,post_phase1,test-0020
4df714d9,axis1_access_vs_provenance_value-conflict_orderexp_A_first_seed3001__model-allenai--OLMo-2-0425-1B,A_first,3001,post_phase1,test-0021
eac1038d,axis1_access_vs_provenance_value-conflict_orderexp_A_first_seed3001__model-allenai--OLMo-2-0425-1B,A_first,3001,post_phase1,test-0022
ef17a97e,axis1_access_vs_provenance_value-conflict_orderexp_A_first_seed3001__model-allenai--OLMo-2-0425-1B,A_first,3001,post_phase1,test-0023
e98135a7,axis1_access_vs_provenance_value-conflict_orderexp_A_first_seed3001__model-allenai--OLMo-2-0425-1B,A_first,3001,post_phase1,test-0024
9e37399d,axis1_access_vs_provenance_value-conflict_orderexp_A_first_seed3001__model-allenai--OLMo-2-0425-1B,A_first,3001,pre_washout,test-0001
28577b93,axis1_access_vs_provenance_value-conflict_orderexp_A_first_seed3001__model-allenai--OLMo-2-0425-1B,A_first,3001,pre_washout,test-0002
76d2af22,axis1_access_vs_provenance_value-conflict_orderexp_A_first_seed3001__model-allenai--OLMo-2-0425-1B,A_first,3001,pre_washout,test-0003
1e5bebaf,axis1_access_vs_provenance_value-conflict_orderexp_A_first_seed3001__model-allenai--OLMo-2-0425-1B,A_first,3001,pre_washout,test-0004
88a5b925,axis1_access_vs_provenance_value-conflict_orderexp_A_first_seed3001__model-allenai--OLMo-2-0425-1B,A_first,3001,pre_washout,test-0005
3ea7c894,axis1_access_vs_provenance_value-conflict_orderexp_A_first_seed3001__model-allenai--OLMo-2-0425-1B,A_first,3001,pre_washout,test-0006
f1634d97,axis1_access_vs_provenance_value-conflict_orderexp_A_first_seed3001__model-allenai--OLMo-2-0425-1B,A_first,3001,pre_washout,test-0007
506a7957,axis1_access_vs_provenance_value-conflict_orderexp_A_first_seed3001__model-allenai--OLMo-2-0425-1B,A_first,3001,pre_washout,test-0008
2b453cf3,axis1_access_vs_provenance_value-conflict_orderexp_A_first_seed3001__model-allenai--OLMo-2-0425-1B,A_first,3001,pre_washout,test-0009
5f2f1eba,axis1_access_vs_provenance_value-conflict_orderexp_A_first_seed3001__model-allenai--OLMo-2-0425-1B,A_first,3001,pre_washout,test-0010
57161147,axis1_access_vs_provenance_value-conflict_orderexp_A_first_seed3001__model-allenai--OLMo-2-0425-1B,A_first,3001,pre_washout,test-0011
b26420b3,axis1_access_vs_provenance_value-conflict_orderexp_A_first_seed3001__model-allenai--OLMo-2-0425-1B,A_first,3001,pre_washout,test-0012
2313ce7b,axis1_access_vs_provenance_value-conflict_orderexp_A_first_seed3001__model-allenai--OLMo-2-0425-1B,A_first,3001,pre_washout,test-0013
5bfb41f6,axis1_access_vs_provenance_value-conflict_orderexp_A_first_seed3001__model-allenai--OLMo-2-0425-1B,A_first,3001,pre_washout,test-0014
4896b1c1,axis1_access_vs_provenance_value-conflict_orderexp_A_first_seed3001__model-allenai--OLMo-2-0425-1B,A_first,3001,pre_washout,test-0015
75cc07a9,axis1_access_vs_provenance_value-conflict_orderexp_A_first_seed3001__model-allenai--OLMo-2-0425-1B,A_first,3001,pre_washout,test-0016
09dbbba9,axis1_access_vs_provenance_value-conflict_orderexp_A_first_seed3001__model-allenai--OLMo-2-0425-1B,A_first,3001,pre_washout,test-0017
0f9756cb,axis1_access_vs_provenance_value-conflict_orderexp_A_first_seed3001__model-allenai--OLMo-2-0425-1B,A_first,3001,pre_washout,test-0018
3362ab2a,axis1_access_vs_provenance_value-conflict_orderexp_A_first_seed3001__model-allenai--OLMo-2-0425-1B,A_first,3001,pre_washout,test-0019
a8dce8f6,axis1_access_vs_provenance_value-conflict_orderexp_A_first_seed3001__model-allenai--OLMo-2-0425-1B,A_first,3001,pre_washout,test-0020
d452122a,axis1_access_vs_provenance_value-conflict_orderexp_A_first_seed3001__model-allenai--OLMo-2-0425-1B,A_first,3001,pre_washout,test-0021
966602c3,axis1_access_vs_provenance_value-conflict_orderexp_A_first_seed3001__model-allenai--OLMo-2-0425-1B,A_first,3001,pre_washout,test-0022
e2e6e841,axis1_access_vs_provenance_value-conflict_orderexp_A_first_seed3001__model-allenai--OLMo-2-0425-1B,A_first,3001,pre_washout,test-0023
a406181d,axis1_access_vs_provenance_value-conflict_orderexp_A_first_seed3001__model-allenai--OLMo-2-0425-1B,A_first,3001,pre_washout,test-0024
384d74b2,axis1_access_vs_provenance_value-conflict_orderexp_A_first_seed3001__model-allenai--OLMo-2-0425-1B,A_first,3001,post_washout,test-0001
1760b67c,axis1_access_vs_provenance_value-conflict_orderexp_A_first_seed3001__model-allenai--OLMo-2-0425-1B,A_first,3001,post_washout,test-0002
64baa3db,axis1_access_vs_provenance_value-conflict_orderexp_A_first_seed3001__model-allenai--OLMo-2-0425-1B,A_first,3001,post_washout,test-0003
1bcd700d,axis1_access_vs_provenance_value-conflict_orderexp_A_first_seed3001__model-allenai--OLMo-2-0425-1B,A_first,3001,post_washout,test-0004
0b7a18c7,axis1_access_vs_provenance_value-conflict_orderexp_A_first_seed3001__model-allenai--OLMo-2-0425-1B,A_first,3001,post_washout,test-0005
27e9185a,axis1_access_vs_provenance_value-conflict_orderexp_A_first_seed3001__model-allenai--OLMo-2-0425-1B,A_first,3001,post_washout,test-0006
4ed6ef46,axis1_access_vs_provenance_value-conflict_orderexp_A_first_seed3001__model-allenai--OLMo-2-0425-1B,A_first,3001,post_washout,test-0007
6bc9de60,axis1_access_vs_provenance_value-conflict_orderexp_A_first_seed3001__model-allenai--OLMo-2-0425-1B,A_first,3001,post_washout,test-0008
0970df4c,axis1_access_vs_provenance_value-conflict_orderexp_A_first_seed3001__model-allenai--OLMo-2-0425-1B,A_first,3001,post_washout,test-0009
c86a0a6e,axis1_access_vs_provenance_value-conflict_orderexp_A_first_seed3001__model-allenai--OLMo-2-0425-1B,A_first,3001,post_washout,test-0010
594a32ed,axis1_access_vs_provenance_value-conflict_orderexp_A_first_seed3001__model-allenai--OLMo-2-0425-1B,A_first,3001,post_washout,test-0011
66e3ca21,axis1_access_vs_provenance_value-conflict_orderexp_A_first_seed3001__model-allenai--OLMo-2-0425-1B,A_first,3001,post_washout,test-0012
6438bf2a,axis1_access_vs_provenance_value-conflict_orderexp_A_first_seed3001__model-allenai--OLMo-2-0425-1B,A_first,3001,post_washout,test-0013
341d5f94,axis1_access_vs_provenance_value-conflict_orderexp_A_first_seed3001__model-allenai--OLMo-2-0425-1B,A_first,3001,post_washout,test-0014
efc9dd1a,axis1_access_vs_provenance_value-conflict_orderexp_A_first_seed3001__model-allenai--OLMo-2-0425-1B,A_first,3001,post_washout,test-0015
cfa71b28,axis1_access_vs_provenance_value-conflict_orderexp_A_first_seed3001__model-allenai--OLMo-2-0425-1B,A_first,3001,post_washout,test-0016
a610a13c,axis1_access_vs_provenance_value-conflict_orderexp_A_first_seed3001__model-allenai--OLMo-2-0425-1B,A_first,3001,post_washout,test-0017
2223f650,axis1_access_vs_provenance_value-conflict_orderexp_A_first_seed3001__model-allenai--OLMo-2-0425-1B,A_first,3001,post_washout,test-0018
2ad076b9,axis1_access_vs_provenance_value-conflict_orderexp_A_first_seed3001__model-allenai--OLMo-2-0425-1B,A_first,3001,post_washout,test-0019
5d01a775,axis1_access_vs_provenance_value-conflict_orderexp_A_first_seed3001__model-allenai--OLMo-2-0425-1B,A_first,3001,post_washout,test-0020
5c13880e,axis1_access_vs_provenance_value-conflict_orderexp_A_first_seed3001__model-allenai--OLMo-2-0425-1B,A_first,3001,post_washout,test-0021
aae18e1c,axis1_access_vs_provenance_value-conflict_orderexp_A_first_seed3001__model-allenai--OLMo-2-0425-1B,A_first,3001,post_washout,test-0022
ad69b941,axis1_access_vs_provenance_value-conflict_orderexp_A_first_seed3001__model-allenai--OLMo-2-0425-1B,A_first,3001,post_washout,test-0023
47a66f0b,axis1_access_vs_provenance_value-conflict_orderexp_A_first_seed3001__model-allenai--OLMo-2-0425-1B,A_first,3001,post_washout,test-0024
84377352,axis1_access_vs_provenance_value-conflict_orderexp_B_first_seed3001__model-allenai--OLMo-2-0425-1B,B_first,3001,post_phase1,test-0001
7c130725,axis1_access_vs_provenance_value-conflict_orderexp_B_first_seed3001__model-allenai--OLMo-2-0425-1B,B_first,3001,post_phase1,test-0002
f0680d9f,axis1_access_vs_provenance_value-conflict_orderexp_B_first_seed3001__model-allenai--OLMo-2-0425-1B,B_first,3001,post_phase1,test-0003
1e52395e,axis1_access_vs_provenance_value-conflict_orderexp_B_first_seed3001__model-allenai--OLMo-2-0425-1B,B_first,3001,post_phase1,test-0004
73a4fbfa,axis1_access_vs_provenance_value-conflict_orderexp_B_first_seed3001__model-allenai--OLMo-2-0425-1B,B_first,3001,post_phase1,test-0005
5dea97dc,axis1_access_vs_provenance_value-conflict_orderexp_B_first_seed3001__model-allenai--OLMo-2-0425-1B,B_first,3001,post_phase1,test-0006
4e8f9ca4,axis1_access_vs_provenance_value-conflict_orderexp_B_first_seed3001__model-allenai--OLMo-2-0425-1B,B_first,3001,post_phase1,test-0007
1ff8b8d1,axis1_access_vs_provenance_value-conflict_orderexp_B_first_seed3001__model-allenai--OLMo-2-0425-1B,B_first,3001,post_phase1,test-0008
51a1849d,axis1_access_vs_provenance_value-conflict_orderexp_B_first_seed3001__model-allenai--OLMo-2-0425-1B,B_first,3001,post_phase1,test-0009
5588eb9f,axis1_access_vs_provenance_value-conflict_orderexp_B_first_seed3001__model-allenai--OLMo-2-0425-1B,B_first,3001,post_phase1,test-0010
a26d511b,axis1_access_vs_provenance_value-conflict_orderexp_B_first_seed3001__model-allenai--OLMo-2-0425-1B,B_first,3001,post_phase1,test-0011
27d530e5,axis1_access_vs_provenance_value-conflict_orderexp_B_first_seed3001__model-allenai--OLMo-2-0425-1B,B_first,3001,post_phase1,test-0012
f9e17673,axis1_access_vs_provenance_value-conflict_orderexp_B_first_seed3001__model-allenai--OLMo-2-0425-1B,B_first,3001,post_phase1,test-0013
2bc43e04,axis1_access_vs_provenance_value-conflict_orderexp_B_first_seed3001__model-allenai--OLMo-2-0425-1B,B_first,3001,post_phase1,test-0014
0dfa26f4,axis1_access_vs_provenance_value-conflict_orderexp_B_first_seed3001__model-allenai--OLMo-2-0425-1B,B_first,3001,post_phase1,test-0015
208cc73a,axis1_access_vs_provenance_value-conflict_orderexp_B_first_seed3001__model-allenai--OLMo-2-0425-1B,B_first,3001,post_phase1,test-0016
5eb5ead3,axis1_access_vs_provenance_value-conflict_orderexp_B_first_seed3001__model-allenai--OLMo-2-0425-1B,B_first,3001,post_phase1,test-0017
0251754d,axis1_access_vs_provenance_value-conflict_orderexp_B_first_seed3001__model-allenai--OLMo-2-0425-1B,B_first,3001,post_phase1,test-0018
04a4e399,axis1_access_vs_provenance_value-conflict_orderexp_B_first_seed3001__model-allenai--OLMo-2-0425-1B,B_first,3001,post_phase1,test-0019
4a413551,axis1_access_vs_provenance_value-conflict_orderexp_B_first_seed3001__model-allenai--OLMo-2-0425-1B,B_first,3001,post_phase1,test-0020
b9cac673,axis1_access_vs_provenance_value-conflict_orderexp_B_first_seed3001__model-allenai--OLMo-2-0425-1B,B_first,3001,post_phase1,test-0021
8f3204a9,axis1_access_vs_provenance_value-conflict_orderexp_B_first_seed3001__model-allenai--OLMo-2-0425-1B,B_first,3001,post_phase1,test-0022
566d0c15,axis1_access_vs_provenance_value-conflict_orderexp_B_first_seed3001__model-allenai--OLMo-2-0425-1B,B_first,3001,post_phase1,test-0023
051f5b2a,axis1_access_vs_provenance_value-conflict_orderexp_B_first_seed3001__model-allenai--OLMo-2-0425-1B,B_first,3001,post_phase1,test-0024
e522eadd,axis1_access_vs_provenance_value-conflict_orderexp_B_first_seed3001__model-allenai--OLMo-2-0425-1B,B_first,3001,pre_washout,test-0001
2ed27a8d,axis1_access_vs_provenance_value-conflict_orderexp_B_first_seed3001__model-allenai--OLMo-2-0425-1B,B_first,3001,pre_washout,test-0002
1720d1a3,axis1_access_vs_provenance_value-conflict_orderexp_B_first_seed3001__model-allenai--OLMo-2-0425-1B,B_first,3001,pre_washout,test-0003
7f3e825d,axis1_access_vs_provenance_value-conflict_orderexp_B_first_seed3001__model-allenai--OLMo-2-0425-1B,B_first,3001,pre_washout,test-0004
900a6b34,axis1_access_vs_provenance_value-conflict_orderexp_B_first_seed3001__model-allenai--OLMo-2-0425-1B,B_first,3001,pre_washout,test-0005
bdb11c5b,axis1_access_vs_provenance_value-conflict_orderexp_B_first_seed3001__model-allenai--OLMo-2-0425-1B,B_first,3001,pre_washout,test-0006
5ce08867,axis1_access_vs_provenance_value-conflict_orderexp_B_first_seed3001__model-allenai--OLMo-2-0425-1B,B_first,3001,pre_washout,test-0007
0e08f830,axis1_access_vs_provenance_value-conflict_orderexp_B_first_seed3001__model-allenai--OLMo-2-0425-1B,B_first,3001,pre_washout,test-0008
ae2dc5ee,axis1_access_vs_provenance_value-conflict_orderexp_B_first_seed3001__model-allenai--OLMo-2-0425-1B,B_first,3001,pre_washout,test-0009
ccc6e828,axis1_access_vs_provenance_value-conflict_orderexp_B_first_seed3001__model-allenai--OLMo-2-0425-1B,B_first,3001,pre_washout,test-0010
855ca173,axis1_access_vs_provenance_value-conflict_orderexp_B_first_seed3001__model-allenai--OLMo-2-0425-1B,B_first,3001,pre_washout,test-0011
9fee4571,axis1_access_vs_provenance_value-conflict_orderexp_B_first_seed3001__model-allenai--OLMo-2-0425-1B,B_first,3001,pre_washout,test-0012
81435285,axis1_access_vs_provenance_value-conflict_orderexp_B_first_seed3001__model-allenai--OLMo-2-0425-1B,B_first,3001,pre_washout,test-0013
c8f51a9d,axis1_access_vs_provenance_value-conflict_orderexp_B_first_seed3001__model-allenai--OLMo-2-0425-1B,B_first,3001,pre_washout,test-0014
ea1f4e4a,axis1_access_vs_provenance_value-conflict_orderexp_B_first_seed3001__model-allenai--OLMo-2-0425-1B,B_first,3001,pre_washout,test-0015
f0081ecf,axis1_access_vs_provenance_value-conflict_orderexp_B_first_seed3001__model-allenai--OLMo-2-0425-1B,B_first,3001,pre_washout,test-0016
4f1ce00a,axis1_access_vs_provenance_value-conflict_orderexp_B_first_seed3001__model-allenai--OLMo-2-0425-1B,B_first,3001,pre_washout,test-0017
01b3665e,axis1_access_vs_provenance_value-conflict_orderexp_B_first_seed3001__model-allenai--OLMo-2-0425-1B,B_first,3001,pre_washout,test-0018
ee03de62,axis1_access_vs_provenance_value-conflict_orderexp_B_first_seed3001__model-allenai--OLMo-2-0425-1B,B_first,3001,pre_washout,test-0019
45123bc3,axis1_access_vs_provenance_value-conflict_orderexp_B_first_seed3001__model-allenai--OLMo-2-0425-1B,B_first,3001,pre_washout,test-0020
b486b8f1,axis1_access_vs_provenance_value-conflict_orderexp_B_first_seed3001__model-allenai--OLMo-2-0425-1B,B_first,3001,pre_washout,test-0021
04842e26,axis1_access_vs_provenance_value-conflict_orderexp_B_first_seed3001__model-allenai--OLMo-2-0425-1B,B_first,3001,pre_washout,test-0022
a397ddbc,axis1_access_vs_provenance_value-conflict_orderexp_B_first_seed3001__model-allenai--OLMo-2-0425-1B,B_first,3001,pre_washout,test-0023
c313b9b1,axis1_access_vs_provenance_value-conflict_orderexp_B_first_seed3001__model-allenai--OLMo-2-0425-1B,B_first,3001,pre_washout,test-0024
985ee38c,axis1_access_vs_provenance_value-conflict_orderexp_B_first_seed3001__model-allenai--OLMo-2-0425-1B,B_first,3001,post_washout,test-0001
f2a192e2,axis1_access_vs_provenance_value-conflict_orderexp_B_first_seed3001__model-allenai--OLMo-2-0425-1B,B_first,3001,post_washout,test-0002
27026d1d,axis1_access_vs_provenance_value-conflict_orderexp_B_first_seed3001__model-allenai--OLMo-2-0425-1B,B_first,3001,post_washout,test-0003
303bd2b2,axis1_access_vs_provenance_value-conflict_orderexp_B_first_seed3001__model-allenai--OLMo-2-0425-1B,B_first,3001,post_washout,test-0004
262c33bf,axis1_access_vs_provenance_value-conflict_orderexp_B_first_seed3001__model-allenai--OLMo-2-0425-1B,B_first,3001,post_washout,test-0005
ce2078c6,axis1_access_vs_provenance_value-conflict_orderexp_B_first_seed3001__model-allenai--OLMo-2-0425-1B,B_first,3001,post_washout,test-0006
29be93b0,axis1_access_vs_provenance_value-conflict_orderexp_B_first_seed3001__model-allenai--OLMo-2-0425-1B,B_first,3001,post_washout,test-0007
680bb2ca,axis1_access_vs_provenance_value-conflict_orderexp_B_first_seed3001__model-allenai--OLMo-2-0425-1B,B_first,3001,post_washout,test-0008
e5c93b8b,axis1_access_vs_provenance_value-conflict_orderexp_B_first_seed3001__model-allenai--OLMo-2-0425-1B,B_first,3001,post_washout,test-0009
ca0cde87,axis1_access_vs_provenance_value-conflict_orderexp_B_first_seed3001__model-allenai--OLMo-2-0425-1B,B_first,3001,post_washout,test-0010
ae4f836a,axis1_access_vs_provenance_value-conflict_orderexp_B_first_seed3001__model-allenai--OLMo-2-0425-1B,B_first,3001,post_washout,test-0011
1edab8d5,axis1_access_vs_provenance_value-conflict_orderexp_B_first_seed3001__model-allenai--OLMo-2-0425-1B,B_first,3001,post_washout,test-0012
61b2e82e,axis1_access_vs_provenance_value-conflict_orderexp_B_first_seed3001__model-allenai--OLMo-2-0425-1B,B_first,3001,post_washout,test-0013
d06e53b1,axis1_access_vs_provenance_value-conflict_orderexp_B_first_seed3001__model-allenai--OLMo-2-0425-1B,B_first,3001,post_washout,test-0014
d514b872,axis1_access_vs_provenance_value-conflict_orderexp_B_first_seed3001__model-allenai--OLMo-2-0425-1B,B_first,3001,post_washout,test-0015
b54d8b68,axis1_access_vs_provenance_value-conflict_orderexp_B_first_seed3001__model-allenai--OLMo-2-0425-1B,B_first,3001,post_washout,test-0016
4a5b0a81,axis1_access_vs_provenance_value-conflict_orderexp_B_first_seed3001__model-allenai--OLMo-2-0425-1B,B_first,3001,post_washout,test-0017
659cfb50,axis1_access_vs_provenance_value-conflict_orderexp_B_first_seed3001__model-allenai--OLMo-2-0425-1B,B_first,3001,post_washout,test-0018
79eef6a7,axis1_access_vs_provenance_value-conflict_orderexp_B_first_seed3001__model-allenai--OLMo-2-0425-1B,B_first,3001,post_washout,test-0019
25fe86c0,axis1_access_vs_provenance_value-conflict_orderexp_B_first_seed3001__model-allenai--OLMo-2-0425-1B,B_first,3001,post_washout,test-0020
4f0d5e79,axis1_access_vs_provenance_value-conflict_orderexp_B_first_seed3001__model-allenai--OLMo-2-0425-1B,B_first,3001,post_washout,test-0021
cc74882c,axis1_access_vs_provenance_value-conflict_orderexp_B_first_seed3001__model-allenai--OLMo-2-0425-1B,B_first,3001,post_washout,test-0022
def83896,axis1_access_vs_provenance_value-conflict_orderexp_B_first_seed3001__model-allenai--OLMo-2-0425-1B,B_first,3001,post_washout,test-0023
f0dc2654,axis1_access_vs_provenance_value-conflict_orderexp_B_first_seed3001__model-allenai--OLMo-2-0425-1B,B_first,3001,post_washout,test-0024
da20ab64,axis1_access_vs_provenance_value-conflict_orderexp_interleaved_seed3001__model-allenai--OLMo-2-0425-1B,interleaved,3001,pre_washout,test-0001
78223c63,axis1_access_vs_provenance_value-conflict_orderexp_interleaved_seed3001__model-allenai--OLMo-2-0425-1B,interleaved,3001,pre_washout,test-0002
057b0617,axis1_access_vs_provenance_value-conflict_orderexp_interleaved_seed3001__model-allenai--OLMo-2-0425-1B,interleaved,3001,pre_washout,test-0003
32b86886,axis1_access_vs_provenance_value-conflict_orderexp_interleaved_seed3001__model-allenai--OLMo-2-0425-1B,interleaved,3001,pre_washout,test-0004
8e9d7365,axis1_access_vs_provenance_value-conflict_orderexp_interleaved_seed3001__model-allenai--OLMo-2-0425-1B,interleaved,3001,pre_washout,test-0005
d3e02a35,axis1_access_vs_provenance_value-conflict_orderexp_interleaved_seed3001__model-allenai--OLMo-2-0425-1B,interleaved,3001,pre_washout,test-0006
d77264f4,axis1_access_vs_provenance_value-conflict_orderexp_interleaved_seed3001__model-allenai--OLMo-2-0425-1B,interleaved,3001,pre_washout,test-0007
74ce7f1d,axis1_access_vs_provenance_value-conflict_orderexp_interleaved_seed3001__model-allenai--OLMo-2-0425-1B,interleaved,3001,pre_washout,test-0008
67e8bb8c,axis1_access_vs_provenance_value-conflict_orderexp_interleaved_seed3001__model-allenai--OLMo-2-0425-1B,interleaved,3001,pre_washout,test-0009
88653898,axis1_access_vs_provenance_value-conflict_orderexp_interleaved_seed3001__model-allenai--OLMo-2-0425-1B,interleaved,3001,pre_washout,test-0010
95676e77,axis1_access_vs_provenance_value-conflict_orderexp_interleaved_seed3001__model-allenai--OLMo-2-0425-1B,interleaved,3001,pre_washout,test-0011
c8d43bba,axis1_access_vs_provenance_value-conflict_orderexp_interleaved_seed3001__model-allenai--OLMo-2-0425-1B,interleaved,3001,pre_washout,test-0012
4fe05710,axis1_access_vs_provenance_value-conflict_orderexp_interleaved_seed3001__model-allenai--OLMo-2-0425-1B,interleaved,3001,pre_washout,test-0013
5b3a80ed,axis1_access_vs_provenance_value-conflict_orderexp_interleaved_seed3001__model-allenai--OLMo-2-0425-1B,interleaved,3001,pre_washout,test-0014
608ed9c7,axis1_access_vs_provenance_value-conflict_orderexp_interleaved_seed3001__model-allenai--OLMo-2-0425-1B,interleaved,3001,pre_washout,test-0015
6d198854,axis1_access_vs_provenance_value-conflict_orderexp_interleaved_seed3001__model-allenai--OLMo-2-0425-1B,interleaved,3001,pre_washout,test-0016
da6dc67e,axis1_access_vs_provenance_value-conflict_orderexp_interleaved_seed3001__model-allenai--OLMo-2-0425-1B,interleaved,3001,pre_washout,test-0017
50223c02,axis1_access_vs_provenance_value-conflict_orderexp_interleaved_seed3001__model-allenai--OLMo-2-0425-1B,interleaved,3001,pre_washout,test-0018
bacdf210,axis1_access_vs_provenance_value-conflict_orderexp_interleaved_seed3001__model-allenai--OLMo-2-0425-1B,interleaved,3001,pre_washout,test-0019
2fbee083,axis1_access_vs_provenance_value-conflict_orderexp_interleaved_seed3001__model-allenai--OLMo-2-0425-1B,interleaved,3001,pre_washout,test-0020
69a64285,axis1_access_vs_provenance_value-conflict_orderexp_interleaved_seed3001__model-allenai--OLMo-2-0425-1B,interleaved,3001,pre_washout,test-0021
24bdaa48,axis1_access_vs_provenance_value-conflict_orderexp_interleaved_seed3001__model-allenai--OLMo-2-0425-1B,interleaved,3001,pre_washout,test-0022
bb21ddee,axis1_access_vs_provenance_value-conflict_orderexp_interleaved_seed3001__model-allenai--OLMo-2-0425-1B,interleaved,3001,pre_washout,test-0023
86abecf0,axis1_access_vs_provenance_value-conflict_orderexp_interleaved_seed3001__model-allenai--OLMo-2-0425-1B,interleaved,3001,pre_washout,test-0024
3efb272e,axis1_access_vs_provenance_value-conflict_orderexp_interleaved_seed3001__model-allenai--OLMo-2-0425-1B,interleaved,3001,post_washout,test-0001
f8b4dee9,axis1_access_vs_provenance_value-conflict_orderexp_interleaved_seed3001__model-allenai--OLMo-2-0425-1B,interleaved,3001,post_washout,test-0002
662ca648,axis1_access_vs_provenance_value-conflict_orderexp_interleaved_seed3001__model-allenai--OLMo-2-0425-1B,interleaved,3001,post_washout,test-0003
5de19538,axis1_access_vs_provenance_value-conflict_orderexp_interleaved_seed3001__model-allenai--OLMo-2-0425-1B,interleaved,3001,post_washout,test-0004
2eec89ed,axis1_access_vs_provenance_value-conflict_orderexp_interleaved_seed3001__model-allenai--OLMo-2-0425-1B,interleaved,3001,post_washout,test-0005
db7ae228,axis1_access_vs_provenance_value-conflict_orderexp_interleaved_seed3001__model-allenai--OLMo-2-0425-1B,interleaved,3001,post_washout,test-0006
68f0bae4,axis1_access_vs_provenance_value-conflict_orderexp_interleaved_seed3001__model-allenai--OLMo-2-0425-1B,interleaved,3001,post_washout,test-0007
1381fe0d,axis1_access_vs_provenance_value-conflict_orderexp_interleaved_seed3001__model-allenai--OLMo-2-0425-1B,interleaved,3001,post_washout,test-0008
23d33667,axis1_access_vs_provenance_value-conflict_orderexp_interleaved_seed3001__model-allenai--OLMo-2-0425-1B,interleaved,3001,post_washout,test-0009
7671f5ba,axis1_access_vs_provenance_value-conflict_orderexp_interleaved_seed3001__model-allenai--OLMo-2-0425-1B,interleaved,3001,post_washout,test-0010
5d0588d5,axis1_access_vs_provenance_value-conflict_orderexp_interleaved_seed3001__model-allenai--OLMo-2-0425-1B,interleaved,3001,post_washout,test-0011
56567d98,axis1_access_vs_provenance_value-conflict_orderexp_interleaved_seed3001__model-allenai--OLMo-2-0425-1B,interleaved,3001,post_washout,test-0012
976d067d,axis1_access_vs_provenance_value-conflict_orderexp_interleaved_seed3001__model-allenai--OLMo-2-0425-1B,interleaved,3001,post_washout,test-0013
a106f3e5,axis1_access_vs_provenance_value-conflict_orderexp_interleaved_seed3001__model-allenai--OLMo-2-0425-1B,interleaved,3001,post_washout,test-0014
2a7da20d,axis1_access_vs_provenance_value-conflict_orderexp_interleaved_seed3001__model-allenai--OLMo-2-0425-1B,interleaved,3001,post_washout,test-0015
df9077e6,axis1_access_vs_provenance_value-conflict_orderexp_interleaved_seed3001__model-allenai--OLMo-2-0425-1B,interleaved,3001,post_washout,test-0016
c69b9c6b,axis1_access_vs_provenance_value-conflict_orderexp_interleaved_seed3001__model-allenai--OLMo-2-0425-1B,interleaved,3001,post_washout,test-0017
48f70546,axis1_access_vs_provenance_value-conflict_orderexp_interleaved_seed3001__model-allenai--OLMo-2-0425-1B,interleaved,3001,post_washout,test-0018
a735869b,axis1_access_vs_provenance_value-conflict_orderexp_interleaved_seed3001__model-allenai--OLMo-2-0425-1B,interleaved,3001,post_washout,test-0019
b7dda1ca,axis1_access_vs_provenance_value-conflict_orderexp_interleaved_seed3001__model-allenai--OLMo-2-0425-1B,interleaved,3001,post_washout,test-0020
b57b6e65,axis1_access_vs_provenance_value-conflict_orderexp_interleaved_seed3001__model-allenai--OLMo-2-0425-1B,interleaved,3001,post_washout,test-0021
71de1d59,axis1_access_vs_provenance_value-conflict_orderexp_interleaved_seed3001__model-allenai--OLMo-2-0425-1B,interleaved,3001,post_washout,test-0022
ac421c6a,axis1_access_vs_provenance_value-conflict_orderexp_interleaved_seed3001__model-allenai--OLMo-2-0425-1B,interleaved,3001,post_washout,test-0023
7b985b57,axis1_access_vs_provenance_value-conflict_orderexp_interleaved_seed3001__model-allenai--OLMo-2-0425-1B,interleaved,3001,post_washout,test-0024
898aaf3c,axis1_access_vs_provenance_value-conflict_orderexp_A_first_seed3002__model-allenai--OLMo-2-0425-1B,A_first,3002,post_phase1,test-0001
c40114bb,axis1_access_vs_provenance_value-conflict_orderexp_A_first_seed3002__model-allenai--OLMo-2-0425-1B,A_first,3002,post_phase1,test-0002
5f2adaff,axis1_access_vs_provenance_value-conflict_orderexp_A_first_seed3002__model-allenai--OLMo-2-0425-1B,A_first,3002,post_phase1,test-0003
69833600,axis1_access_vs_provenance_value-conflict_orderexp_A_first_seed3002__model-allenai--OLMo-2-0425-1B,A_first,3002,post_phase1,test-0004
27127a96,axis1_access_vs_provenance_value-conflict_orderexp_A_first_seed3002__model-allenai--OLMo-2-0425-1B,A_first,3002,post_phase1,test-0005
0a13fd11,axis1_access_vs_provenance_value-conflict_orderexp_A_first_seed3002__model-allenai--OLMo-2-0425-1B,A_first,3002,post_phase1,test-0006
4fc68a57,axis1_access_vs_provenance_value-conflict_orderexp_A_first_seed3002__model-allenai--OLMo-2-0425-1B,A_first,3002,post_phase1,test-0007
8cb585c6,axis1_access_vs_provenance_value-conflict_orderexp_A_first_seed3002__model-allenai--OLMo-2-0425-1B,A_first,3002,post_phase1,test-0008
ee1af1b3,axis1_access_vs_provenance_value-conflict_orderexp_A_first_seed3002__model-allenai--OLMo-2-0425-1B,A_first,3002,post_phase1,test-0009
090926c3,axis1_access_vs_provenance_value-conflict_orderexp_A_first_seed3002__model-allenai--OLMo-2-0425-1B,A_first,3002,post_phase1,test-0010
f1083aa3,axis1_access_vs_provenance_value-conflict_orderexp_A_first_seed3002__model-allenai--OLMo-2-0425-1B,A_first,3002,post_phase1,test-0011
52090b22,axis1_access_vs_provenance_value-conflict_orderexp_A_first_seed3002__model-allenai--OLMo-2-0425-1B,A_first,3002,post_phase1,test-0012
691462a3,axis1_access_vs_provenance_value-conflict_orderexp_A_first_seed3002__model-allenai--OLMo-2-0425-1B,A_first,3002,post_phase1,test-0013
919f3f1c,axis1_access_vs_provenance_value-conflict_orderexp_A_first_seed3002__model-allenai--OLMo-2-0425-1B,A_first,3002,post_phase1,test-0014
2cb0f8bc,axis1_access_vs_provenance_value-conflict_orderexp_A_first_seed3002__model-allenai--OLMo-2-0425-1B,A_first,3002,post_phase1,test-0015
f3a36793,axis1_access_vs_provenance_value-conflict_orderexp_A_first_seed3002__model-allenai--OLMo-2-0425-1B,A_first,3002,post_phase1,test-0016
15bc323d,axis1_access_vs_provenance_value-conflict_orderexp_A_first_seed3002__model-allenai--OLMo-2-0425-1B,A_first,3002,post_phase1,test-0017
07b079d3,axis1_access_vs_provenance_value-conflict_orderexp_A_first_seed3002__model-allenai--OLMo-2-0425-1B,A_first,3002,post_phase1,test-0018
295d6721,axis1_access_vs_provenance_value-conflict_orderexp_A_first_seed3002__model-allenai--OLMo-2-0425-1B,A_first,3002,post_phase1,test-0019
54097ad7,axis1_access_vs_provenance_value-conflict_orderexp_A_first_seed3002__model-allenai--OLMo-2-0425-1B,A_first,3002,post_phase1,test-0020
870d6d76,axis1_access_vs_provenance_value-conflict_orderexp_A_first_seed3002__model-allenai--OLMo-2-0425-1B,A_first,3002,post_phase1,test-0021
6ea71971,axis1_access_vs_provenance_value-conflict_orderexp_A_first_seed3002__model-allenai--OLMo-2-0425-1B,A_first,3002,post_phase1,test-0022
e3a89ca8,axis1_access_vs_provenance_value-conflict_orderexp_A_first_seed3002__model-allenai--OLMo-2-0425-1B,A_first,3002,post_phase1,test-0023
db30752b,axis1_access_vs_provenance_value-conflict_orderexp_A_first_seed3002__model-allenai--OLMo-2-0425-1B,A_first,3002,post_phase1,test-0024
f216e375,axis1_access_vs_provenance_value-conflict_orderexp_A_first_seed3002__model-allenai--OLMo-2-0425-1B,A_first,3002,pre_washout,test-0001
d8f4d2f5,axis1_access_vs_provenance_value-conflict_orderexp_A_first_seed3002__model-allenai--OLMo-2-0425-1B,A_first,3002,pre_washout,test-0002
2007dcf3,axis1_access_vs_provenance_value-conflict_orderexp_A_first_seed3002__model-allenai--OLMo-2-0425-1B,A_first,3002,pre_washout,test-0003
551c2393,axis1_access_vs_provenance_value-conflict_orderexp_A_first_seed3002__model-allenai--OLMo-2-0425-1B,A_first,3002,pre_washout,test-0004
00257c20,axis1_access_vs_provenance_value-conflict_orderexp_A_first_seed3002__model-allenai--OLMo-2-0425-1B,A_first,3002,pre_washout,test-0005
899fdeb2,axis1_access_vs_provenance_value-conflict_orderexp_A_first_seed3002__model-allenai--OLMo-2-0425-1B,A_first,3002,pre_washout,test-0006
e94d368d,axis1_access_vs_provenance_value-conflict_orderexp_A_first_seed3002__model-allenai--OLMo-2-0425-1B,A_first,3002,pre_washout,test-0007
a9827108,axis1_access_vs_provenance_value-conflict_orderexp_A_first_seed3002__model-allenai--OLMo-2-0425-1B,A_first,3002,pre_washout,test-0008
86727b07,axis1_access_vs_provenance_value-conflict_orderexp_A_first_seed3002__model-allenai--OLMo-2-0425-1B,A_first,3002,pre_washout,test-0009
8fce5bf1,axis1_access_vs_provenance_value-conflict_orderexp_A_first_seed3002__model-allenai--OLMo-2-0425-1B,A_first,3002,pre_washout,test-0010
3778c769,axis1_access_vs_provenance_value-conflict_orderexp_A_first_seed3002__model-allenai--OLMo-2-0425-1B,A_first,3002,pre_washout,test-0011
143c8058,axis1_access_vs_provenance_value-conflict_orderexp_A_first_seed3002__model-allenai--OLMo-2-0425-1B,A_first,3002,pre_washout,test-0012
52b2bec5,axis1_access_vs_provenance_value-conflict_orderexp_A_first_seed3002__model-allenai--OLMo-2-0425-1B,A_first,3002,pre_washout,test-0013
29214411,axis1_access_vs_provenance_value-conflict_orderexp_A_first_seed3002__model-allenai--OLMo-2-0425-1B,A_first,3002,pre_washout,test-0014
c8bed71c,axis1_access_vs_provenance_value-conflict_orderexp_A_first_seed3002__model-allenai--OLMo-2-0425-1B,A_first,3002,pre_washout,test-0015
025262c4,axis1_access_vs_provenance_value-conflict_orderexp_A_first_seed3002__model-allenai--OLMo-2-0425-1B,A_first,3002,pre_washout,test-0016
36732d51,axis1_access_vs_provenance_value-conflict_orderexp_A_first_seed3002__model-allenai--OLMo-2-0425-1B,A_first,3002,pre_washout,test-0017
7237740c,axis1_access_vs_provenance_value-conflict_orderexp_A_first_seed3002__model-allenai--OLMo-2-0425-1B,A_first,3002,pre_washout,test-0018
00b3b360,axis1_access_vs_provenance_value-conflict_orderexp_A_first_seed3002__model-allenai--OLMo-2-0425-1B,A_first,3002,pre_washout,test-0019
4938c78b,axis1_access_vs_provenance_value-conflict_orderexp_A_first_seed3002__model-allenai--OLMo-2-0425-1B,A_first,3002,pre_washout,test-0020
974f5afe,axis1_access_vs_provenance_value-conflict_orderexp_A_first_seed3002__model-allenai--OLMo-2-0425-1B,A_first,3002,pre_washout,test-0021
a71df73c,axis1_access_vs_provenance_value-conflict_orderexp_A_first_seed3002__model-allenai--OLMo-2-0425-1B,A_first,3002,pre_washout,test-0022
f4927a09,axis1_access_vs_provenance_value-conflict_orderexp_A_first_seed3002__model-allenai--OLMo-2-0425-1B,A_first,3002,pre_washout,test-0023
a68bda4a,axis1_access_vs_provenance_value-conflict_orderexp_A_first_seed3002__model-allenai--OLMo-2-0425-1B,A_first,3002,pre_washout,test-0024
1615c77a,axis1_access_vs_provenance_value-conflict_orderexp_A_first_seed3002__model-allenai--OLMo-2-0425-1B,A_first,3002,post_washout,test-0001
d9429c75,axis1_access_vs_provenance_value-conflict_orderexp_A_first_seed3002__model-allenai--OLMo-2-0425-1B,A_first,3002,post_washout,test-0002
87ba9f17,axis1_access_vs_provenance_value-conflict_orderexp_A_first_seed3002__model-allenai--OLMo-2-0425-1B,A_first,3002,post_washout,test-0003
99e10c4f,axis1_access_vs_provenance_value-conflict_orderexp_A_first_seed3002__model-allenai--OLMo-2-0425-1B,A_first,3002,post_washout,test-0004
4ab3b815,axis1_access_vs_provenance_value-conflict_orderexp_A_first_seed3002__model-allenai--OLMo-2-0425-1B,A_first,3002,post_washout,test-0005
ddb76a80,axis1_access_vs_provenance_value-conflict_orderexp_A_first_seed3002__model-allenai--OLMo-2-0425-1B,A_first,3002,post_washout,test-0006
c8deb183,axis1_access_vs_provenance_value-conflict_orderexp_A_first_seed3002__model-allenai--OLMo-2-0425-1B,A_first,3002,post_washout,test-0007
9b1d72e3,axis1_access_vs_provenance_value-conflict_orderexp_A_first_seed3002__model-allenai--OLMo-2-0425-1B,A_first,3002,post_washout,test-0008
4aee82e0,axis1_access_vs_provenance_value-conflict_orderexp_A_first_seed3002__model-allenai--OLMo-2-0425-1B,A_first,3002,post_washout,test-0009
f0232148,axis1_access_vs_provenance_value-conflict_orderexp_A_first_seed3002__model-allenai--OLMo-2-0425-1B,A_first,3002,post_washout,test-0010
b19c1484,axis1_access_vs_provenance_value-conflict_orderexp_A_first_seed3002__model-allenai--OLMo-2-0425-1B,A_first,3002,post_washout,test-0011
cc8a8a8c,axis1_access_vs_provenance_value-conflict_orderexp_A_first_seed3002__model-allenai--OLMo-2-0425-1B,A_first,3002,post_washout,test-0012
6aa1fc3b,axis1_access_vs_provenance_value-conflict_orderexp_A_first_seed3002__model-allenai--OLMo-2-0425-1B,A_first,3002,post_washout,test-0013
9559c088,axis1_access_vs_provenance_value-conflict_orderexp_A_first_seed3002__model-allenai--OLMo-2-0425-1B,A_first,3002,post_washout,test-0014
16ad7a7f,axis1_access_vs_provenance_value-conflict_orderexp_A_first_seed3002__model-allenai--OLMo-2-0425-1B,A_first,3002,post_washout,test-0015
5cca2655,axis1_access_vs_provenance_value-conflict_orderexp_A_first_seed3002__model-allenai--OLMo-2-0425-1B,A_first,3002,post_washout,test-0016
1cc85827,axis1_access_vs_provenance_value-conflict_orderexp_A_first_seed3002__model-allenai--OLMo-2-0425-1B,A_first,3002,post_washout,test-0017
11d184c3,axis1_access_vs_provenance_value-conflict_orderexp_A_first_seed3002__model-allenai--OLMo-2-0425-1B,A_first,3002,post_washout,test-0018
28d632ff,axis1_access_vs_provenance_value-conflict_orderexp_A_first_seed3002__model-allenai--OLMo-2-0425-1B,A_first,3002,post_washout,test-0019
943f286f,axis1_access_vs_provenance_value-conflict_orderexp_A_first_seed3002__model-allenai--OLMo-2-0425-1B,A_first,3002,post_washout,test-0020
c25c8155,axis1_access_vs_provenance_value-conflict_orderexp_A_first_seed3002__model-allenai--OLMo-2-0425-1B,A_first,3002,post_washout,test-0021
dffd2838,axis1_access_vs_provenance_value-conflict_orderexp_A_first_seed3002__model-allenai--OLMo-2-0425-1B,A_first,3002,post_washout,test-0022
7b80136e,axis1_access_vs_provenance_value-conflict_orderexp_A_first_seed3002__model-allenai--OLMo-2-0425-1B,A_first,3002,post_washout,test-0023
1e2230d3,axis1_access_vs_provenance_value-conflict_orderexp_A_first_seed3002__model-allenai--OLMo-2-0425-1B,A_first,3002,post_washout,test-0024
c422e362,axis1_access_vs_provenance_value-conflict_orderexp_B_first_seed3002__model-allenai--OLMo-2-0425-1B,B_first,3002,post_phase1,test-0001
1958313c,axis1_access_vs_provenance_value-conflict_orderexp_B_first_seed3002__model-allenai--OLMo-2-0425-1B,B_first,3002,post_phase1,test-0002
a37c560a,axis1_access_vs_provenance_value-conflict_orderexp_B_first_seed3002__model-allenai--OLMo-2-0425-1B,B_first,3002,post_phase1,test-0003
2acfbbeb,axis1_access_vs_provenance_value-conflict_orderexp_B_first_seed3002__model-allenai--OLMo-2-0425-1B,B_first,3002,post_phase1,test-0004
22980170,axis1_access_vs_provenance_value-conflict_orderexp_B_first_seed3002__model-allenai--OLMo-2-0425-1B,B_first,3002,post_phase1,test-0005
1412247b,axis1_access_vs_provenance_value-conflict_orderexp_B_first_seed3002__model-allenai--OLMo-2-0425-1B,B_first,3002,post_phase1,test-0006
0b659eaf,axis1_access_vs_provenance_value-conflict_orderexp_B_first_seed3002__model-allenai--OLMo-2-0425-1B,B_first,3002,post_phase1,test-0007
ecaf7278,axis1_access_vs_provenance_value-conflict_orderexp_B_first_seed3002__model-allenai--OLMo-2-0425-1B,B_first,3002,post_phase1,test-0008
f3fbd072,axis1_access_vs_provenance_value-conflict_orderexp_B_first_seed3002__model-allenai--OLMo-2-0425-1B,B_first,3002,post_phase1,test-0009
a70e8b2e,axis1_access_vs_provenance_value-conflict_orderexp_B_first_seed3002__model-allenai--OLMo-2-0425-1B,B_first,3002,post_phase1,test-0010
4d37cac1,axis1_access_vs_provenance_value-conflict_orderexp_B_first_seed3002__model-allenai--OLMo-2-0425-1B,B_first,3002,post_phase1,test-0011
858bb809,axis1_access_vs_provenance_value-conflict_orderexp_B_first_seed3002__model-allenai--OLMo-2-0425-1B,B_first,3002,post_phase1,test-0012
05ac8419,axis1_access_vs_provenance_value-conflict_orderexp_B_first_seed3002__model-allenai--OLMo-2-0425-1B,B_first,3002,post_phase1,test-0013
41a7dbf6,axis1_access_vs_provenance_value-conflict_orderexp_B_first_seed3002__model-allenai--OLMo-2-0425-1B,B_first,3002,post_phase1,test-0014
a44f152b,axis1_access_vs_provenance_value-conflict_orderexp_B_first_seed3002__model-allenai--OLMo-2-0425-1B,B_first,3002,post_phase1,test-0015
965cb787,axis1_access_vs_provenance_value-conflict_orderexp_B_first_seed3002__model-allenai--OLMo-2-0425-1B,B_first,3002,post_phase1,test-0016
50c6a9be,axis1_access_vs_provenance_value-conflict_orderexp_B_first_seed3002__model-allenai--OLMo-2-0425-1B,B_first,3002,post_phase1,test-0017
5a350e99,axis1_access_vs_provenance_value-conflict_orderexp_B_first_seed3002__model-allenai--OLMo-2-0425-1B,B_first,3002,post_phase1,test-0018
853796c4,axis1_access_vs_provenance_value-conflict_orderexp_B_first_seed3002__model-allenai--OLMo-2-0425-1B,B_first,3002,post_phase1,test-0019
a5091fd5,axis1_access_vs_provenance_value-conflict_orderexp_B_first_seed3002__model-allenai--OLMo-2-0425-1B,B_first,3002,post_phase1,test-0020
14cd4155,axis1_access_vs_provenance_value-conflict_orderexp_B_first_seed3002__model-allenai--OLMo-2-0425-1B,B_first,3002,post_phase1,test-0021
279ee234,axis1_access_vs_provenance_value-conflict_orderexp_B_first_seed3002__model-allenai--OLMo-2-0425-1B,B_first,3002,post_phase1,test-0022
b82b4491,axis1_access_vs_provenance_value-conflict_orderexp_B_first_seed3002__model-allenai--OLMo-2-0425-1B,B_first,3002,post_phase1,test-0023
f543bfe0,axis1_access_vs_provenance_value-conflict_orderexp_B_first_seed3002__model-allenai--OLMo-2-0425-1B,B_first,3002,post_phase1,test-0024
0a64a473,axis1_access_vs_provenance_value-conflict_orderexp_B_first_seed3002__model-allenai--OLMo-2-0425-1B,B_first,3002,pre_washout,test-0001
20f68f61,axis1_access_vs_provenance_value-conflict_orderexp_B_first_seed3002__model-allenai--OLMo-2-0425-1B,B_first,3002,pre_washout,test-0002
97ddc897,axis1_access_vs_provenance_value-conflict_orderexp_B_first_seed3002__model-allenai--OLMo-2-0425-1B,B_first,3002,pre_washout,test-0003
51340af9,axis1_access_vs_provenance_value-conflict_orderexp_B_first_seed3002__model-allenai--OLMo-2-0425-1B,B_first,3002,pre_washout,test-0004
e0a7b4b1,axis1_access_vs_provenance_value-conflict_orderexp_B_first_seed3002__model-allenai--OLMo-2-0425-1B,B_first,3002,pre_washout,test-0005
f908d31e,axis1_access_vs_provenance_value-conflict_orderexp_B_first_seed3002__model-allenai--OLMo-2-0425-1B,B_first,3002,pre_washout,test-0006
5db55140,axis1_access_vs_provenance_value-conflict_orderexp_B_first_seed3002__model-allenai--OLMo-2-0425-1B,B_first,3002,pre_washout,test-0007
3c3561ea,axis1_access_vs_provenance_value-conflict_orderexp_B_first_seed3002__model-allenai--OLMo-2-0425-1B,B_first,3002,pre_washout,test-0008
f42e8e0e,axis1_access_vs_provenance_value-conflict_orderexp_B_first_seed3002__model-allenai--OLMo-2-0425-1B,B_first,3002,pre_washout,test-0009
0891c2a1,axis1_access_vs_provenance_value-conflict_orderexp_B_first_seed3002__model-allenai--OLMo-2-0425-1B,B_first,3002,pre_washout,test-0010
f4067a72,axis1_access_vs_provenance_value-conflict_orderexp_B_first_seed3002__model-allenai--OLMo-2-0425-1B,B_first,3002,pre_washout,test-0011
7633cc5b,axis1_access_vs_provenance_value-conflict_orderexp_B_first_seed3002__model-allenai--OLMo-2-0425-1B,B_first,3002,pre_washout,test-0012
f19c5505,axis1_access_vs_provenance_value-conflict_orderexp_B_first_seed3002__model-allenai--OLMo-2-0425-1B,B_first,3002,pre_washout,test-0013
095a7bc4,axis1_access_vs_provenance_value-conflict_orderexp_B_first_seed3002__model-allenai--OLMo-2-0425-1B,B_first,3002,pre_washout,test-0014
d460f28e,axis1_access_vs_provenance_value-conflict_orderexp_B_first_seed3002__model-allenai--OLMo-2-0425-1B,B_first,3002,pre_washout,test-0015
2370582e,axis1_access_vs_provenance_value-conflict_orderexp_B_first_seed3002__model-allenai--OLMo-2-0425-1B,B_first,3002,pre_washout,test-0016
20f616f2,axis1_access_vs_provenance_value-conflict_orderexp_B_first_seed3002__model-allenai--OLMo-2-0425-1B,B_first,3002,pre_washout,test-0017
52f38a78,axis1_access_vs_provenance_value-conflict_orderexp_B_first_seed3002__model-allenai--OLMo-2-0425-1B,B_first,3002,pre_washout,test-0018
99bdf5e2,axis1_access_vs_provenance_value-conflict_orderexp_B_first_seed3002__model-allenai--OLMo-2-0425-1B,B_first,3002,pre_washout,test-0019
ff51a9af,axis1_access_vs_provenance_value-conflict_orderexp_B_first_seed3002__model-allenai--OLMo-2-0425-1B,B_first,3002,pre_washout,test-0020
1b08cb1e,axis1_access_vs_provenance_value-conflict_orderexp_B_first_seed3002__model-allenai--OLMo-2-0425-1B,B_first,3002,pre_washout,test-0021
bba01447,axis1_access_vs_provenance_value-conflict_orderexp_B_first_seed3002__model-allenai--OLMo-2-0425-1B,B_first,3002,pre_washout,test-0022
d1c8c5f4,axis1_access_vs_provenance_value-conflict_orderexp_B_first_seed3002__model-allenai--OLMo-2-0425-1B,B_first,3002,pre_washout,test-0023
18de419d,axis1_access_vs_provenance_value-conflict_orderexp_B_first_seed3002__model-allenai--OLMo-2-0425-1B,B_first,3002,pre_washout,test-0024
e3dab0c0,axis1_access_vs_provenance_value-conflict_orderexp_B_first_seed3002__model-allenai--OLMo-2-0425-1B,B_first,3002,post_washout,test-0001
ee0d4d7d,axis1_access_vs_provenance_value-conflict_orderexp_B_first_seed3002__model-allenai--OLMo-2-0425-1B,B_first,3002,post_washout,test-0002
98351002,axis1_access_vs_provenance_value-conflict_orderexp_B_first_seed3002__model-allenai--OLMo-2-0425-1B,B_first,3002,post_washout,test-0003
7c0194ec,axis1_access_vs_provenance_value-conflict_orderexp_B_first_seed3002__model-allenai--OLMo-2-0425-1B,B_first,3002,post_washout,test-0004
b14cacaf,axis1_access_vs_provenance_value-conflict_orderexp_B_first_seed3002__model-allenai--OLMo-2-0425-1B,B_first,3002,post_washout,test-0005
7fed8f10,axis1_access_vs_provenance_value-conflict_orderexp_B_first_seed3002__model-allenai--OLMo-2-0425-1B,B_first,3002,post_washout,test-0006
6cd5812b,axis1_access_vs_provenance_value-conflict_orderexp_B_first_seed3002__model-allenai--OLMo-2-0425-1B,B_first,3002,post_washout,test-0007
8d02a01e,axis1_access_vs_provenance_value-conflict_orderexp_B_first_seed3002__model-allenai--OLMo-2-0425-1B,B_first,3002,post_washout,test-0008
386b6ee3,axis1_access_vs_provenance_value-conflict_orderexp_B_first_seed3002__model-allenai--OLMo-2-0425-1B,B_first,3002,post_washout,test-0009
18267752,axis1_access_vs_provenance_value-conflict_orderexp_B_first_seed3002__model-allenai--OLMo-2-0425-1B,B_first,3002,post_washout,test-0010
d9217a5b,axis1_access_vs_provenance_value-conflict_orderexp_B_first_seed3002__model-allenai--OLMo-2-0425-1B,B_first,3002,post_washout,test-0011
77a15490,axis1_access_vs_provenance_value-conflict_orderexp_B_first_seed3002__model-allenai--OLMo-2-0425-1B,B_first,3002,post_washout,test-0012
6dc45f50,axis1_access_vs_provenance_value-conflict_orderexp_B_first_seed3002__model-allenai--OLMo-2-0425-1B,B_first,3002,post_washout,test-0013
ff9543f5,axis1_access_vs_provenance_value-conflict_orderexp_B_first_seed3002__model-allenai--OLMo-2-0425-1B,B_first,3002,post_washout,test-0014
d44b5751,axis1_access_vs_provenance_value-conflict_orderexp_B_first_seed3002__model-allenai--OLMo-2-0425-1B,B_first,3002,post_washout,test-0015
cc03a721,axis1_access_vs_provenance_value-conflict_orderexp_B_first_seed3002__model-allenai--OLMo-2-0425-1B,B_first,3002,post_washout,test-0016
63883543,axis1_access_vs_provenance_value-conflict_orderexp_B_first_seed3002__model-allenai--OLMo-2-0425-1B,B_first,3002,post_washout,test-0017
56a7cf62,axis1_access_vs_provenance_value-conflict_orderexp_B_first_seed3002__model-allenai--OLMo-2-0425-1B,B_first,3002,post_washout,test-0018
75a08faa,axis1_access_vs_provenance_value-conflict_orderexp_B_first_seed3002__model-allenai--OLMo-2-0425-1B,B_first,3002,post_washout,test-0019
4573f127,axis1_access_vs_provenance_value-conflict_orderexp_B_first_seed3002__model-allenai--OLMo-2-0425-1B,B_first,3002,post_washout,test-0020
de76b119,axis1_access_vs_provenance_value-conflict_orderexp_B_first_seed3002__model-allenai--OLMo-2-0425-1B,B_first,3002,post_washout,test-0021
dfd3710e,axis1_access_vs_provenance_value-conflict_orderexp_B_first_seed3002__model-allenai--OLMo-2-0425-1B,B_first,3002,post_washout,test-0022
ca85d74c,axis1_access_vs_provenance_value-conflict_orderexp_B_first_seed3002__model-allenai--OLMo-2-0425-1B,B_first,3002,post_washout,test-0023
ba8cc044,axis1_access_vs_provenance_value-conflict_orderexp_B_first_seed3002__model-allenai--OLMo-2-0425-1B,B_first,3002,post_washout,test-0024
c29ad8d1,axis1_access_vs_provenance_value-conflict_orderexp_interleaved_seed3002__model-allenai--OLMo-2-0425-1B,interleaved,3002,pre_washout,test-0001
20de651c,axis1_access_vs_provenance_value-conflict_orderexp_interleaved_seed3002__model-allenai--OLMo-2-0425-1B,interleaved,3002,pre_washout,test-0002
1d734c7b,axis1_access_vs_provenance_value-conflict_orderexp_interleaved_seed3002__model-allenai--OLMo-2-0425-1B,interleaved,3002,pre_washout,test-0003
636e5d93,axis1_access_vs_provenance_value-conflict_orderexp_interleaved_seed3002__model-allenai--OLMo-2-0425-1B,interleaved,3002,pre_washout,test-0004
0e77f876,axis1_access_vs_provenance_value-conflict_orderexp_interleaved_seed3002__model-allenai--OLMo-2-0425-1B,interleaved,3002,pre_washout,test-0005
03b808bd,axis1_access_vs_provenance_value-conflict_orderexp_interleaved_seed3002__model-allenai--OLMo-2-0425-1B,interleaved,3002,pre_washout,test-0006
e39d42cf,axis1_access_vs_provenance_value-conflict_orderexp_interleaved_seed3002__model-allenai--OLMo-2-0425-1B,interleaved,3002,pre_washout,test-0007
105b807e,axis1_access_vs_provenance_value-conflict_orderexp_interleaved_seed3002__model-allenai--OLMo-2-0425-1B,interleaved,3002,pre_washout,test-0008
d8e8d022,axis1_access_vs_provenance_value-conflict_orderexp_interleaved_seed3002__model-allenai--OLMo-2-0425-1B,interleaved,3002,pre_washout,test-0009
f5721256,axis1_access_vs_provenance_value-conflict_orderexp_interleaved_seed3002__model-allenai--OLMo-2-0425-1B,interleaved,3002,pre_washout,test-0010
83ff4aed,axis1_access_vs_provenance_value-conflict_orderexp_interleaved_seed3002__model-allenai--OLMo-2-0425-1B,interleaved,3002,pre_washout,test-0011
31f385ec,axis1_access_vs_provenance_value-conflict_orderexp_interleaved_seed3002__model-allenai--OLMo-2-0425-1B,interleaved,3002,pre_washout,test-0012
a2f12b3a,axis1_access_vs_provenance_value-conflict_orderexp_interleaved_seed3002__model-allenai--OLMo-2-0425-1B,interleaved,3002,pre_washout,test-0013
4da683bb,axis1_access_vs_provenance_value-conflict_orderexp_interleaved_seed3002__model-allenai--OLMo-2-0425-1B,interleaved,3002,pre_washout,test-0014
fd9e0489,axis1_access_vs_provenance_value-conflict_orderexp_interleaved_seed3002__model-allenai--OLMo-2-0425-1B,interleaved,3002,pre_washout,test-0015
c7353647,axis1_access_vs_provenance_value-conflict_orderexp_interleaved_seed3002__model-allenai--OLMo-2-0425-1B,interleaved,3002,pre_washout,test-0016
40e15a94,axis1_access_vs_provenance_value-conflict_orderexp_interleaved_seed3002__model-allenai--OLMo-2-0425-1B,interleaved,3002,pre_washout,test-0017
f32217f9,axis1_access_vs_provenance_value-conflict_orderexp_interleaved_seed3002__model-allenai--OLMo-2-0425-1B,interleaved,3002,pre_washout,test-0018
f45257a0,axis1_access_vs_provenance_value-conflict_orderexp_interleaved_seed3002__model-allenai--OLMo-2-0425-1B,interleaved,3002,pre_washout,test-0019
8c58565b,axis1_access_vs_provenance_value-conflict_orderexp_interleaved_seed3002__model-allenai--OLMo-2-0425-1B,interleaved,3002,pre_washout,test-0020
9a2353ea,axis1_access_vs_provenance_value-conflict_orderexp_interleaved_seed3002__model-allenai--OLMo-2-0425-1B,interleaved,3002,pre_washout,test-0021
1211d48f,axis1_access_vs_provenance_value-conflict_orderexp_interleaved_seed3002__model-allenai--OLMo-2-0425-1B,interleaved,3002,pre_washout,test-0022
b7794c97,axis1_access_vs_provenance_value-conflict_orderexp_interleaved_seed3002__model-allenai--OLMo-2-0425-1B,interleaved,3002,pre_washout,test-0023
30c90a74,axis1_access_vs_provenance_value-conflict_orderexp_interleaved_seed3002__model-allenai--OLMo-2-0425-1B,interleaved,3002,pre_washout,test-0024
19091989,axis1_access_vs_provenance_value-conflict_orderexp_interleaved_seed3002__model-allenai--OLMo-2-0425-1B,interleaved,3002,post_washout,test-0001
0fcc555b,axis1_access_vs_provenance_value-conflict_orderexp_interleaved_seed3002__model-allenai--OLMo-2-0425-1B,interleaved,3002,post_washout,test-0002
62eb82f4,axis1_access_vs_provenance_value-conflict_orderexp_interleaved_seed3002__model-allenai--OLMo-2-0425-1B,interleaved,3002,post_washout,test-0003
41cb368a,axis1_access_vs_provenance_value-conflict_orderexp_interleaved_seed3002__model-allenai--OLMo-2-0425-1B,interleaved,3002,post_washout,test-0004
d32f9acf,axis1_access_vs_provenance_value-conflict_orderexp_interleaved_seed3002__model-allenai--OLMo-2-0425-1B,interleaved,3002,post_washout,test-0005
316a9ca3,axis1_access_vs_provenance_value-conflict_orderexp_interleaved_seed3002__model-allenai--OLMo-2-0425-1B,interleaved,3002,post_washout,test-0006
903848b6,axis1_access_vs_provenance_value-conflict_orderexp_interleaved_seed3002__model-allenai--OLMo-2-0425-1B,interleaved,3002,post_washout,test-0007
6bf9314a,axis1_access_vs_provenance_value-conflict_orderexp_interleaved_seed3002__model-allenai--OLMo-2-0425-1B,interleaved,3002,post_washout,test-0008
06e1a592,axis1_access_vs_provenance_value-conflict_orderexp_interleaved_seed3002__model-allenai--OLMo-2-0425-1B,interleaved,3002,post_washout,test-0009
161f5baf,axis1_access_vs_provenance_value-conflict_orderexp_interleaved_seed3002__model-allenai--OLMo-2-0425-1B,interleaved,3002,post_washout,test-0010
f9c2b095,axis1_access_vs_provenance_value-conflict_orderexp_interleaved_seed3002__model-allenai--OLMo-2-0425-1B,interleaved,3002,post_washout,test-0011
81bfa58f,axis1_access_vs_provenance_value-conflict_orderexp_interleaved_seed3002__model-allenai--OLMo-2-0425-1B,interleaved,3002,post_washout,test-0012
72b8ddfa,axis1_access_vs_provenance_value-conflict_orderexp_interleaved_seed3002__model-allenai--OLMo-2-0425-1B,interleaved,3002,post_washout,test-0013
b42faeaa,axis1_access_vs_provenance_value-conflict_orderexp_interleaved_seed3002__model-allenai--OLMo-2-0425-1B,interleaved,3002,post_washout,test-0014
b61daad4,axis1_access_vs_provenance_value-conflict_orderexp_interleaved_seed3002__model-allenai--OLMo-2-0425-1B,interleaved,3002,post_washout,test-0015
9afc653d,axis1_access_vs_provenance_value-conflict_orderexp_interleaved_seed3002__model-allenai--OLMo-2-0425-1B,interleaved,3002,post_washout,test-0016
5ef272f6,axis1_access_vs_provenance_value-conflict_orderexp_interleaved_seed3002__model-allenai--OLMo-2-0425-1B,interleaved,3002,post_washout,test-0017
09978cb7,axis1_access_vs_provenance_value-conflict_orderexp_interleaved_seed3002__model-allenai--OLMo-2-0425-1B,interleaved,3002,post_washout,test-0018
3200cfa0,axis1_access_vs_provenance_value-conflict_orderexp_interleaved_seed3002__model-allenai--OLMo-2-0425-1B,interleaved,3002,post_washout,test-0019
3959516f,axis1_access_vs_provenance_value-conflict_orderexp_interleaved_seed3002__model-allenai--OLMo-2-0425-1B,interleaved,3002,post_washout,test-0020
9608cdf0,axis1_access_vs_provenance_value-conflict_orderexp_interleaved_seed3002__model-allenai--OLMo-2-0425-1B,interleaved,3002,post_washout,test-0021
9c1a5e46,axis1_access_vs_provenance_value-conflict_orderexp_interleaved_seed3002__model-allenai--OLMo-2-0425-1B,interleaved,3002,post_washout,test-0022
a172241e,axis1_access_vs_provenance_value-conflict_orderexp_interleaved_seed3002__model-allenai--OLMo-2-0425-1B,interleaved,3002,post_washout,test-0023
34f1969c,axis1_access_vs_provenance_value-conflict_orderexp_interleaved_seed3002__model-allenai--OLMo-2-0425-1B,interleaved,3002,post_washout,test-0024
f1a5f9f0,axis1_access_vs_provenance_value-conflict_orderexp_A_first_seed3003__model-allenai--OLMo-2-0425-1B,A_first,3003,post_phase1,test-0001
fd5d74e5,axis1_access_vs_provenance_value-conflict_orderexp_A_first_seed3003__model-allenai--OLMo-2-0425-1B,A_first,3003,post_phase1,test-0002
009d1165,axis1_access_vs_provenance_value-conflict_orderexp_A_first_seed3003__model-allenai--OLMo-2-0425-1B,A_first,3003,post_phase1,test-0003
c5c62172,axis1_access_vs_provenance_value-conflict_orderexp_A_first_seed3003__model-allenai--OLMo-2-0425-1B,A_first,3003,post_phase1,test-0004
d5fbe665,axis1_access_vs_provenance_value-conflict_orderexp_A_first_seed3003__model-allenai--OLMo-2-0425-1B,A_first,3003,post_phase1,test-0005
72ea3a8b,axis1_access_vs_provenance_value-conflict_orderexp_A_first_seed3003__model-allenai--OLMo-2-0425-1B,A_first,3003,post_phase1,test-0006
0ed90a3a,axis1_access_vs_provenance_value-conflict_orderexp_A_first_seed3003__model-allenai--OLMo-2-0425-1B,A_first,3003,post_phase1,test-0007
997429a2,axis1_access_vs_provenance_value-conflict_orderexp_A_first_seed3003__model-allenai--OLMo-2-0425-1B,A_first,3003,post_phase1,test-0008
126a7d0b,axis1_access_vs_provenance_value-conflict_orderexp_A_first_seed3003__model-allenai--OLMo-2-0425-1B,A_first,3003,post_phase1,test-0009
1d44d360,axis1_access_vs_provenance_value-conflict_orderexp_A_first_seed3003__model-allenai--OLMo-2-0425-1B,A_first,3003,post_phase1,test-0010
f1674671,axis1_access_vs_provenance_value-conflict_orderexp_A_first_seed3003__model-allenai--OLMo-2-0425-1B,A_first,3003,post_phase1,test-0011
10e8c42b,axis1_access_vs_provenance_value-conflict_orderexp_A_first_seed3003__model-allenai--OLMo-2-0425-1B,A_first,3003,post_phase1,test-0012
5bb35e83,axis1_access_vs_provenance_value-conflict_orderexp_A_first_seed3003__model-allenai--OLMo-2-0425-1B,A_first,3003,post_phase1,test-0013
04f45a30,axis1_access_vs_provenance_value-conflict_orderexp_A_first_seed3003__model-allenai--OLMo-2-0425-1B,A_first,3003,post_phase1,test-0014
c6f84cb0,axis1_access_vs_provenance_value-conflict_orderexp_A_first_seed3003__model-allenai--OLMo-2-0425-1B,A_first,3003,post_phase1,test-0015
6288d89a,axis1_access_vs_provenance_value-conflict_orderexp_A_first_seed3003__model-allenai--OLMo-2-0425-1B,A_first,3003,post_phase1,test-0016
20a3f5ad,axis1_access_vs_provenance_value-conflict_orderexp_A_first_seed3003__model-allenai--OLMo-2-0425-1B,A_first,3003,post_phase1,test-0017
6ee5869d,axis1_access_vs_provenance_value-conflict_orderexp_A_first_seed3003__model-allenai--OLMo-2-0425-1B,A_first,3003,post_phase1,test-0018
151d21f8,axis1_access_vs_provenance_value-conflict_orderexp_A_first_seed3003__model-allenai--OLMo-2-0425-1B,A_first,3003,post_phase1,test-0019
1877964e,axis1_access_vs_provenance_value-conflict_orderexp_A_first_seed3003__model-allenai--OLMo-2-0425-1B,A_first,3003,post_phase1,test-0020
1552b0f5,axis1_access_vs_provenance_value-conflict_orderexp_A_first_seed3003__model-allenai--OLMo-2-0425-1B,A_first,3003,post_phase1,test-0021
41c079c4,axis1_access_vs_provenance_value-conflict_orderexp_A_first_seed3003__model-allenai--OLMo-2-0425-1B,A_first,3003,post_phase1,test-0022
cc9b7a87,axis1_access_vs_provenance_value-conflict_orderexp_A_first_seed3003__model-allenai--OLMo-2-0425-1B,A_first,3003,post_phase1,test-0023
2dc44d08,axis1_access_vs_provenance_value-conflict_orderexp_A_first_seed3003__model-allenai--OLMo-2-0425-1B,A_first,3003,post_phase1,test-0024
b2e7e6f3,axis1_access_vs_provenance_value-conflict_orderexp_A_first_seed3003__model-allenai--OLMo-2-0425-1B,A_first,3003,pre_washout,test-0001
64276b6e,axis1_access_vs_provenance_value-conflict_orderexp_A_first_seed3003__model-allenai--OLMo-2-0425-1B,A_first,3003,pre_washout,test-0002
27582c97,axis1_access_vs_provenance_value-conflict_orderexp_A_first_seed3003__model-allenai--OLMo-2-0425-1B,A_first,3003,pre_washout,test-0003
d6519cdb,axis1_access_vs_provenance_value-conflict_orderexp_A_first_seed3003__model-allenai--OLMo-2-0425-1B,A_first,3003,pre_washout,test-0004
db64bc54,axis1_access_vs_provenance_value-conflict_orderexp_A_first_seed3003__model-allenai--OLMo-2-0425-1B,A_first,3003,pre_washout,test-0005
2919a481,axis1_access_vs_provenance_value-conflict_orderexp_A_first_seed3003__model-allenai--OLMo-2-0425-1B,A_first,3003,pre_washout,test-0006
adad33e5,axis1_access_vs_provenance_value-conflict_orderexp_A_first_seed3003__model-allenai--OLMo-2-0425-1B,A_first,3003,pre_washout,test-0007
94879ae7,axis1_access_vs_provenance_value-conflict_orderexp_A_first_seed3003__model-allenai--OLMo-2-0425-1B,A_first,3003,pre_washout,test-0008
69c51c8d,axis1_access_vs_provenance_value-conflict_orderexp_A_first_seed3003__model-allenai--OLMo-2-0425-1B,A_first,3003,pre_washout,test-0009
9ac4741d,axis1_access_vs_provenance_value-conflict_orderexp_A_first_seed3003__model-allenai--OLMo-2-0425-1B,A_first,3003,pre_washout,test-0010
1fb89d2d,axis1_access_vs_provenance_value-conflict_orderexp_A_first_seed3003__model-allenai--OLMo-2-0425-1B,A_first,3003,pre_washout,test-0011
67fc9c75,axis1_access_vs_provenance_value-conflict_orderexp_A_first_seed3003__model-allenai--OLMo-2-0425-1B,A_first,3003,pre_washout,test-0012
5c551b3c,axis1_access_vs_provenance_value-conflict_orderexp_A_first_seed3003__model-allenai--OLMo-2-0425-1B,A_first,3003,pre_washout,test-0013
af110ed4,axis1_access_vs_provenance_value-conflict_orderexp_A_first_seed3003__model-allenai--OLMo-2-0425-1B,A_first,3003,pre_washout,test-0014
4765c73c,axis1_access_vs_provenance_value-conflict_orderexp_A_first_seed3003__model-allenai--OLMo-2-0425-1B,A_first,3003,pre_washout,test-0015
b9df398a,axis1_access_vs_provenance_value-conflict_orderexp_A_first_seed3003__model-allenai--OLMo-2-0425-1B,A_first,3003,pre_washout,test-0016
ae3548eb,axis1_access_vs_provenance_value-conflict_orderexp_A_first_seed3003__model-allenai--OLMo-2-0425-1B,A_first,3003,pre_washout,test-0017
07c74c5d,axis1_access_vs_provenance_value-conflict_orderexp_A_first_seed3003__model-allenai--OLMo-2-0425-1B,A_first,3003,pre_washout,test-0018
c823973b,axis1_access_vs_provenance_value-conflict_orderexp_A_first_seed3003__model-allenai--OLMo-2-0425-1B,A_first,3003,pre_washout,test-0019
c2d726e9,axis1_access_vs_provenance_value-conflict_orderexp_A_first_seed3003__model-allenai--OLMo-2-0425-1B,A_first,3003,pre_washout,test-0020
b00f1805,axis1_access_vs_provenance_value-conflict_orderexp_A_first_seed3003__model-allenai--OLMo-2-0425-1B,A_first,3003,pre_washout,test-0021
a53b7301,axis1_access_vs_provenance_value-conflict_orderexp_A_first_seed3003__model-allenai--OLMo-2-0425-1B,A_first,3003,pre_washout,test-0022
99d4024f,axis1_access_vs_provenance_value-conflict_orderexp_A_first_seed3003__model-allenai--OLMo-2-0425-1B,A_first,3003,pre_washout,test-0023
e5175b10,axis1_access_vs_provenance_value-conflict_orderexp_A_first_seed3003__model-allenai--OLMo-2-0425-1B,A_first,3003,pre_washout,test-0024
b68cd439,axis1_access_vs_provenance_value-conflict_orderexp_A_first_seed3003__model-allenai--OLMo-2-0425-1B,A_first,3003,post_washout,test-0001
dda91d43,axis1_access_vs_provenance_value-conflict_orderexp_A_first_seed3003__model-allenai--OLMo-2-0425-1B,A_first,3003,post_washout,test-0002
0128250f,axis1_access_vs_provenance_value-conflict_orderexp_A_first_seed3003__model-allenai--OLMo-2-0425-1B,A_first,3003,post_washout,test-0003
12d354c0,axis1_access_vs_provenance_value-conflict_orderexp_A_first_seed3003__model-allenai--OLMo-2-0425-1B,A_first,3003,post_washout,test-0004
dd4d3943,axis1_access_vs_provenance_value-conflict_orderexp_A_first_seed3003__model-allenai--OLMo-2-0425-1B,A_first,3003,post_washout,test-0005
8b95d7e2,axis1_access_vs_provenance_value-conflict_orderexp_A_first_seed3003__model-allenai--OLMo-2-0425-1B,A_first,3003,post_washout,test-0006
0b8c357d,axis1_access_vs_provenance_value-conflict_orderexp_A_first_seed3003__model-allenai--OLMo-2-0425-1B,A_first,3003,post_washout,test-0007
7a33f256,axis1_access_vs_provenance_value-conflict_orderexp_A_first_seed3003__model-allenai--OLMo-2-0425-1B,A_first,3003,post_washout,test-0008
1833d0c0,axis1_access_vs_provenance_value-conflict_orderexp_A_first_seed3003__model-allenai--OLMo-2-0425-1B,A_first,3003,post_washout,test-0009
1d40930b,axis1_access_vs_provenance_value-conflict_orderexp_A_first_seed3003__model-allenai--OLMo-2-0425-1B,A_first,3003,post_washout,test-0010
10176faa,axis1_access_vs_provenance_value-conflict_orderexp_A_first_seed3003__model-allenai--OLMo-2-0425-1B,A_first,3003,post_washout,test-0011
8dafa73e,axis1_access_vs_provenance_value-conflict_orderexp_A_first_seed3003__model-allenai--OLMo-2-0425-1B,A_first,3003,post_washout,test-0012
0a3dcd8a,axis1_access_vs_provenance_value-conflict_orderexp_A_first_seed3003__model-allenai--OLMo-2-0425-1B,A_first,3003,post_washout,test-0013
32118afb,axis1_access_vs_provenance_value-conflict_orderexp_A_first_seed3003__model-allenai--OLMo-2-0425-1B,A_first,3003,post_washout,test-0014
ee8f82fb,axis1_access_vs_provenance_value-conflict_orderexp_A_first_seed3003__model-allenai--OLMo-2-0425-1B,A_first,3003,post_washout,test-0015
e64ba18d,axis1_access_vs_provenance_value-conflict_orderexp_A_first_seed3003__model-allenai--OLMo-2-0425-1B,A_first,3003,post_washout,test-0016
ace6bd82,axis1_access_vs_provenance_value-conflict_orderexp_A_first_seed3003__model-allenai--OLMo-2-0425-1B,A_first,3003,post_washout,test-0017
b05e19a1,axis1_access_vs_provenance_value-conflict_orderexp_A_first_seed3003__model-allenai--OLMo-2-0425-1B,A_first,3003,post_washout,test-0018
03e02723,axis1_access_vs_provenance_value-conflict_orderexp_A_first_seed3003__model-allenai--OLMo-2-0425-1B,A_first,3003,post_washout,test-0019
f960a838,axis1_access_vs_provenance_value-conflict_orderexp_A_first_seed3003__model-allenai--OLMo-2-0425-1B,A_first,3003,post_washout,test-0020
b64751e5,axis1_access_vs_provenance_value-conflict_orderexp_A_first_seed3003__model-allenai--OLMo-2-0425-1B,A_first,3003,post_washout,test-0021
abccb0ea,axis1_access_vs_provenance_value-conflict_orderexp_A_first_seed3003__model-allenai--OLMo-2-0425-1B,A_first,3003,post_washout,test-0022
710b1bee,axis1_access_vs_provenance_value-conflict_orderexp_A_first_seed3003__model-allenai--OLMo-2-0425-1B,A_first,3003,post_washout,test-0023
598903be,axis1_access_vs_provenance_value-conflict_orderexp_A_first_seed3003__model-allenai--OLMo-2-0425-1B,A_first,3003,post_washout,test-0024
a411df50,axis1_access_vs_provenance_value-conflict_orderexp_B_first_seed3003__model-allenai--OLMo-2-0425-1B,B_first,3003,post_phase1,test-0001
9794e6ba,axis1_access_vs_provenance_value-conflict_orderexp_B_first_seed3003__model-allenai--OLMo-2-0425-1B,B_first,3003,post_phase1,test-0002
915a58e4,axis1_access_vs_provenance_value-conflict_orderexp_B_first_seed3003__model-allenai--OLMo-2-0425-1B,B_first,3003,post_phase1,test-0003
f5525904,axis1_access_vs_provenance_value-conflict_orderexp_B_first_seed3003__model-allenai--OLMo-2-0425-1B,B_first,3003,post_phase1,test-0004
3a9540a0,axis1_access_vs_provenance_value-conflict_orderexp_B_first_seed3003__model-allenai--OLMo-2-0425-1B,B_first,3003,post_phase1,test-0005
d3a41344,axis1_access_vs_provenance_value-conflict_orderexp_B_first_seed3003__model-allenai--OLMo-2-0425-1B,B_first,3003,post_phase1,test-0006
67b7ade5,axis1_access_vs_provenance_value-conflict_orderexp_B_first_seed3003__model-allenai--OLMo-2-0425-1B,B_first,3003,post_phase1,test-0007
6d6b10a9,axis1_access_vs_provenance_value-conflict_orderexp_B_first_seed3003__model-allenai--OLMo-2-0425-1B,B_first,3003,post_phase1,test-0008
95e932ae,axis1_access_vs_provenance_value-conflict_orderexp_B_first_seed3003__model-allenai--OLMo-2-0425-1B,B_first,3003,post_phase1,test-0009
99e5e1ec,axis1_access_vs_provenance_value-conflict_orderexp_B_first_seed3003__model-allenai--OLMo-2-0425-1B,B_first,3003,post_phase1,test-0010
4719a2be,axis1_access_vs_provenance_value-conflict_orderexp_B_first_seed3003__model-allenai--OLMo-2-0425-1B,B_first,3003,post_phase1,test-0011
aa6de5cd,axis1_access_vs_provenance_value-conflict_orderexp_B_first_seed3003__model-allenai--OLMo-2-0425-1B,B_first,3003,post_phase1,test-0012
a9d63bea,axis1_access_vs_provenance_value-conflict_orderexp_B_first_seed3003__model-allenai--OLMo-2-0425-1B,B_first,3003,post_phase1,test-0013
092cda84,axis1_access_vs_provenance_value-conflict_orderexp_B_first_seed3003__model-allenai--OLMo-2-0425-1B,B_first,3003,post_phase1,test-0014
e673a5f9,axis1_access_vs_provenance_value-conflict_orderexp_B_first_seed3003__model-allenai--OLMo-2-0425-1B,B_first,3003,post_phase1,test-0015
622c4f3e,axis1_access_vs_provenance_value-conflict_orderexp_B_first_seed3003__model-allenai--OLMo-2-0425-1B,B_first,3003,post_phase1,test-0016
a8ff588a,axis1_access_vs_provenance_value-conflict_orderexp_B_first_seed3003__model-allenai--OLMo-2-0425-1B,B_first,3003,post_phase1,test-0017
fc0b0914,axis1_access_vs_provenance_value-conflict_orderexp_B_first_seed3003__model-allenai--OLMo-2-0425-1B,B_first,3003,post_phase1,test-0018
912e6106,axis1_access_vs_provenance_value-conflict_orderexp_B_first_seed3003__model-allenai--OLMo-2-0425-1B,B_first,3003,post_phase1,test-0019
dcc4c60b,axis1_access_vs_provenance_value-conflict_orderexp_B_first_seed3003__model-allenai--OLMo-2-0425-1B,B_first,3003,post_phase1,test-0020
18e37df4,axis1_access_vs_provenance_value-conflict_orderexp_B_first_seed3003__model-allenai--OLMo-2-0425-1B,B_first,3003,post_phase1,test-0021
9bfade42,axis1_access_vs_provenance_value-conflict_orderexp_B_first_seed3003__model-allenai--OLMo-2-0425-1B,B_first,3003,post_phase1,test-0022
fe7e1d5e,axis1_access_vs_provenance_value-conflict_orderexp_B_first_seed3003__model-allenai--OLMo-2-0425-1B,B_first,3003,post_phase1,test-0023
864f63fd,axis1_access_vs_provenance_value-conflict_orderexp_B_first_seed3003__model-allenai--OLMo-2-0425-1B,B_first,3003,post_phase1,test-0024
5f165669,axis1_access_vs_provenance_value-conflict_orderexp_B_first_seed3003__model-allenai--OLMo-2-0425-1B,B_first,3003,pre_washout,test-0001
cb5c09b5,axis1_access_vs_provenance_value-conflict_orderexp_B_first_seed3003__model-allenai--OLMo-2-0425-1B,B_first,3003,pre_washout,test-0002
7914e8a3,axis1_access_vs_provenance_value-conflict_orderexp_B_first_seed3003__model-allenai--OLMo-2-0425-1B,B_first,3003,pre_washout,test-0003
e893504a,axis1_access_vs_provenance_value-conflict_orderexp_B_first_seed3003__model-allenai--OLMo-2-0425-1B,B_first,3003,pre_washout,test-0004
8d218af1,axis1_access_vs_provenance_value-conflict_orderexp_B_first_seed3003__model-allenai--OLMo-2-0425-1B,B_first,3003,pre_washout,test-0005
9992407e,axis1_access_vs_provenance_value-conflict_orderexp_B_first_seed3003__model-allenai--OLMo-2-0425-1B,B_first,3003,pre_washout,test-0006
8c9d926e,axis1_access_vs_provenance_value-conflict_orderexp_B_first_seed3003__model-allenai--OLMo-2-0425-1B,B_first,3003,pre_washout,test-0007
f4dd9405,axis1_access_vs_provenance_value-conflict_orderexp_B_first_seed3003__model-allenai--OLMo-2-0425-1B,B_first,3003,pre_washout,test-0008
9846d8fa,axis1_access_vs_provenance_value-conflict_orderexp_B_first_seed3003__model-allenai--OLMo-2-0425-1B,B_first,3003,pre_washout,test-0009
d1ae4827,axis1_access_vs_provenance_value-conflict_orderexp_B_first_seed3003__model-allenai--OLMo-2-0425-1B,B_first,3003,pre_washout,test-0010
6f02c2c4,axis1_access_vs_provenance_value-conflict_orderexp_B_first_seed3003__model-allenai--OLMo-2-0425-1B,B_first,3003,pre_washout,test-0011
2ecdb64a,axis1_access_vs_provenance_value-conflict_orderexp_B_first_seed3003__model-allenai--OLMo-2-0425-1B,B_first,3003,pre_washout,test-0012
f1ada98e,axis1_access_vs_provenance_value-conflict_orderexp_B_first_seed3003__model-allenai--OLMo-2-0425-1B,B_first,3003,pre_washout,test-0013
e1359273,axis1_access_vs_provenance_value-conflict_orderexp_B_first_seed3003__model-allenai--OLMo-2-0425-1B,B_first,3003,pre_washout,test-0014
7225be58,axis1_access_vs_provenance_value-conflict_orderexp_B_first_seed3003__model-allenai--OLMo-2-0425-1B,B_first,3003,pre_washout,test-0015
043bd6b7,axis1_access_vs_provenance_value-conflict_orderexp_B_first_seed3003__model-allenai--OLMo-2-0425-1B,B_first,3003,pre_washout,test-0016
5ffdd218,axis1_access_vs_provenance_value-conflict_orderexp_B_first_seed3003__model-allenai--OLMo-2-0425-1B,B_first,3003,pre_washout,test-0017
c62c9cf6,axis1_access_vs_provenance_value-conflict_orderexp_B_first_seed3003__model-allenai--OLMo-2-0425-1B,B_first,3003,pre_washout,test-0018
ca8fa5d9,axis1_access_vs_provenance_value-conflict_orderexp_B_first_seed3003__model-allenai--OLMo-2-0425-1B,B_first,3003,pre_washout,test-0019
4f900ba3,axis1_access_vs_provenance_value-conflict_orderexp_B_first_seed3003__model-allenai--OLMo-2-0425-1B,B_first,3003,pre_washout,test-0020
606fde53,axis1_access_vs_provenance_value-conflict_orderexp_B_first_seed3003__model-allenai--OLMo-2-0425-1B,B_first,3003,pre_washout,test-0021
baf77ec8,axis1_access_vs_provenance_value-conflict_orderexp_B_first_seed3003__model-allenai--OLMo-2-0425-1B,B_first,3003,pre_washout,test-0022
e7a40575,axis1_access_vs_provenance_value-conflict_orderexp_B_first_seed3003__model-allenai--OLMo-2-0425-1B,B_first,3003,pre_washout,test-0023
669d4f07,axis1_access_vs_provenance_value-conflict_orderexp_B_first_seed3003__model-allenai--OLMo-2-0425-1B,B_first,3003,pre_washout,test-0024
06fd3ae1,axis1_access_vs_provenance_value-conflict_orderexp_B_first_seed3003__model-allenai--OLMo-2-0425-1B,B_first,3003,post_washout,test-0001
b26b81b8,axis1_access_vs_provenance_value-conflict_orderexp_B_first_seed3003__model-allenai--OLMo-2-0425-1B,B_first,3003,post_washout,test-0002
c77cfebd,axis1_access_vs_provenance_value-conflict_orderexp_B_first_seed3003__model-allenai--OLMo-2-0425-1B,B_first,3003,post_washout,test-0003
a1f6c8f8,axis1_access_vs_provenance_value-conflict_orderexp_B_first_seed3003__model-allenai--OLMo-2-0425-1B,B_first,3003,post_washout,test-0004
984ef0ce,axis1_access_vs_provenance_value-conflict_orderexp_B_first_seed3003__model-allenai--OLMo-2-0425-1B,B_first,3003,post_washout,test-0005
4c764ce9,axis1_access_vs_provenance_value-conflict_orderexp_B_first_seed3003__model-allenai--OLMo-2-0425-1B,B_first,3003,post_washout,test-0006
89afd0a4,axis1_access_vs_provenance_value-conflict_orderexp_B_first_seed3003__model-allenai--OLMo-2-0425-1B,B_first,3003,post_washout,test-0007
95e9a531,axis1_access_vs_provenance_value-conflict_orderexp_B_first_seed3003__model-allenai--OLMo-2-0425-1B,B_first,3003,post_washout,test-0008
d1b192a9,axis1_access_vs_provenance_value-conflict_orderexp_B_first_seed3003__model-allenai--OLMo-2-0425-1B,B_first,3003,post_washout,test-0009
90ba7a88,axis1_access_vs_provenance_value-conflict_orderexp_B_first_seed3003__model-allenai--OLMo-2-0425-1B,B_first,3003,post_washout,test-0010
46b0ae58,axis1_access_vs_provenance_value-conflict_orderexp_B_first_seed3003__model-allenai--OLMo-2-0425-1B,B_first,3003,post_washout,test-0011
300500f5,axis1_access_vs_provenance_value-conflict_orderexp_B_first_seed3003__model-allenai--OLMo-2-0425-1B,B_first,3003,post_washout,test-0012
afcdbbdb,axis1_access_vs_provenance_value-conflict_orderexp_B_first_seed3003__model-allenai--OLMo-2-0425-1B,B_first,3003,post_washout,test-0013
68459cd7,axis1_access_vs_provenance_value-conflict_orderexp_B_first_seed3003__model-allenai--OLMo-2-0425-1B,B_first,3003,post_washout,test-0014
a772277f,axis1_access_vs_provenance_value-conflict_orderexp_B_first_seed3003__model-allenai--OLMo-2-0425-1B,B_first,3003,post_washout,test-0015
7d0f4526,axis1_access_vs_provenance_value-conflict_orderexp_B_first_seed3003__model-allenai--OLMo-2-0425-1B,B_first,3003,post_washout,test-0016
ccd3a5db,axis1_access_vs_provenance_value-conflict_orderexp_B_first_seed3003__model-allenai--OLMo-2-0425-1B,B_first,3003,post_washout,test-0017
3a167957,axis1_access_vs_provenance_value-conflict_orderexp_B_first_seed3003__model-allenai--OLMo-2-0425-1B,B_first,3003,post_washout,test-0018
62502da5,axis1_access_vs_provenance_value-conflict_orderexp_B_first_seed3003__model-allenai--OLMo-2-0425-1B,B_first,3003,post_washout,test-0019
3e17b140,axis1_access_vs_provenance_value-conflict_orderexp_B_first_seed3003__model-allenai--OLMo-2-0425-1B,B_first,3003,post_washout,test-0020
a14cebf9,axis1_access_vs_provenance_value-conflict_orderexp_B_first_seed3003__model-allenai--OLMo-2-0425-1B,B_first,3003,post_washout,test-0021
f295ecc9,axis1_access_vs_provenance_value-conflict_orderexp_B_first_seed3003__model-allenai--OLMo-2-0425-1B,B_first,3003,post_washout,test-0022
ee052793,axis1_access_vs_provenance_value-conflict_orderexp_B_first_seed3003__model-allenai--OLMo-2-0425-1B,B_first,3003,post_washout,test-0023
c141421f,axis1_access_vs_provenance_value-conflict_orderexp_B_first_seed3003__model-allenai--OLMo-2-0425-1B,B_first,3003,post_washout,test-0024
a1abddd9,axis1_access_vs_provenance_value-conflict_orderexp_interleaved_seed3003__model-allenai--OLMo-2-0425-1B,interleaved,3003,pre_washout,test-0001
ec27609f,axis1_access_vs_provenance_value-conflict_orderexp_interleaved_seed3003__model-allenai--OLMo-2-0425-1B,interleaved,3003,pre_washout,test-0002
33af7955,axis1_access_vs_provenance_value-conflict_orderexp_interleaved_seed3003__model-allenai--OLMo-2-0425-1B,interleaved,3003,pre_washout,test-0003
514299c9,axis1_access_vs_provenance_value-conflict_orderexp_interleaved_seed3003__model-allenai--OLMo-2-0425-1B,interleaved,3003,pre_washout,test-0004
0b74071c,axis1_access_vs_provenance_value-conflict_orderexp_interleaved_seed3003__model-allenai--OLMo-2-0425-1B,interleaved,3003,pre_washout,test-0005
4eea8d67,axis1_access_vs_provenance_value-conflict_orderexp_interleaved_seed3003__model-allenai--OLMo-2-0425-1B,interleaved,3003,pre_washout,test-0006
9118e501,axis1_access_vs_provenance_value-conflict_orderexp_interleaved_seed3003__model-allenai--OLMo-2-0425-1B,interleaved,3003,pre_washout,test-0007
03eb73bc,axis1_access_vs_provenance_value-conflict_orderexp_interleaved_seed3003__model-allenai--OLMo-2-0425-1B,interleaved,3003,pre_washout,test-0008
fe34eaae,axis1_access_vs_provenance_value-conflict_orderexp_interleaved_seed3003__model-allenai--OLMo-2-0425-1B,interleaved,3003,pre_washout,test-0009
e1b585c2,axis1_access_vs_provenance_value-conflict_orderexp_interleaved_seed3003__model-allenai--OLMo-2-0425-1B,interleaved,3003,pre_washout,test-0010
3c233d94,axis1_access_vs_provenance_value-conflict_orderexp_interleaved_seed3003__model-allenai--OLMo-2-0425-1B,interleaved,3003,pre_washout,test-0011
660544b6,axis1_access_vs_provenance_value-conflict_orderexp_interleaved_seed3003__model-allenai--OLMo-2-0425-1B,interleaved,3003,pre_washout,test-0012
e7338103,axis1_access_vs_provenance_value-conflict_orderexp_interleaved_seed3003__model-allenai--OLMo-2-0425-1B,interleaved,3003,pre_washout,test-0013
c8d51737,axis1_access_vs_provenance_value-conflict_orderexp_interleaved_seed3003__model-allenai--OLMo-2-0425-1B,interleaved,3003,pre_washout,test-0014
60d65e50,axis1_access_vs_provenance_value-conflict_orderexp_interleaved_seed3003__model-allenai--OLMo-2-0425-1B,interleaved,3003,pre_washout,test-0015
1700e04b,axis1_access_vs_provenance_value-conflict_orderexp_interleaved_seed3003__model-allenai--OLMo-2-0425-1B,interleaved,3003,pre_washout,test-0016
34de88a4,axis1_access_vs_provenance_value-conflict_orderexp_interleaved_seed3003__model-allenai--OLMo-2-0425-1B,interleaved,3003,pre_washout,test-0017
2a639fc4,axis1_access_vs_provenance_value-conflict_orderexp_interleaved_seed3003__model-allenai--OLMo-2-0425-1B,interleaved,3003,pre_washout,test-0018
28b7d6e5,axis1_access_vs_provenance_value-conflict_orderexp_interleaved_seed3003__model-allenai--OLMo-2-0425-1B,interleaved,3003,pre_washout,test-0019
4de468fd,axis1_access_vs_provenance_value-conflict_orderexp_interleaved_seed3003__model-allenai--OLMo-2-0425-1B,interleaved,3003,pre_washout,test-0020
d0cb27b7,axis1_access_vs_provenance_value-conflict_orderexp_interleaved_seed3003__model-allenai--OLMo-2-0425-1B,interleaved,3003,pre_washout,test-0021
969befc2,axis1_access_vs_provenance_value-conflict_orderexp_interleaved_seed3003__model-allenai--OLMo-2-0425-1B,interleaved,3003,pre_washout,test-0022
2f4e83ba,axis1_access_vs_provenance_value-conflict_orderexp_interleaved_seed3003__model-allenai--OLMo-2-0425-1B,interleaved,3003,pre_washout,test-0023
0fba5f48,axis1_access_vs_provenance_value-conflict_orderexp_interleaved_seed3003__model-allenai--OLMo-2-0425-1B,interleaved,3003,pre_washout,test-0024
942dd3c9,axis1_access_vs_provenance_value-conflict_orderexp_interleaved_seed3003__model-allenai--OLMo-2-0425-1B,interleaved,3003,post_washout,test-0001
a9724f60,axis1_access_vs_provenance_value-conflict_orderexp_interleaved_seed3003__model-allenai--OLMo-2-0425-1B,interleaved,3003,post_washout,test-0002
529c22ad,axis1_access_vs_provenance_value-conflict_orderexp_interleaved_seed3003__model-allenai--OLMo-2-0425-1B,interleaved,3003,post_washout,test-0003
5cedbabd,axis1_access_vs_provenance_value-conflict_orderexp_interleaved_seed3003__model-allenai--OLMo-2-0425-1B,interleaved,3003,post_washout,test-0004
18850020,axis1_access_vs_provenance_value-conflict_orderexp_interleaved_seed3003__model-allenai--OLMo-2-0425-1B,interleaved,3003,post_washout,test-0005
c0519360,axis1_access_vs_provenance_value-conflict_orderexp_interleaved_seed3003__model-allenai--OLMo-2-0425-1B,interleaved,3003,post_washout,test-0006
63bb090f,axis1_access_vs_provenance_value-conflict_orderexp_interleaved_seed3003__model-allenai--OLMo-2-0425-1B,interleaved,3003,post_washout,test-0007
6b1d5f92,axis1_access_vs_provenance_value-conflict_orderexp_interleaved_seed3003__model-allenai--OLMo-2-0425-1B,interleaved,3003,post_washout,test-0008
0efd9e41,axis1_access_vs_provenance_value-conflict_orderexp_interleaved_seed3003__model-allenai--OLMo-2-0425-1B,interleaved,3003,post_washout,test-0009
1fbd5bae,axis1_access_vs_provenance_value-conflict_orderexp_interleaved_seed3003__model-allenai--OLMo-2-0425-1B,interleaved,3003,post_washout,test-0010
5dae8163,axis1_access_vs_provenance_value-conflict_orderexp_interleaved_seed3003__model-allenai--OLMo-2-0425-1B,interleaved,3003,post_washout,test-0011
8e2ac509,axis1_access_vs_provenance_value-conflict_orderexp_interleaved_seed3003__model-allenai--OLMo-2-0425-1B,interleaved,3003,post_washout,test-0012
ec7ef57e,axis1_access_vs_provenance_value-conflict_orderexp_interleaved_seed3003__model-allenai--OLMo-2-0425-1B,interleaved,3003,post_washout,test-0013
11988e72,axis1_access_vs_provenance_value-conflict_orderexp_interleaved_seed3003__model-allenai--OLMo-2-0425-1B,interleaved,3003,post_washout,test-0014
57be1186,axis1_access_vs_provenance_value-conflict_orderexp_interleaved_seed3003__model-allenai--OLMo-2-0425-1B,interleaved,3003,post_washout,test-0015
e0fbc455,axis1_access_vs_provenance_value-conflict_orderexp_interleaved_seed3003__model-allenai--OLMo-2-0425-1B,interleaved,3003,post_washout,test-0016
6f57bc50,axis1_access_vs_provenance_value-conflict_orderexp_interleaved_seed3003__model-allenai--OLMo-2-0425-1B,interleaved,3003,post_washout,test-0017
ebfecd56,axis1_access_vs_provenance_value-conflict_orderexp_interleaved_seed3003__model-allenai--OLMo-2-0425-1B,interleaved,3003,post_washout,test-0018
3df0269f,axis1_access_vs_provenance_value-conflict_orderexp_interleaved_seed3003__model-allenai--OLMo-2-0425-1B,interleaved,3003,post_washout,test-0019
90b3dc47,axis1_access_vs_provenance_value-conflict_orderexp_interleaved_seed3003__model-allenai--OLMo-2-0425-1B,interleaved,3003,post_washout,test-0020
e0d5c05b,axis1_access_vs_provenance_value-conflict_orderexp_interleaved_seed3003__model-allenai--OLMo-2-0425-1B,interleaved,3003,post_washout,test-0021
c21d698c,axis1_access_vs_provenance_value-conflict_orderexp_interleaved_seed3003__model-allenai--OLMo-2-0425-1B,interleaved,3003,post_washout,test-0022
1f4428bb,axis1_access_vs_provenance_value-conflict_orderexp_interleaved_seed3003__model-allenai--OLMo-2-0425-1B,interleaved,3003,post_washout,test-0023
0b193abe,axis1_access_vs_provenance_value-conflict_orderexp_interleaved_seed3003__model-allenai--OLMo-2-0425-1B,interleaved,3003,post_washout,test-0024
3275a38f,axis1_access_vs_provenance_value-conflict_orderexp_A_first_seed3004__model-allenai--OLMo-2-0425-1B,A_first,3004,post_phase1,test-0001
cf108d0a,axis1_access_vs_provenance_value-conflict_orderexp_A_first_seed3004__model-allenai--OLMo-2-0425-1B,A_first,3004,post_phase1,test-0002
3a656956,axis1_access_vs_provenance_value-conflict_orderexp_A_first_seed3004__model-allenai--OLMo-2-0425-1B,A_first,3004,post_phase1,test-0003
790855b7,axis1_access_vs_provenance_value-conflict_orderexp_A_first_seed3004__model-allenai--OLMo-2-0425-1B,A_first,3004,post_phase1,test-0004
e6ad8429,axis1_access_vs_provenance_value-conflict_orderexp_A_first_seed3004__model-allenai--OLMo-2-0425-1B,A_first,3004,post_phase1,test-0005
f5564f05,axis1_access_vs_provenance_value-conflict_orderexp_A_first_seed3004__model-allenai--OLMo-2-0425-1B,A_first,3004,post_phase1,test-0006
c8091a28,axis1_access_vs_provenance_value-conflict_orderexp_A_first_seed3004__model-allenai--OLMo-2-0425-1B,A_first,3004,post_phase1,test-0007
5c10e077,axis1_access_vs_provenance_value-conflict_orderexp_A_first_seed3004__model-allenai--OLMo-2-0425-1B,A_first,3004,post_phase1,test-0008
bf73b631,axis1_access_vs_provenance_value-conflict_orderexp_A_first_seed3004__model-allenai--OLMo-2-0425-1B,A_first,3004,post_phase1,test-0009
1767cb93,axis1_access_vs_provenance_value-conflict_orderexp_A_first_seed3004__model-allenai--OLMo-2-0425-1B,A_first,3004,post_phase1,test-0010
bc05dd55,axis1_access_vs_provenance_value-conflict_orderexp_A_first_seed3004__model-allenai--OLMo-2-0425-1B,A_first,3004,post_phase1,test-0011
422d3418,axis1_access_vs_provenance_value-conflict_orderexp_A_first_seed3004__model-allenai--OLMo-2-0425-1B,A_first,3004,post_phase1,test-0012
0d9a633c,axis1_access_vs_provenance_value-conflict_orderexp_A_first_seed3004__model-allenai--OLMo-2-0425-1B,A_first,3004,post_phase1,test-0013
9104c56f,axis1_access_vs_provenance_value-conflict_orderexp_A_first_seed3004__model-allenai--OLMo-2-0425-1B,A_first,3004,post_phase1,test-0014
d2b4bd0b,axis1_access_vs_provenance_value-conflict_orderexp_A_first_seed3004__model-allenai--OLMo-2-0425-1B,A_first,3004,post_phase1,test-0015
f0fd010f,axis1_access_vs_provenance_value-conflict_orderexp_A_first_seed3004__model-allenai--OLMo-2-0425-1B,A_first,3004,post_phase1,test-0016
f787e3f6,axis1_access_vs_provenance_value-conflict_orderexp_A_first_seed3004__model-allenai--OLMo-2-0425-1B,A_first,3004,post_phase1,test-0017
b62b4a04,axis1_access_vs_provenance_value-conflict_orderexp_A_first_seed3004__model-allenai--OLMo-2-0425-1B,A_first,3004,post_phase1,test-0018
625db53b,axis1_access_vs_provenance_value-conflict_orderexp_A_first_seed3004__model-allenai--OLMo-2-0425-1B,A_first,3004,post_phase1,test-0019
88a187ac,axis1_access_vs_provenance_value-conflict_orderexp_A_first_seed3004__model-allenai--OLMo-2-0425-1B,A_first,3004,post_phase1,test-0020
e68b2c5d,axis1_access_vs_provenance_value-conflict_orderexp_A_first_seed3004__model-allenai--OLMo-2-0425-1B,A_first,3004,post_phase1,test-0021
656e6a66,axis1_access_vs_provenance_value-conflict_orderexp_A_first_seed3004__model-allenai--OLMo-2-0425-1B,A_first,3004,post_phase1,test-0022
563f57fb,axis1_access_vs_provenance_value-conflict_orderexp_A_first_seed3004__model-allenai--OLMo-2-0425-1B,A_first,3004,post_phase1,test-0023
09f5acb6,axis1_access_vs_provenance_value-conflict_orderexp_A_first_seed3004__model-allenai--OLMo-2-0425-1B,A_first,3004,post_phase1,test-0024
f6300be8,axis1_access_vs_provenance_value-conflict_orderexp_A_first_seed3004__model-allenai--OLMo-2-0425-1B,A_first,3004,pre_washout,test-0001
feb54b9e,axis1_access_vs_provenance_value-conflict_orderexp_A_first_seed3004__model-allenai--OLMo-2-0425-1B,A_first,3004,pre_washout,test-0002
0843dc5b,axis1_access_vs_provenance_value-conflict_orderexp_A_first_seed3004__model-allenai--OLMo-2-0425-1B,A_first,3004,pre_washout,test-0003
b7cc2c96,axis1_access_vs_provenance_value-conflict_orderexp_A_first_seed3004__model-allenai--OLMo-2-0425-1B,A_first,3004,pre_washout,test-0004
4df56a9a,axis1_access_vs_provenance_value-conflict_orderexp_A_first_seed3004__model-allenai--OLMo-2-0425-1B,A_first,3004,pre_washout,test-0005
b942947d,axis1_access_vs_provenance_value-conflict_orderexp_A_first_seed3004__model-allenai--OLMo-2-0425-1B,A_first,3004,pre_washout,test-0006
80e58793,axis1_access_vs_provenance_value-conflict_orderexp_A_first_seed3004__model-allenai--OLMo-2-0425-1B,A_first,3004,pre_washout,test-0007
3294d254,axis1_access_vs_provenance_value-conflict_orderexp_A_first_seed3004__model-allenai--OLMo-2-0425-1B,A_first,3004,pre_washout,test-0008
fe8a8a29,axis1_access_vs_provenance_value-conflict_orderexp_A_first_seed3004__model-allenai--OLMo-2-0425-1B,A_first,3004,pre_washout,test-0009
d039941f,axis1_access_vs_provenance_value-conflict_orderexp_A_first_seed3004__model-allenai--OLMo-2-0425-1B,A_first,3004,pre_washout,test-0010
afb060af,axis1_access_vs_provenance_value-conflict_orderexp_A_first_seed3004__model-allenai--OLMo-2-0425-1B,A_first,3004,pre_washout,test-0011
84e8b516,axis1_access_vs_provenance_value-conflict_orderexp_A_first_seed3004__model-allenai--OLMo-2-0425-1B,A_first,3004,pre_washout,test-0012
afb857d2,axis1_access_vs_provenance_value-conflict_orderexp_A_first_seed3004__model-allenai--OLMo-2-0425-1B,A_first,3004,pre_washout,test-0013
8ddcaf83,axis1_access_vs_provenance_value-conflict_orderexp_A_first_seed3004__model-allenai--OLMo-2-0425-1B,A_first,3004,pre_washout,test-0014
c7f12b43,axis1_access_vs_provenance_value-conflict_orderexp_A_first_seed3004__model-allenai--OLMo-2-0425-1B,A_first,3004,pre_washout,test-0015
e3218f15,axis1_access_vs_provenance_value-conflict_orderexp_A_first_seed3004__model-allenai--OLMo-2-0425-1B,A_first,3004,pre_washout,test-0016
7f332ae8,axis1_access_vs_provenance_value-conflict_orderexp_A_first_seed3004__model-allenai--OLMo-2-0425-1B,A_first,3004,pre_washout,test-0017
2dd855bf,axis1_access_vs_provenance_value-conflict_orderexp_A_first_seed3004__model-allenai--OLMo-2-0425-1B,A_first,3004,pre_washout,test-0018
99c3a5fa,axis1_access_vs_provenance_value-conflict_orderexp_A_first_seed3004__model-allenai--OLMo-2-0425-1B,A_first,3004,pre_washout,test-0019
590e2f07,axis1_access_vs_provenance_value-conflict_orderexp_A_first_seed3004__model-allenai--OLMo-2-0425-1B,A_first,3004,pre_washout,test-0020
7db612e0,axis1_access_vs_provenance_value-conflict_orderexp_A_first_seed3004__model-allenai--OLMo-2-0425-1B,A_first,3004,pre_washout,test-0021
b1fcdd7a,axis1_access_vs_provenance_value-conflict_orderexp_A_first_seed3004__model-allenai--OLMo-2-0425-1B,A_first,3004,pre_washout,test-0022
abfc3532,axis1_access_vs_provenance_value-conflict_orderexp_A_first_seed3004__model-allenai--OLMo-2-0425-1B,A_first,3004,pre_washout,test-0023
b12b2d81,axis1_access_vs_provenance_value-conflict_orderexp_A_first_seed3004__model-allenai--OLMo-2-0425-1B,A_first,3004,pre_washout,test-0024
5b53b340,axis1_access_vs_provenance_value-conflict_orderexp_A_first_seed3004__model-allenai--OLMo-2-0425-1B,A_first,3004,post_washout,test-0001
2f271218,axis1_access_vs_provenance_value-conflict_orderexp_A_first_seed3004__model-allenai--OLMo-2-0425-1B,A_first,3004,post_washout,test-0002
c0752fbe,axis1_access_vs_provenance_value-conflict_orderexp_A_first_seed3004__model-allenai--OLMo-2-0425-1B,A_first,3004,post_washout,test-0003
abcdef14,axis1_access_vs_provenance_value-conflict_orderexp_A_first_seed3004__model-allenai--OLMo-2-0425-1B,A_first,3004,post_washout,test-0004
b1ce48e2,axis1_access_vs_provenance_value-conflict_orderexp_A_first_seed3004__model-allenai--OLMo-2-0425-1B,A_first,3004,post_washout,test-0005
44adf3d2,axis1_access_vs_provenance_value-conflict_orderexp_A_first_seed3004__model-allenai--OLMo-2-0425-1B,A_first,3004,post_washout,test-0006
21e32251,axis1_access_vs_provenance_value-conflict_orderexp_A_first_seed3004__model-allenai--OLMo-2-0425-1B,A_first,3004,post_washout,test-0007
b75a3391,axis1_access_vs_provenance_value-conflict_orderexp_A_first_seed3004__model-allenai--OLMo-2-0425-1B,A_first,3004,post_washout,test-0008
8bb6e44d,axis1_access_vs_provenance_value-conflict_orderexp_A_first_seed3004__model-allenai--OLMo-2-0425-1B,A_first,3004,post_washout,test-0009
ff0c4892,axis1_access_vs_provenance_value-conflict_orderexp_A_first_seed3004__model-allenai--OLMo-2-0425-1B,A_first,3004,post_washout,test-0010
0f1fa9ff,axis1_access_vs_provenance_value-conflict_orderexp_A_first_seed3004__model-allenai--OLMo-2-0425-1B,A_first,3004,post_washout,test-0011
6269d4f1,axis1_access_vs_provenance_value-conflict_orderexp_A_first_seed3004__model-allenai--OLMo-2-0425-1B,A_first,3004,post_washout,test-0012
d9954bfa,axis1_access_vs_provenance_value-conflict_orderexp_A_first_seed3004__model-allenai--OLMo-2-0425-1B,A_first,3004,post_washout,test-0013
53d83882,axis1_access_vs_provenance_value-conflict_orderexp_A_first_seed3004__model-allenai--OLMo-2-0425-1B,A_first,3004,post_washout,test-0014
33ee43c9,axis1_access_vs_provenance_value-conflict_orderexp_A_first_seed3004__model-allenai--OLMo-2-0425-1B,A_first,3004,post_washout,test-0015
4545ff59,axis1_access_vs_provenance_value-conflict_orderexp_A_first_seed3004__model-allenai--OLMo-2-0425-1B,A_first,3004,post_washout,test-0016
a5f70e52,axis1_access_vs_provenance_value-conflict_orderexp_A_first_seed3004__model-allenai--OLMo-2-0425-1B,A_first,3004,post_washout,test-0017
ab1f30cb,axis1_access_vs_provenance_value-conflict_orderexp_A_first_seed3004__model-allenai--OLMo-2-0425-1B,A_first,3004,post_washout,test-0018
8c13f163,axis1_access_vs_provenance_value-conflict_orderexp_A_first_seed3004__model-allenai--OLMo-2-0425-1B,A_first,3004,post_washout,test-0019
b96282a5,axis1_access_vs_provenance_value-conflict_orderexp_A_first_seed3004__model-allenai--OLMo-2-0425-1B,A_first,3004,post_washout,test-0020
a6211050,axis1_access_vs_provenance_value-conflict_orderexp_A_first_seed3004__model-allenai--OLMo-2-0425-1B,A_first,3004,post_washout,test-0021
43cf3eb8,axis1_access_vs_provenance_value-conflict_orderexp_A_first_seed3004__model-allenai--OLMo-2-0425-1B,A_first,3004,post_washout,test-0022
869a681e,axis1_access_vs_provenance_value-conflict_orderexp_A_first_seed3004__model-allenai--OLMo-2-0425-1B,A_first,3004,post_washout,test-0023
4d5a7258,axis1_access_vs_provenance_value-conflict_orderexp_A_first_seed3004__model-allenai--OLMo-2-0425-1B,A_first,3004,post_washout,test-0024
e6dc035e,axis1_access_vs_provenance_value-conflict_orderexp_B_first_seed3004__model-allenai--OLMo-2-0425-1B,B_first,3004,post_phase1,test-0001
da7e86e4,axis1_access_vs_provenance_value-conflict_orderexp_B_first_seed3004__model-allenai--OLMo-2-0425-1B,B_first,3004,post_phase1,test-0002
93e36941,axis1_access_vs_provenance_value-conflict_orderexp_B_first_seed3004__model-allenai--OLMo-2-0425-1B,B_first,3004,post_phase1,test-0003
847900e2,axis1_access_vs_provenance_value-conflict_orderexp_B_first_seed3004__model-allenai--OLMo-2-0425-1B,B_first,3004,post_phase1,test-0004
ffacdd45,axis1_access_vs_provenance_value-conflict_orderexp_B_first_seed3004__model-allenai--OLMo-2-0425-1B,B_first,3004,post_phase1,test-0005
791a92f6,axis1_access_vs_provenance_value-conflict_orderexp_B_first_seed3004__model-allenai--OLMo-2-0425-1B,B_first,3004,post_phase1,test-0006
8a5245d0,axis1_access_vs_provenance_value-conflict_orderexp_B_first_seed3004__model-allenai--OLMo-2-0425-1B,B_first,3004,post_phase1,test-0007
3f9baa25,axis1_access_vs_provenance_value-conflict_orderexp_B_first_seed3004__model-allenai--OLMo-2-0425-1B,B_first,3004,post_phase1,test-0008
2df2ee4a,axis1_access_vs_provenance_value-conflict_orderexp_B_first_seed3004__model-allenai--OLMo-2-0425-1B,B_first,3004,post_phase1,test-0009
91b8de28,axis1_access_vs_provenance_value-conflict_orderexp_B_first_seed3004__model-allenai--OLMo-2-0425-1B,B_first,3004,post_phase1,test-0010
21dce9bf,axis1_access_vs_provenance_value-conflict_orderexp_B_first_seed3004__model-allenai--OLMo-2-0425-1B,B_first,3004,post_phase1,test-0011
7096bfa1,axis1_access_vs_provenance_value-conflict_orderexp_B_first_seed3004__model-allenai--OLMo-2-0425-1B,B_first,3004,post_phase1,test-0012
5746bfbf,axis1_access_vs_provenance_value-conflict_orderexp_B_first_seed3004__model-allenai--OLMo-2-0425-1B,B_first,3004,post_phase1,test-0013
2f41abf8,axis1_access_vs_provenance_value-conflict_orderexp_B_first_seed3004__model-allenai--OLMo-2-0425-1B,B_first,3004,post_phase1,test-0014
e351e3a4,axis1_access_vs_provenance_value-conflict_orderexp_B_first_seed3004__model-allenai--OLMo-2-0425-1B,B_first,3004,post_phase1,test-0015
264ecf7c,axis1_access_vs_provenance_value-conflict_orderexp_B_first_seed3004__model-allenai--OLMo-2-0425-1B,B_first,3004,post_phase1,test-0016
d7c8191d,axis1_access_vs_provenance_value-conflict_orderexp_B_first_seed3004__model-allenai--OLMo-2-0425-1B,B_first,3004,post_phase1,test-0017
b7b67982,axis1_access_vs_provenance_value-conflict_orderexp_B_first_seed3004__model-allenai--OLMo-2-0425-1B,B_first,3004,post_phase1,test-0018
d52ce6ed,axis1_access_vs_provenance_value-conflict_orderexp_B_first_seed3004__model-allenai--OLMo-2-0425-1B,B_first,3004,post_phase1,test-0019
569fc5b7,axis1_access_vs_provenance_value-conflict_orderexp_B_first_seed3004__model-allenai--OLMo-2-0425-1B,B_first,3004,post_phase1,test-0020
ce2d9fcd,axis1_access_vs_provenance_value-conflict_orderexp_B_first_seed3004__model-allenai--OLMo-2-0425-1B,B_first,3004,post_phase1,test-0021
207dfac7,axis1_access_vs_provenance_value-conflict_orderexp_B_first_seed3004__model-allenai--OLMo-2-0425-1B,B_first,3004,post_phase1,test-0022
406eceed,axis1_access_vs_provenance_value-conflict_orderexp_B_first_seed3004__model-allenai--OLMo-2-0425-1B,B_first,3004,post_phase1,test-0023
a2c6e733,axis1_access_vs_provenance_value-conflict_orderexp_B_first_seed3004__model-allenai--OLMo-2-0425-1B,B_first,3004,post_phase1,test-0024
9a127bb4,axis1_access_vs_provenance_value-conflict_orderexp_B_first_seed3004__model-allenai--OLMo-2-0425-1B,B_first,3004,pre_washout,test-0001
4e0e2cce,axis1_access_vs_provenance_value-conflict_orderexp_B_first_seed3004__model-allenai--OLMo-2-0425-1B,B_first,3004,pre_washout,test-0002
babf57c9,axis1_access_vs_provenance_value-conflict_orderexp_B_first_seed3004__model-allenai--OLMo-2-0425-1B,B_first,3004,pre_washout,test-0003
f3407829,axis1_access_vs_provenance_value-conflict_orderexp_B_first_seed3004__model-allenai--OLMo-2-0425-1B,B_first,3004,pre_washout,test-0004
122262cf,axis1_access_vs_provenance_value-conflict_orderexp_B_first_seed3004__model-allenai--OLMo-2-0425-1B,B_first,3004,pre_washout,test-0005
a80669c1,axis1_access_vs_provenance_value-conflict_orderexp_B_first_seed3004__model-allenai--OLMo-2-0425-1B,B_first,3004,pre_washout,test-0006
da31a90f,axis1_access_vs_provenance_value-conflict_orderexp_B_first_seed3004__model-allenai--OLMo-2-0425-1B,B_first,3004,pre_washout,test-0007
a9cb103f,axis1_access_vs_provenance_value-conflict_orderexp_B_first_seed3004__model-allenai--OLMo-2-0425-1B,B_first,3004,pre_washout,test-0008
e1b7250f,axis1_access_vs_provenance_value-conflict_orderexp_B_first_seed3004__model-allenai--OLMo-2-0425-1B,B_first,3004,pre_washout,test-0009
d3950eae,axis1_access_vs_provenance_value-conflict_orderexp_B_first_seed3004__model-allenai--OLMo-2-0425-1B,B_first,3004,pre_washout,test-0010
b60e8bc3,axis1_access_vs_provenance_value-conflict_orderexp_B_first_seed3004__model-allenai--OLMo-2-0425-1B,B_first,3004,pre_washout,test-0011
6bd3bd5b,axis1_access_vs_provenance_value-conflict_orderexp_B_first_seed3004__model-allenai--OLMo-2-0425-1B,B_first,3004,pre_washout,test-0012
481d7920,axis1_access_vs_provenance_value-conflict_orderexp_B_first_seed3004__model-allenai--OLMo-2-0425-1B,B_first,3004,pre_washout,test-0013
fafab031,axis1_access_vs_provenance_value-conflict_orderexp_B_first_seed3004__model-allenai--OLMo-2-0425-1B,B_first,3004,pre_washout,test-0014
a621b093,axis1_access_vs_provenance_value-conflict_orderexp_B_first_seed3004__model-allenai--OLMo-2-0425-1B,B_first,3004,pre_washout,test-0015
e3cf9af5,axis1_access_vs_provenance_value-conflict_orderexp_B_first_seed3004__model-allenai--OLMo-2-0425-1B,B_first,3004,pre_washout,test-0016
e7f3a122,axis1_access_vs_provenance_value-conflict_orderexp_B_first_seed3004__model-allenai--OLMo-2-0425-1B,B_first,3004,pre_washout,test-0017
a55b512a,axis1_access_vs_provenance_value-conflict_orderexp_B_first_seed3004__model-allenai--OLMo-2-0425-1B,B_first,3004,pre_washout,test-0018
daa2a081,axis1_access_vs_provenance_value-conflict_orderexp_B_first_seed3004__model-allenai--OLMo-2-0425-1B,B_first,3004,pre_washout,test-0019
bb7e906e,axis1_access_vs_provenance_value-conflict_orderexp_B_first_seed3004__model-allenai--OLMo-2-0425-1B,B_first,3004,pre_washout,test-0020
75e4ac39,axis1_access_vs_provenance_value-conflict_orderexp_B_first_seed3004__model-allenai--OLMo-2-0425-1B,B_first,3004,pre_washout,test-0021
940fc8bb,axis1_access_vs_provenance_value-conflict_orderexp_B_first_seed3004__model-allenai--OLMo-2-0425-1B,B_first,3004,pre_washout,test-0022
8cb85a4b,axis1_access_vs_provenance_value-conflict_orderexp_B_first_seed3004__model-allenai--OLMo-2-0425-1B,B_first,3004,pre_washout,test-0023
04a8c909,axis1_access_vs_provenance_value-conflict_orderexp_B_first_seed3004__model-allenai--OLMo-2-0425-1B,B_first,3004,pre_washout,test-0024
5019efd1,axis1_access_vs_provenance_value-conflict_orderexp_B_first_seed3004__model-allenai--OLMo-2-0425-1B,B_first,3004,post_washout,test-0001
575afd38,axis1_access_vs_provenance_value-conflict_orderexp_B_first_seed3004__model-allenai--OLMo-2-0425-1B,B_first,3004,post_washout,test-0002
cab00148,axis1_access_vs_provenance_value-conflict_orderexp_B_first_seed3004__model-allenai--OLMo-2-0425-1B,B_first,3004,post_washout,test-0003
78178d0d,axis1_access_vs_provenance_value-conflict_orderexp_B_first_seed3004__model-allenai--OLMo-2-0425-1B,B_first,3004,post_washout,test-0004
7d457e90,axis1_access_vs_provenance_value-conflict_orderexp_B_first_seed3004__model-allenai--OLMo-2-0425-1B,B_first,3004,post_washout,test-0005
cafbd68d,axis1_access_vs_provenance_value-conflict_orderexp_B_first_seed3004__model-allenai--OLMo-2-0425-1B,B_first,3004,post_washout,test-0006
1fcec908,axis1_access_vs_provenance_value-conflict_orderexp_B_first_seed3004__model-allenai--OLMo-2-0425-1B,B_first,3004,post_washout,test-0007
8ba3af44,axis1_access_vs_provenance_value-conflict_orderexp_B_first_seed3004__model-allenai--OLMo-2-0425-1B,B_first,3004,post_washout,test-0008
dcc12a25,axis1_access_vs_provenance_value-conflict_orderexp_B_first_seed3004__model-allenai--OLMo-2-0425-1B,B_first,3004,post_washout,test-0009
b9a02c17,axis1_access_vs_provenance_value-conflict_orderexp_B_first_seed3004__model-allenai--OLMo-2-0425-1B,B_first,3004,post_washout,test-0010
c87fd958,axis1_access_vs_provenance_value-conflict_orderexp_B_first_seed3004__model-allenai--OLMo-2-0425-1B,B_first,3004,post_washout,test-0011
f7a87feb,axis1_access_vs_provenance_value-conflict_orderexp_B_first_seed3004__model-allenai--OLMo-2-0425-1B,B_first,3004,post_washout,test-0012
dbd923b0,axis1_access_vs_provenance_value-conflict_orderexp_B_first_seed3004__model-allenai--OLMo-2-0425-1B,B_first,3004,post_washout,test-0013
12cd2523,axis1_access_vs_provenance_value-conflict_orderexp_B_first_seed3004__model-allenai--OLMo-2-0425-1B,B_first,3004,post_washout,test-0014
f96521a3,axis1_access_vs_provenance_value-conflict_orderexp_B_first_seed3004__model-allenai--OLMo-2-0425-1B,B_first,3004,post_washout,test-0015
48744928,axis1_access_vs_provenance_value-conflict_orderexp_B_first_seed3004__model-allenai--OLMo-2-0425-1B,B_first,3004,post_washout,test-0016
cba6435d,axis1_access_vs_provenance_value-conflict_orderexp_B_first_seed3004__model-allenai--OLMo-2-0425-1B,B_first,3004,post_washout,test-0017
c06ba3a4,axis1_access_vs_provenance_value-conflict_orderexp_B_first_seed3004__model-allenai--OLMo-2-0425-1B,B_first,3004,post_washout,test-0018
67457f32,axis1_access_vs_provenance_value-conflict_orderexp_B_first_seed3004__model-allenai--OLMo-2-0425-1B,B_first,3004,post_washout,test-0019
3785961d,axis1_access_vs_provenance_value-conflict_orderexp_B_first_seed3004__model-allenai--OLMo-2-0425-1B,B_first,3004,post_washout,test-0020
af486822,axis1_access_vs_provenance_value-conflict_orderexp_B_first_seed3004__model-allenai--OLMo-2-0425-1B,B_first,3004,post_washout,test-0021
40cf57ed,axis1_access_vs_provenance_value-conflict_orderexp_B_first_seed3004__model-allenai--OLMo-2-0425-1B,B_first,3004,post_washout,test-0022
900f4a13,axis1_access_vs_provenance_value-conflict_orderexp_B_first_seed3004__model-allenai--OLMo-2-0425-1B,B_first,3004,post_washout,test-0023
c8796935,axis1_access_vs_provenance_value-conflict_orderexp_B_first_seed3004__model-allenai--OLMo-2-0425-1B,B_first,3004,post_washout,test-0024
d3989948,axis1_access_vs_provenance_value-conflict_orderexp_interleaved_seed3004__model-allenai--OLMo-2-0425-1B,interleaved,3004,pre_washout,test-0001
f5f6bec1,axis1_access_vs_provenance_value-conflict_orderexp_interleaved_seed3004__model-allenai--OLMo-2-0425-1B,interleaved,3004,pre_washout,test-0002
6e2b29cf,axis1_access_vs_provenance_value-conflict_orderexp_interleaved_seed3004__model-allenai--OLMo-2-0425-1B,interleaved,3004,pre_washout,test-0003
c56e2a44,axis1_access_vs_provenance_value-conflict_orderexp_interleaved_seed3004__model-allenai--OLMo-2-0425-1B,interleaved,3004,pre_washout,test-0004
6aa636a7,axis1_access_vs_provenance_value-conflict_orderexp_interleaved_seed3004__model-allenai--OLMo-2-0425-1B,interleaved,3004,pre_washout,test-0005
35663f2f,axis1_access_vs_provenance_value-conflict_orderexp_interleaved_seed3004__model-allenai--OLMo-2-0425-1B,interleaved,3004,pre_washout,test-0006
522ab336,axis1_access_vs_provenance_value-conflict_orderexp_interleaved_seed3004__model-allenai--OLMo-2-0425-1B,interleaved,3004,pre_washout,test-0007
d62eda3c,axis1_access_vs_provenance_value-conflict_orderexp_interleaved_seed3004__model-allenai--OLMo-2-0425-1B,interleaved,3004,pre_washout,test-0008
bc7e19a4,axis1_access_vs_provenance_value-conflict_orderexp_interleaved_seed3004__model-allenai--OLMo-2-0425-1B,interleaved,3004,pre_washout,test-0009
1b1d86f0,axis1_access_vs_provenance_value-conflict_orderexp_interleaved_seed3004__model-allenai--OLMo-2-0425-1B,interleaved,3004,pre_washout,test-0010
dabfc2eb,axis1_access_vs_provenance_value-conflict_orderexp_interleaved_seed3004__model-allenai--OLMo-2-0425-1B,interleaved,3004,pre_washout,test-0011
96114597,axis1_access_vs_provenance_value-conflict_orderexp_interleaved_seed3004__model-allenai--OLMo-2-0425-1B,interleaved,3004,pre_washout,test-0012
4aff17a0,axis1_access_vs_provenance_value-conflict_orderexp_interleaved_seed3004__model-allenai--OLMo-2-0425-1B,interleaved,3004,pre_washout,test-0013
73b8d95b,axis1_access_vs_provenance_value-conflict_orderexp_interleaved_seed3004__model-allenai--OLMo-2-0425-1B,interleaved,3004,pre_washout,test-0014
52e6d678,axis1_access_vs_provenance_value-conflict_orderexp_interleaved_seed3004__model-allenai--OLMo-2-0425-1B,interleaved,3004,pre_washout,test-0015
4813fa42,axis1_access_vs_provenance_value-conflict_orderexp_interleaved_seed3004__model-allenai--OLMo-2-0425-1B,interleaved,3004,pre_washout,test-0016
3830d70b,axis1_access_vs_provenance_value-conflict_orderexp_interleaved_seed3004__model-allenai--OLMo-2-0425-1B,interleaved,3004,pre_washout,test-0017
307eab1d,axis1_access_vs_provenance_value-conflict_orderexp_interleaved_seed3004__model-allenai--OLMo-2-0425-1B,interleaved,3004,pre_washout,test-0018
d4652783,axis1_access_vs_provenance_value-conflict_orderexp_interleaved_seed3004__model-allenai--OLMo-2-0425-1B,interleaved,3004,pre_washout,test-0019
d0826ad8,axis1_access_vs_provenance_value-conflict_orderexp_interleaved_seed3004__model-allenai--OLMo-2-0425-1B,interleaved,3004,pre_washout,test-0020
467cfe81,axis1_access_vs_provenance_value-conflict_orderexp_interleaved_seed3004__model-allenai--OLMo-2-0425-1B,interleaved,3004,pre_washout,test-0021
2c178be7,axis1_access_vs_provenance_value-conflict_orderexp_interleaved_seed3004__model-allenai--OLMo-2-0425-1B,interleaved,3004,pre_washout,test-0022
1ffac0ea,axis1_access_vs_provenance_value-conflict_orderexp_interleaved_seed3004__model-allenai--OLMo-2-0425-1B,interleaved,3004,pre_washout,test-0023
3dbe4be9,axis1_access_vs_provenance_value-conflict_orderexp_interleaved_seed3004__model-allenai--OLMo-2-0425-1B,interleaved,3004,pre_washout,test-0024
324a6123,axis1_access_vs_provenance_value-conflict_orderexp_interleaved_seed3004__model-allenai--OLMo-2-0425-1B,interleaved,3004,post_washout,test-0001
8a5292f9,axis1_access_vs_provenance_value-conflict_orderexp_interleaved_seed3004__model-allenai--OLMo-2-0425-1B,interleaved,3004,post_washout,test-0002
d82a91d4,axis1_access_vs_provenance_value-conflict_orderexp_interleaved_seed3004__model-allenai--OLMo-2-0425-1B,interleaved,3004,post_washout,test-0003
7b38b7ae,axis1_access_vs_provenance_value-conflict_orderexp_interleaved_seed3004__model-allenai--OLMo-2-0425-1B,interleaved,3004,post_washout,test-0004
2dda9e4e,axis1_access_vs_provenance_value-conflict_orderexp_interleaved_seed3004__model-allenai--OLMo-2-0425-1B,interleaved,3004,post_washout,test-0005
e353d8f7,axis1_access_vs_provenance_value-conflict_orderexp_interleaved_seed3004__model-allenai--OLMo-2-0425-1B,interleaved,3004,post_washout,test-0006
6afa23b4,axis1_access_vs_provenance_value-conflict_orderexp_interleaved_seed3004__model-allenai--OLMo-2-0425-1B,interleaved,3004,post_washout,test-0007
2166c952,axis1_access_vs_provenance_value-conflict_orderexp_interleaved_seed3004__model-allenai--OLMo-2-0425-1B,interleaved,3004,post_washout,test-0008
ad1f2d54,axis1_access_vs_provenance_value-conflict_orderexp_interleaved_seed3004__model-allenai--OLMo-2-0425-1B,interleaved,3004,post_washout,test-0009
84391784,axis1_access_vs_provenance_value-conflict_orderexp_interleaved_seed3004__model-allenai--OLMo-2-0425-1B,interleaved,3004,post_washout,test-0010
4b5b8fb9,axis1_access_vs_provenance_value-conflict_orderexp_interleaved_seed3004__model-allenai--OLMo-2-0425-1B,interleaved,3004,post_washout,test-0011
b590bcf5,axis1_access_vs_provenance_value-conflict_orderexp_interleaved_seed3004__model-allenai--OLMo-2-0425-1B,interleaved,3004,post_washout,test-0012
9bf581b0,axis1_access_vs_provenance_value-conflict_orderexp_interleaved_seed3004__model-allenai--OLMo-2-0425-1B,interleaved,3004,post_washout,test-0013
8be94ba9,axis1_access_vs_provenance_value-conflict_orderexp_interleaved_seed3004__model-allenai--OLMo-2-0425-1B,interleaved,3004,post_washout,test-0014
1397d5f7,axis1_access_vs_provenance_value-conflict_orderexp_interleaved_seed3004__model-allenai--OLMo-2-0425-1B,interleaved,3004,post_washout,test-0015
9aa7a342,axis1_access_vs_provenance_value-conflict_orderexp_interleaved_seed3004__model-allenai--OLMo-2-0425-1B,interleaved,3004,post_washout,test-0016
25e7448e,axis1_access_vs_provenance_value-conflict_orderexp_interleaved_seed3004__model-allenai--OLMo-2-0425-1B,interleaved,3004,post_washout,test-0017
cc86cdb8,axis1_access_vs_provenance_value-conflict_orderexp_interleaved_seed3004__model-allenai--OLMo-2-0425-1B,interleaved,3004,post_washout,test-0018
5c1a07d6,axis1_access_vs_provenance_value-conflict_orderexp_interleaved_seed3004__model-allenai--OLMo-2-0425-1B,interleaved,3004,post_washout,test-0019
b4d15f32,axis1_access_vs_provenance_value-conflict_orderexp_interleaved_seed3004__model-allenai--OLMo-2-0425-1B,interleaved,3004,post_washout,test-0020
c45d5e19,axis1_access_vs_provenance_value-conflict_orderexp_interleaved_seed3004__model-allenai--OLMo-2-0425-1B,interleaved,3004,post_washout,test-0021
bd09b4dd,axis1_access_vs_provenance_value-conflict_orderexp_interleaved_seed3004__model-allenai--OLMo-2-0425-1B,interleaved,3004,post_washout,test-0022
19c64daa,axis1_access_vs_provenance_value-conflict_orderexp_interleaved_seed3004__model-allenai--OLMo-2-0425-1B,interleaved,3004,post_washout,test-0023
d378cc1a,axis1_access_vs_provenance_value-conflict_orderexp_interleaved_seed3004__model-allenai--OLMo-2-0425-1B,interleaved,3004,post_washout,test-0024
cf06947e,axis1_access_vs_provenance_value-conflict_orderexp_A_first_seed3005__model-allenai--OLMo-2-0425-1B,A_first,3005,post_phase1,test-0001
87896403,axis1_access_vs_provenance_value-conflict_orderexp_A_first_seed3005__model-allenai--OLMo-2-0425-1B,A_first,3005,post_phase1,test-0002
41da4aeb,axis1_access_vs_provenance_value-conflict_orderexp_A_first_seed3005__model-allenai--OLMo-2-0425-1B,A_first,3005,post_phase1,test-0003
384f7f33,axis1_access_vs_provenance_value-conflict_orderexp_A_first_seed3005__model-allenai--OLMo-2-0425-1B,A_first,3005,post_phase1,test-0004
428d12a6,axis1_access_vs_provenance_value-conflict_orderexp_A_first_seed3005__model-allenai--OLMo-2-0425-1B,A_first,3005,post_phase1,test-0005
04a39d9e,axis1_access_vs_provenance_value-conflict_orderexp_A_first_seed3005__model-allenai--OLMo-2-0425-1B,A_first,3005,post_phase1,test-0006
298026ee,axis1_access_vs_provenance_value-conflict_orderexp_A_first_seed3005__model-allenai--OLMo-2-0425-1B,A_first,3005,post_phase1,test-0007
fc1196d6,axis1_access_vs_provenance_value-conflict_orderexp_A_first_seed3005__model-allenai--OLMo-2-0425-1B,A_first,3005,post_phase1,test-0008
0bba0048,axis1_access_vs_provenance_value-conflict_orderexp_A_first_seed3005__model-allenai--OLMo-2-0425-1B,A_first,3005,post_phase1,test-0009
d714c97c,axis1_access_vs_provenance_value-conflict_orderexp_A_first_seed3005__model-allenai--OLMo-2-0425-1B,A_first,3005,post_phase1,test-0010
57203692,axis1_access_vs_provenance_value-conflict_orderexp_A_first_seed3005__model-allenai--OLMo-2-0425-1B,A_first,3005,post_phase1,test-0011
4453961b,axis1_access_vs_provenance_value-conflict_orderexp_A_first_seed3005__model-allenai--OLMo-2-0425-1B,A_first,3005,post_phase1,test-0012
43bba9a1,axis1_access_vs_provenance_value-conflict_orderexp_A_first_seed3005__model-allenai--OLMo-2-0425-1B,A_first,3005,post_phase1,test-0013
ca719410,axis1_access_vs_provenance_value-conflict_orderexp_A_first_seed3005__model-allenai--OLMo-2-0425-1B,A_first,3005,post_phase1,test-0014
10f92d43,axis1_access_vs_provenance_value-conflict_orderexp_A_first_seed3005__model-allenai--OLMo-2-0425-1B,A_first,3005,post_phase1,test-0015
c968c44e,axis1_access_vs_provenance_value-conflict_orderexp_A_first_seed3005__model-allenai--OLMo-2-0425-1B,A_first,3005,post_phase1,test-0016
0d707f9d,axis1_access_vs_provenance_value-conflict_orderexp_A_first_seed3005__model-allenai--OLMo-2-0425-1B,A_first,3005,post_phase1,test-0017
00d0e4ae,axis1_access_vs_provenance_value-conflict_orderexp_A_first_seed3005__model-allenai--OLMo-2-0425-1B,A_first,3005,post_phase1,test-0018
e4e3e37e,axis1_access_vs_provenance_value-conflict_orderexp_A_first_seed3005__model-allenai--OLMo-2-0425-1B,A_first,3005,post_phase1,test-0019
c53fde4b,axis1_access_vs_provenance_value-conflict_orderexp_A_first_seed3005__model-allenai--OLMo-2-0425-1B,A_first,3005,post_phase1,test-0020
991a0363,axis1_access_vs_provenance_value-conflict_orderexp_A_first_seed3005__model-allenai--OLMo-2-0425-1B,A_first,3005,post_phase1,test-0021
000d4f69,axis1_access_vs_provenance_value-conflict_orderexp_A_first_seed3005__model-allenai--OLMo-2-0425-1B,A_first,3005,post_phase1,test-0022
b68731f8,axis1_access_vs_provenance_value-conflict_orderexp_A_first_seed3005__model-allenai--OLMo-2-0425-1B,A_first,3005,post_phase1,test-0023
fc47e0f6,axis1_access_vs_provenance_value-conflict_orderexp_A_first_seed3005__model-allenai--OLMo-2-0425-1B,A_first,3005,post_phase1,test-0024
ae2bb5fd,axis1_access_vs_provenance_value-conflict_orderexp_A_first_seed3005__model-allenai--OLMo-2-0425-1B,A_first,3005,pre_washout,test-0001
61015c32,axis1_access_vs_provenance_value-conflict_orderexp_A_first_seed3005__model-allenai--OLMo-2-0425-1B,A_first,3005,pre_washout,test-0002
8ea87d2f,axis1_access_vs_provenance_value-conflict_orderexp_A_first_seed3005__model-allenai--OLMo-2-0425-1B,A_first,3005,pre_washout,test-0003
5ee378f0,axis1_access_vs_provenance_value-conflict_orderexp_A_first_seed3005__model-allenai--OLMo-2-0425-1B,A_first,3005,pre_washout,test-0004
377d9e24,axis1_access_vs_provenance_value-conflict_orderexp_A_first_seed3005__model-allenai--OLMo-2-0425-1B,A_first,3005,pre_washout,test-0005
d4ec9a43,axis1_access_vs_provenance_value-conflict_orderexp_A_first_seed3005__model-allenai--OLMo-2-0425-1B,A_first,3005,pre_washout,test-0006
73473cbf,axis1_access_vs_provenance_value-conflict_orderexp_A_first_seed3005__model-allenai--OLMo-2-0425-1B,A_first,3005,pre_washout,test-0007
5dfd70d1,axis1_access_vs_provenance_value-conflict_orderexp_A_first_seed3005__model-allenai--OLMo-2-0425-1B,A_first,3005,pre_washout,test-0008
421b21ff,axis1_access_vs_provenance_value-conflict_orderexp_A_first_seed3005__model-allenai--OLMo-2-0425-1B,A_first,3005,pre_washout,test-0009
89dd9fe9,axis1_access_vs_provenance_value-conflict_orderexp_A_first_seed3005__model-allenai--OLMo-2-0425-1B,A_first,3005,pre_washout,test-0010
b26ce4d2,axis1_access_vs_provenance_value-conflict_orderexp_A_first_seed3005__model-allenai--OLMo-2-0425-1B,A_first,3005,pre_washout,test-0011
36ffd3c2,axis1_access_vs_provenance_value-conflict_orderexp_A_first_seed3005__model-allenai--OLMo-2-0425-1B,A_first,3005,pre_washout,test-0012
4beea733,axis1_access_vs_provenance_value-conflict_orderexp_A_first_seed3005__model-allenai--OLMo-2-0425-1B,A_first,3005,pre_washout,test-0013
40c8804e,axis1_access_vs_provenance_value-conflict_orderexp_A_first_seed3005__model-allenai--OLMo-2-0425-1B,A_first,3005,pre_washout,test-0014
4c6b408e,axis1_access_vs_provenance_value-conflict_orderexp_A_first_seed3005__model-allenai--OLMo-2-0425-1B,A_first,3005,pre_washout,test-0015
f5506754,axis1_access_vs_provenance_value-conflict_orderexp_A_first_seed3005__model-allenai--OLMo-2-0425-1B,A_first,3005,pre_washout,test-0016
2ae5536a,axis1_access_vs_provenance_value-conflict_orderexp_A_first_seed3005__model-allenai--OLMo-2-0425-1B,A_first,3005,pre_washout,test-0017
6cbae05b,axis1_access_vs_provenance_value-conflict_orderexp_A_first_seed3005__model-allenai--OLMo-2-0425-1B,A_first,3005,pre_washout,test-0018
c9202288,axis1_access_vs_provenance_value-conflict_orderexp_A_first_seed3005__model-allenai--OLMo-2-0425-1B,A_first,3005,pre_washout,test-0019
380b34b3,axis1_access_vs_provenance_value-conflict_orderexp_A_first_seed3005__model-allenai--OLMo-2-0425-1B,A_first,3005,pre_washout,test-0020
f573f118,axis1_access_vs_provenance_value-conflict_orderexp_A_first_seed3005__model-allenai--OLMo-2-0425-1B,A_first,3005,pre_washout,test-0021
572bcfd0,axis1_access_vs_provenance_value-conflict_orderexp_A_first_seed3005__model-allenai--OLMo-2-0425-1B,A_first,3005,pre_washout,test-0022
714a052c,axis1_access_vs_provenance_value-conflict_orderexp_A_first_seed3005__model-allenai--OLMo-2-0425-1B,A_first,3005,pre_washout,test-0023
9ba9cb91,axis1_access_vs_provenance_value-conflict_orderexp_A_first_seed3005__model-allenai--OLMo-2-0425-1B,A_first,3005,pre_washout,test-0024
922f32a5,axis1_access_vs_provenance_value-conflict_orderexp_A_first_seed3005__model-allenai--OLMo-2-0425-1B,A_first,3005,post_washout,test-0001
10f36446,axis1_access_vs_provenance_value-conflict_orderexp_A_first_seed3005__model-allenai--OLMo-2-0425-1B,A_first,3005,post_washout,test-0002
7f6cad94,axis1_access_vs_provenance_value-conflict_orderexp_A_first_seed3005__model-allenai--OLMo-2-0425-1B,A_first,3005,post_washout,test-0003
83453f30,axis1_access_vs_provenance_value-conflict_orderexp_A_first_seed3005__model-allenai--OLMo-2-0425-1B,A_first,3005,post_washout,test-0004
5a179178,axis1_access_vs_provenance_value-conflict_orderexp_A_first_seed3005__model-allenai--OLMo-2-0425-1B,A_first,3005,post_washout,test-0005
beb184d1,axis1_access_vs_provenance_value-conflict_orderexp_A_first_seed3005__model-allenai--OLMo-2-0425-1B,A_first,3005,post_washout,test-0006
989a74b0,axis1_access_vs_provenance_value-conflict_orderexp_A_first_seed3005__model-allenai--OLMo-2-0425-1B,A_first,3005,post_washout,test-0007
fa82e8b1,axis1_access_vs_provenance_value-conflict_orderexp_A_first_seed3005__model-allenai--OLMo-2-0425-1B,A_first,3005,post_washout,test-0008
8c6307fe,axis1_access_vs_provenance_value-conflict_orderexp_A_first_seed3005__model-allenai--OLMo-2-0425-1B,A_first,3005,post_washout,test-0009
0ce39cd8,axis1_access_vs_provenance_value-conflict_orderexp_A_first_seed3005__model-allenai--OLMo-2-0425-1B,A_first,3005,post_washout,test-0010
1003a931,axis1_access_vs_provenance_value-conflict_orderexp_A_first_seed3005__model-allenai--OLMo-2-0425-1B,A_first,3005,post_washout,test-0011
54e0cd79,axis1_access_vs_provenance_value-conflict_orderexp_A_first_seed3005__model-allenai--OLMo-2-0425-1B,A_first,3005,post_washout,test-0012
37a9abe9,axis1_access_vs_provenance_value-conflict_orderexp_A_first_seed3005__model-allenai--OLMo-2-0425-1B,A_first,3005,post_washout,test-0013
f375d340,axis1_access_vs_provenance_value-conflict_orderexp_A_first_seed3005__model-allenai--OLMo-2-0425-1B,A_first,3005,post_washout,test-0014
07a1df06,axis1_access_vs_provenance_value-conflict_orderexp_A_first_seed3005__model-allenai--OLMo-2-0425-1B,A_first,3005,post_washout,test-0015
885a018f,axis1_access_vs_provenance_value-conflict_orderexp_A_first_seed3005__model-allenai--OLMo-2-0425-1B,A_first,3005,post_washout,test-0016
cdd83f9a,axis1_access_vs_provenance_value-conflict_orderexp_A_first_seed3005__model-allenai--OLMo-2-0425-1B,A_first,3005,post_washout,test-0017
c3e5c7d6,axis1_access_vs_provenance_value-conflict_orderexp_A_first_seed3005__model-allenai--OLMo-2-0425-1B,A_first,3005,post_washout,test-0018
4e408684,axis1_access_vs_provenance_value-conflict_orderexp_A_first_seed3005__model-allenai--OLMo-2-0425-1B,A_first,3005,post_washout,test-0019
7d6bb3d2,axis1_access_vs_provenance_value-conflict_orderexp_A_first_seed3005__model-allenai--OLMo-2-0425-1B,A_first,3005,post_washout,test-0020
6ddcd70f,axis1_access_vs_provenance_value-conflict_orderexp_A_first_seed3005__model-allenai--OLMo-2-0425-1B,A_first,3005,post_washout,test-0021
3e9c9b21,axis1_access_vs_provenance_value-conflict_orderexp_A_first_seed3005__model-allenai--OLMo-2-0425-1B,A_first,3005,post_washout,test-0022
4bcff09d,axis1_access_vs_provenance_value-conflict_orderexp_A_first_seed3005__model-allenai--OLMo-2-0425-1B,A_first,3005,post_washout,test-0023
d0c7ddb4,axis1_access_vs_provenance_value-conflict_orderexp_A_first_seed3005__model-allenai--OLMo-2-0425-1B,A_first,3005,post_washout,test-0024
7a6aa684,axis1_access_vs_provenance_value-conflict_orderexp_B_first_seed3005__model-allenai--OLMo-2-0425-1B,B_first,3005,post_phase1,test-0001
78052a74,axis1_access_vs_provenance_value-conflict_orderexp_B_first_seed3005__model-allenai--OLMo-2-0425-1B,B_first,3005,post_phase1,test-0002
dd0a960e,axis1_access_vs_provenance_value-conflict_orderexp_B_first_seed3005__model-allenai--OLMo-2-0425-1B,B_first,3005,post_phase1,test-0003
b41405ea,axis1_access_vs_provenance_value-conflict_orderexp_B_first_seed3005__model-allenai--OLMo-2-0425-1B,B_first,3005,post_phase1,test-0004
1dc9fdf7,axis1_access_vs_provenance_value-conflict_orderexp_B_first_seed3005__model-allenai--OLMo-2-0425-1B,B_first,3005,post_phase1,test-0005
0a35b14e,axis1_access_vs_provenance_value-conflict_orderexp_B_first_seed3005__model-allenai--OLMo-2-0425-1B,B_first,3005,post_phase1,test-0006
e6722cd3,axis1_access_vs_provenance_value-conflict_orderexp_B_first_seed3005__model-allenai--OLMo-2-0425-1B,B_first,3005,post_phase1,test-0007
df348c98,axis1_access_vs_provenance_value-conflict_orderexp_B_first_seed3005__model-allenai--OLMo-2-0425-1B,B_first,3005,post_phase1,test-0008
d61ffd70,axis1_access_vs_provenance_value-conflict_orderexp_B_first_seed3005__model-allenai--OLMo-2-0425-1B,B_first,3005,post_phase1,test-0009
524003d5,axis1_access_vs_provenance_value-conflict_orderexp_B_first_seed3005__model-allenai--OLMo-2-0425-1B,B_first,3005,post_phase1,test-0010
cec9958e,axis1_access_vs_provenance_value-conflict_orderexp_B_first_seed3005__model-allenai--OLMo-2-0425-1B,B_first,3005,post_phase1,test-0011
baf1fabc,axis1_access_vs_provenance_value-conflict_orderexp_B_first_seed3005__model-allenai--OLMo-2-0425-1B,B_first,3005,post_phase1,test-0012
be7c5b20,axis1_access_vs_provenance_value-conflict_orderexp_B_first_seed3005__model-allenai--OLMo-2-0425-1B,B_first,3005,post_phase1,test-0013
45191cff,axis1_access_vs_provenance_value-conflict_orderexp_B_first_seed3005__model-allenai--OLMo-2-0425-1B,B_first,3005,post_phase1,test-0014
861e00ba,axis1_access_vs_provenance_value-conflict_orderexp_B_first_seed3005__model-allenai--OLMo-2-0425-1B,B_first,3005,post_phase1,test-0015
d6fcdcf5,axis1_access_vs_provenance_value-conflict_orderexp_B_first_seed3005__model-allenai--OLMo-2-0425-1B,B_first,3005,post_phase1,test-0016
b0e4b0e6,axis1_access_vs_provenance_value-conflict_orderexp_B_first_seed3005__model-allenai--OLMo-2-0425-1B,B_first,3005,post_phase1,test-0017
3525f91c,axis1_access_vs_provenance_value-conflict_orderexp_B_first_seed3005__model-allenai--OLMo-2-0425-1B,B_first,3005,post_phase1,test-0018
16a2ddb5,axis1_access_vs_provenance_value-conflict_orderexp_B_first_seed3005__model-allenai--OLMo-2-0425-1B,B_first,3005,post_phase1,test-0019
140a1923,axis1_access_vs_provenance_value-conflict_orderexp_B_first_seed3005__model-allenai--OLMo-2-0425-1B,B_first,3005,post_phase1,test-0020
fff900aa,axis1_access_vs_provenance_value-conflict_orderexp_B_first_seed3005__model-allenai--OLMo-2-0425-1B,B_first,3005,post_phase1,test-0021
b3031fc5,axis1_access_vs_provenance_value-conflict_orderexp_B_first_seed3005__model-allenai--OLMo-2-0425-1B,B_first,3005,post_phase1,test-0022
be41ab36,axis1_access_vs_provenance_value-conflict_orderexp_B_first_seed3005__model-allenai--OLMo-2-0425-1B,B_first,3005,post_phase1,test-0023
99ef91e9,axis1_access_vs_provenance_value-conflict_orderexp_B_first_seed3005__model-allenai--OLMo-2-0425-1B,B_first,3005,post_phase1,test-0024
955ab6ca,axis1_access_vs_provenance_value-conflict_orderexp_B_first_seed3005__model-allenai--OLMo-2-0425-1B,B_first,3005,pre_washout,test-0001
9a17fb2e,axis1_access_vs_provenance_value-conflict_orderexp_B_first_seed3005__model-allenai--OLMo-2-0425-1B,B_first,3005,pre_washout,test-0002
6cedc6f6,axis1_access_vs_provenance_value-conflict_orderexp_B_first_seed3005__model-allenai--OLMo-2-0425-1B,B_first,3005,pre_washout,test-0003
cb741197,axis1_access_vs_provenance_value-conflict_orderexp_B_first_seed3005__model-allenai--OLMo-2-0425-1B,B_first,3005,pre_washout,test-0004
8c615f9d,axis1_access_vs_provenance_value-conflict_orderexp_B_first_seed3005__model-allenai--OLMo-2-0425-1B,B_first,3005,pre_washout,test-0005
97faf61b,axis1_access_vs_provenance_value-conflict_orderexp_B_first_seed3005__model-allenai--OLMo-2-0425-1B,B_first,3005,pre_washout,test-0006
0607b5f8,axis1_access_vs_provenance_value-conflict_orderexp_B_first_seed3005__model-allenai--OLMo-2-0425-1B,B_first,3005,pre_washout,test-0007
e2103a40,axis1_access_vs_provenance_value-conflict_orderexp_B_first_seed3005__model-allenai--OLMo-2-0425-1B,B_first,3005,pre_washout,test-0008
8edc7c2a,axis1_access_vs_provenance_value-conflict_orderexp_B_first_seed3005__model-allenai--OLMo-2-0425-1B,B_first,3005,pre_washout,test-0009
cd7bf4f7,axis1_access_vs_provenance_value-conflict_orderexp_B_first_seed3005__model-allenai--OLMo-2-0425-1B,B_first,3005,pre_washout,test-0010
4c9ddd67,axis1_access_vs_provenance_value-conflict_orderexp_B_first_seed3005__model-allenai--OLMo-2-0425-1B,B_first,3005,pre_washout,test-0011
96e7650f,axis1_access_vs_provenance_value-conflict_orderexp_B_first_seed3005__model-allenai--OLMo-2-0425-1B,B_first,3005,pre_washout,test-0012
8434487c,axis1_access_vs_provenance_value-conflict_orderexp_B_first_seed3005__model-allenai--OLMo-2-0425-1B,B_first,3005,pre_washout,test-0013
da2d9dca,axis1_access_vs_provenance_value-conflict_orderexp_B_first_seed3005__model-allenai--OLMo-2-0425-1B,B_first,3005,pre_washout,test-0014
09686e25,axis1_access_vs_provenance_value-conflict_orderexp_B_first_seed3005__model-allenai--OLMo-2-0425-1B,B_first,3005,pre_washout,test-0015
758203f1,axis1_access_vs_provenance_value-conflict_orderexp_B_first_seed3005__model-allenai--OLMo-2-0425-1B,B_first,3005,pre_washout,test-0016
f5af1f87,axis1_access_vs_provenance_value-conflict_orderexp_B_first_seed3005__model-allenai--OLMo-2-0425-1B,B_first,3005,pre_washout,test-0017
d34a0383,axis1_access_vs_provenance_value-conflict_orderexp_B_first_seed3005__model-allenai--OLMo-2-0425-1B,B_first,3005,pre_washout,test-0018
fc01bbeb,axis1_access_vs_provenance_value-conflict_orderexp_B_first_seed3005__model-allenai--OLMo-2-0425-1B,B_first,3005,pre_washout,test-0019
9c2194eb,axis1_access_vs_provenance_value-conflict_orderexp_B_first_seed3005__model-allenai--OLMo-2-0425-1B,B_first,3005,pre_washout,test-0020
ae675e77,axis1_access_vs_provenance_value-conflict_orderexp_B_first_seed3005__model-allenai--OLMo-2-0425-1B,B_first,3005,pre_washout,test-0021
75706a58,axis1_access_vs_provenance_value-conflict_orderexp_B_first_seed3005__model-allenai--OLMo-2-0425-1B,B_first,3005,pre_washout,test-0022
2cdd4bf8,axis1_access_vs_provenance_value-conflict_orderexp_B_first_seed3005__model-allenai--OLMo-2-0425-1B,B_first,3005,pre_washout,test-0023
ae56739b,axis1_access_vs_provenance_value-conflict_orderexp_B_first_seed3005__model-allenai--OLMo-2-0425-1B,B_first,3005,pre_washout,test-0024
44ad844c,axis1_access_vs_provenance_value-conflict_orderexp_B_first_seed3005__model-allenai--OLMo-2-0425-1B,B_first,3005,post_washout,test-0001
7e2e36aa,axis1_access_vs_provenance_value-conflict_orderexp_B_first_seed3005__model-allenai--OLMo-2-0425-1B,B_first,3005,post_washout,test-0002
eb8d7665,axis1_access_vs_provenance_value-conflict_orderexp_B_first_seed3005__model-allenai--OLMo-2-0425-1B,B_first,3005,post_washout,test-0003
063b4761,axis1_access_vs_provenance_value-conflict_orderexp_B_first_seed3005__model-allenai--OLMo-2-0425-1B,B_first,3005,post_washout,test-0004
df21e9f7,axis1_access_vs_provenance_value-conflict_orderexp_B_first_seed3005__model-allenai--OLMo-2-0425-1B,B_first,3005,post_washout,test-0005
2d2dd243,axis1_access_vs_provenance_value-conflict_orderexp_B_first_seed3005__model-allenai--OLMo-2-0425-1B,B_first,3005,post_washout,test-0006
c97a24a9,axis1_access_vs_provenance_value-conflict_orderexp_B_first_seed3005__model-allenai--OLMo-2-0425-1B,B_first,3005,post_washout,test-0007
46f6ba9f,axis1_access_vs_provenance_value-conflict_orderexp_B_first_seed3005__model-allenai--OLMo-2-0425-1B,B_first,3005,post_washout,test-0008
5d462a28,axis1_access_vs_provenance_value-conflict_orderexp_B_first_seed3005__model-allenai--OLMo-2-0425-1B,B_first,3005,post_washout,test-0009
df60478a,axis1_access_vs_provenance_value-conflict_orderexp_B_first_seed3005__model-allenai--OLMo-2-0425-1B,B_first,3005,post_washout,test-0010
fd500239,axis1_access_vs_provenance_value-conflict_orderexp_B_first_seed3005__model-allenai--OLMo-2-0425-1B,B_first,3005,post_washout,test-0011
f2783c79,axis1_access_vs_provenance_value-conflict_orderexp_B_first_seed3005__model-allenai--OLMo-2-0425-1B,B_first,3005,post_washout,test-0012
3442168f,axis1_access_vs_provenance_value-conflict_orderexp_B_first_seed3005__model-allenai--OLMo-2-0425-1B,B_first,3005,post_washout,test-0013
61374a80,axis1_access_vs_provenance_value-conflict_orderexp_B_first_seed3005__model-allenai--OLMo-2-0425-1B,B_first,3005,post_washout,test-0014
7a5647a6,axis1_access_vs_provenance_value-conflict_orderexp_B_first_seed3005__model-allenai--OLMo-2-0425-1B,B_first,3005,post_washout,test-0015
f7e1b168,axis1_access_vs_provenance_value-conflict_orderexp_B_first_seed3005__model-allenai--OLMo-2-0425-1B,B_first,3005,post_washout,test-0016
ddf6ee6b,axis1_access_vs_provenance_value-conflict_orderexp_B_first_seed3005__model-allenai--OLMo-2-0425-1B,B_first,3005,post_washout,test-0017
69eb636d,axis1_access_vs_provenance_value-conflict_orderexp_B_first_seed3005__model-allenai--OLMo-2-0425-1B,B_first,3005,post_washout,test-0018
16079343,axis1_access_vs_provenance_value-conflict_orderexp_B_first_seed3005__model-allenai--OLMo-2-0425-1B,B_first,3005,post_washout,test-0019
9cfa1acc,axis1_access_vs_provenance_value-conflict_orderexp_B_first_seed3005__model-allenai--OLMo-2-0425-1B,B_first,3005,post_washout,test-0020
99c59af3,axis1_access_vs_provenance_value-conflict_orderexp_B_first_seed3005__model-allenai--OLMo-2-0425-1B,B_first,3005,post_washout,test-0021
33c962e4,axis1_access_vs_provenance_value-conflict_orderexp_B_first_seed3005__model-allenai--OLMo-2-0425-1B,B_first,3005,post_washout,test-0022
6fdcce54,axis1_access_vs_provenance_value-conflict_orderexp_B_first_seed3005__model-allenai--OLMo-2-0425-1B,B_first,3005,post_washout,test-0023
a5395761,axis1_access_vs_provenance_value-conflict_orderexp_B_first_seed3005__model-allenai--OLMo-2-0425-1B,B_first,3005,post_washout,test-0024
b13958d9,axis1_access_vs_provenance_value-conflict_orderexp_interleaved_seed3005__model-allenai--OLMo-2-0425-1B,interleaved,3005,pre_washout,test-0001
b92fa989,axis1_access_vs_provenance_value-conflict_orderexp_interleaved_seed3005__model-allenai--OLMo-2-0425-1B,interleaved,3005,pre_washout,test-0002
7d23e5b1,axis1_access_vs_provenance_value-conflict_orderexp_interleaved_seed3005__model-allenai--OLMo-2-0425-1B,interleaved,3005,pre_washout,test-0003
f077a1b5,axis1_access_vs_provenance_value-conflict_orderexp_interleaved_seed3005__model-allenai--OLMo-2-0425-1B,interleaved,3005,pre_washout,test-0004
62f75db4,axis1_access_vs_provenance_value-conflict_orderexp_interleaved_seed3005__model-allenai--OLMo-2-0425-1B,interleaved,3005,pre_washout,test-0005
09b5a6d6,axis1_access_vs_provenance_value-conflict_orderexp_interleaved_seed3005__model-allenai--OLMo-2-0425-1B,interleaved,3005,pre_washout,test-0006
4c12cdc1,axis1_access_vs_provenance_value-conflict_orderexp_interleaved_seed3005__model-allenai--OLMo-2-0425-1B,interleaved,3005,pre_washout,test-0007
d1339cdf,axis1_access_vs_provenance_value-conflict_orderexp_interleaved_seed3005__model-allenai--OLMo-2-0425-1B,interleaved,3005,pre_washout,test-0008
a2561ce6,axis1_access_vs_provenance_value-conflict_orderexp_interleaved_seed3005__model-allenai--OLMo-2-0425-1B,interleaved,3005,pre_washout,test-0009
f589bd89,axis1_access_vs_provenance_value-conflict_orderexp_interleaved_seed3005__model-allenai--OLMo-2-0425-1B,interleaved,3005,pre_washout,test-0010
da96b9f7,axis1_access_vs_provenance_value-conflict_orderexp_interleaved_seed3005__model-allenai--OLMo-2-0425-1B,interleaved,3005,pre_washout,test-0011
1619ed1c,axis1_access_vs_provenance_value-conflict_orderexp_interleaved_seed3005__model-allenai--OLMo-2-0425-1B,interleaved,3005,pre_washout,test-0012
5b536ed2,axis1_access_vs_provenance_value-conflict_orderexp_interleaved_seed3005__model-allenai--OLMo-2-0425-1B,interleaved,3005,pre_washout,test-0013
3d60022d,axis1_access_vs_provenance_value-conflict_orderexp_interleaved_seed3005__model-allenai--OLMo-2-0425-1B,interleaved,3005,pre_washout,test-0014
89de07a3,axis1_access_vs_provenance_value-conflict_orderexp_interleaved_seed3005__model-allenai--OLMo-2-0425-1B,interleaved,3005,pre_washout,test-0015
3ce3d305,axis1_access_vs_provenance_value-conflict_orderexp_interleaved_seed3005__model-allenai--OLMo-2-0425-1B,interleaved,3005,pre_washout,test-0016
95e01e84,axis1_access_vs_provenance_value-conflict_orderexp_interleaved_seed3005__model-allenai--OLMo-2-0425-1B,interleaved,3005,pre_washout,test-0017
33167fab,axis1_access_vs_provenance_value-conflict_orderexp_interleaved_seed3005__model-allenai--OLMo-2-0425-1B,interleaved,3005,pre_washout,test-0018
d3679a26,axis1_access_vs_provenance_value-conflict_orderexp_interleaved_seed3005__model-allenai--OLMo-2-0425-1B,interleaved,3005,pre_washout,test-0019
5b6327c5,axis1_access_vs_provenance_value-conflict_orderexp_interleaved_seed3005__model-allenai--OLMo-2-0425-1B,interleaved,3005,pre_washout,test-0020
cd32adbc,axis1_access_vs_provenance_value-conflict_orderexp_interleaved_seed3005__model-allenai--OLMo-2-0425-1B,interleaved,3005,pre_washout,test-0021
cf9ba803,axis1_access_vs_provenance_value-conflict_orderexp_interleaved_seed3005__model-allenai--OLMo-2-0425-1B,interleaved,3005,pre_washout,test-0022
8da48c9b,axis1_access_vs_provenance_value-conflict_orderexp_interleaved_seed3005__model-allenai--OLMo-2-0425-1B,interleaved,3005,pre_washout,test-0023
ee5c7a9f,axis1_access_vs_provenance_value-conflict_orderexp_interleaved_seed3005__model-allenai--OLMo-2-0425-1B,interleaved,3005,pre_washout,test-0024
525a08ad,axis1_access_vs_provenance_value-conflict_orderexp_interleaved_seed3005__model-allenai--OLMo-2-0425-1B,interleaved,3005,post_washout,test-0001
6e591e5a,axis1_access_vs_provenance_value-conflict_orderexp_interleaved_seed3005__model-allenai--OLMo-2-0425-1B,interleaved,3005,post_washout,test-0002
49ecbf6e,axis1_access_vs_provenance_value-conflict_orderexp_interleaved_seed3005__model-allenai--OLMo-2-0425-1B,interleaved,3005,post_washout,test-0003
d26c42e3,axis1_access_vs_provenance_value-conflict_orderexp_interleaved_seed3005__model-allenai--OLMo-2-0425-1B,interleaved,3005,post_washout,test-0004
c002fa72,axis1_access_vs_provenance_value-conflict_orderexp_interleaved_seed3005__model-allenai--OLMo-2-0425-1B,interleaved,3005,post_washout,test-0005
c8513c22,axis1_access_vs_provenance_value-conflict_orderexp_interleaved_seed3005__model-allenai--OLMo-2-0425-1B,interleaved,3005,post_washout,test-0006
7ad6ef7f,axis1_access_vs_provenance_value-conflict_orderexp_interleaved_seed3005__model-allenai--OLMo-2-0425-1B,interleaved,3005,post_washout,test-0007
a581ec06,axis1_access_vs_provenance_value-conflict_orderexp_interleaved_seed3005__model-allenai--OLMo-2-0425-1B,interleaved,3005,post_washout,test-0008
9e4c580e,axis1_access_vs_provenance_value-conflict_orderexp_interleaved_seed3005__model-allenai--OLMo-2-0425-1B,interleaved,3005,post_washout,test-0009
d5d05ed9,axis1_access_vs_provenance_value-conflict_orderexp_interleaved_seed3005__model-allenai--OLMo-2-0425-1B,interleaved,3005,post_washout,test-0010
b34a9aa6,axis1_access_vs_provenance_value-conflict_orderexp_interleaved_seed3005__model-allenai--OLMo-2-0425-1B,interleaved,3005,post_washout,test-0011
589ebb18,axis1_access_vs_provenance_value-conflict_orderexp_interleaved_seed3005__model-allenai--OLMo-2-0425-1B,interleaved,3005,post_washout,test-0012
6cd726a6,axis1_access_vs_provenance_value-conflict_orderexp_interleaved_seed3005__model-allenai--OLMo-2-0425-1B,interleaved,3005,post_washout,test-0013
c799c2ab,axis1_access_vs_provenance_value-conflict_orderexp_interleaved_seed3005__model-allenai--OLMo-2-0425-1B,interleaved,3005,post_washout,test-0014
e381f0a1,axis1_access_vs_provenance_value-conflict_orderexp_interleaved_seed3005__model-allenai--OLMo-2-0425-1B,interleaved,3005,post_washout,test-0015
a66a5e70,axis1_access_vs_provenance_value-conflict_orderexp_interleaved_seed3005__model-allenai--OLMo-2-0425-1B,interleaved,3005,post_washout,test-0016
9908508f,axis1_access_vs_provenance_value-conflict_orderexp_interleaved_seed3005__model-allenai--OLMo-2-0425-1B,interleaved,3005,post_washout,test-0017
6c77083c,axis1_access_vs_provenance_value-conflict_orderexp_interleaved_seed3005__model-allenai--OLMo-2-0425-1B,interleaved,3005,post_washout,test-0018
9acf3dba,axis1_access_vs_provenance_value-conflict_orderexp_interleaved_seed3005__model-allenai--OLMo-2-0425-1B,interleaved,3005,post_washout,test-0019
b2be89df,axis1_access_vs_provenance_value-conflict_orderexp_interleaved_seed3005__model-allenai--OLMo-2-0425-1B,interleaved,3005,post_washout,test-0020
585667b3,axis1_access_vs_provenance_value-conflict_orderexp_interleaved_seed3005__model-allenai--OLMo-2-0425-1B,interleaved,3005,post_washout,test-0021
512bf3cd,axis1_access_vs_provenance_value-conflict_orderexp_interleaved_seed3005__model-allenai--OLMo-2-0425-1B,interleaved,3005,post_washout,test-0022
7b212387,axis1_access_vs_provenance_value-conflict_orderexp_interleaved_seed3005__model-allenai--OLMo-2-0425-1B,interleaved,3005,post_washout,test-0023
666cacb2,axis1_access_vs_provenance_value-conflict_orderexp_interleaved_seed3005__model-allenai--OLMo-2-0425-1B,interleaved,3005,post_washout,test-0024
