label_id,run_name,condition,seed,checkpoint_boundary,scenario_id
4d4c1d78,axis1_access_vs_provenance_value-conflict_orderexp_A_first_seed3001__model-Qwen--Qwen2.5-1.5B,A_first,3001,post_phase1,test-0001
1f4a80b4,axis1_access_vs_provenance_value-conflict_orderexp_A_first_seed3001__model-Qwen--Qwen2.5-1.5B,A_first,3001,post_phase1,test-0002
bb997cb2,axis1_access_vs_provenance_value-conflict_orderexp_A_first_seed3001__model-Qwen--Qwen2.5-1.5B,A_first,3001,post_phase1,test-0003
0bc1653f,axis1_access_vs_provenance_value-conflict_orderexp_A_first_seed3001__model-Qwen--Qwen2.5-1.5B,A_first,3001,post_phase1,test-0004
65bf4041,axis1_access_vs_provenance_value-conflict_orderexp_A_first_seed3001__model-Qwen--Qwen2.5-1.5B,A_first,3001,post_phase1,test-0005
c9d96438,axis1_access_vs_provenance_value-conflict_orderexp_A_first_seed3001__model-Qwen--Qwen2.5-1.5B,A_first,3001,post_phase1,test-0006
93f61322,axis1_access_vs_provenance_value-conflict_orderexp_A_first_seed3001__model-Qwen--Qwen2.5-1.5B,A_first,3001,post_phase1,test-0007
6437a2a1,axis1_access_vs_provenance_value-conflict_orderexp_A_first_seed3001__model-Qwen--Qwen2.5-1.5B,A_first,3001,post_phase1,test-0008
e49721cc,axis1_access_vs_provenance_value-conflict_orderexp_A_first_seed3001__model-Qwen--Qwen2.5-1.5B,A_first,3001,post_phase1,test-0009
e830b4ef,axis1_access_vs_provenance_value-conflict_orderexp_A_first_seed3001__model-Qwen--Qwen2.5-1.5B,A_first,3001,post_phase1,test-0010
cbeb52c0,axis1_access_vs_provenance_value-conflict_orderexp_A_first_seed3001__model-Qwen--Qwen2.5-1.5B,A_first,3001,post_phase1,test-0011
62ac99d1,axis1_access_vs_provenance_value-conflict_orderexp_A_first_seed3001__model-Qwen--Qwen2.5-1.5B,A_first,3001,post_phase1,test-0012
2eec712e,axis1_access_vs_provenance_value-conflict_orderexp_A_first_seed3001__model-Qwen--Qwen2.5-1.5B,A_first,3001,post_phase1,test-0013
387f1279,axis1_access_vs_provenance_value-conflict_orderexp_A_first_seed3001__model-Qwen--Qwen2.5-1.5B,A_first,3001,post_phase1,test-0014
5c10153e,axis1_access_vs_provenance_value-conflict_orderexp_A_first_seed3001__model-Qwen--Qwen2.5-1.5B,A_first,3001,post_phase1,test-0015
c02b1ee3,axis1_access_vs_provenance_value-conflict_orderexp_A_first_seed3001__model-Qwen--Qwen2.5-1.5B,A_first,3001,post_phase1,test-0016
ec896fda,axis1_access_vs_provenance_value-conflict_orderexp_A_first_seed3001__model-Qwen--Qwen2.5-1.5B,A_first,3001,post_phase1,test-0017
1174010f,axis1_access_vs_provenance_value-conflict_orderexp_A_first_seed3001__model-Qwen--Qwen2.5-1.5B,A_first,3001,post_phase1,test-0018
55718d93,axis1_access_vs_provenance_value-conflict_orderexp_A_first_seed3001__model-Qwen--Qwen2.5-1.5B,A_first,3001,post_phase1,test-0019
cd9df79a,axis1_access_vs_provenance_value-conflict_orderexp_A_first_seed3001__model-Qwen--Qwen2.5-1.5B,A_first,3001,post_phase1,test-0020
72460684,axis1_access_vs_provenance_value-conflict_orderexp_A_first_seed3001__model-Qwen--Qwen2.5-1.5B,A_first,3001,post_phase1,test-0021
835eb506,axis1_access_vs_provenance_value-conflict_orderexp_A_first_seed3001__model-Qwen--Qwen2.5-1.5B,A_first,3001,post_phase1,test-0022
1fd68227,axis1_access_vs_provenance_value-conflict_orderexp_A_first_seed3001__model-Qwen--Qwen2.5-1.5B,A_first,3001,post_phase1,test-0023
e07a3363,axis1_access_vs_provenance_value-conflict_orderexp_A_first_seed3001__model-Qwen--Qwen2.5-1.5B,A_first,3001,post_phase1,test-0024
bf5fd6b7,axis1_access_vs_provenance_value-conflict_orderexp_A_first_seed3001__model-Qwen--Qwen2.5-1.5B,A_first,3001,pre_washout,test-0001
fd644091,axis1_access_vs_provenance_value-conflict_orderexp_A_first_seed3001__model-Qwen--Qwen2.5-1.5B,A_first,3001,pre_washout,test-0002
5b002bd0,axis1_access_vs_provenance_value-conflict_orderexp_A_first_seed3001__model-Qwen--Qwen2.5-1.5B,A_first,3001,pre_washout,test-0003
6a2856c7,axis1_access_vs_provenance_value-conflict_orderexp_A_first_seed3001__model-Qwen--Qwen2.5-1.5B,A_first,3001,pre_washout,test-0004
7831aa93,axis1_access_vs_provenance_value-conflict_orderexp_A_first_seed3001__model-Qwen--Qwen2.5-1.5B,A_first,3001,pre_washout,test-0005
96d8314e,axis1_access_vs_provenance_value-conflict_orderexp_A_first_seed3001__model-Qwen--Qwen2.5-1.5B,A_first,3001,pre_washout,test-0006
159fe20b,axis1_access_vs_provenance_value-conflict_orderexp_A_first_seed3001__model-Qwen--Qwen2.5-1.5B,A_first,3001,pre_washout,test-0007
f629fad5,axis1_access_vs_provenance_value-conflict_orderexp_A_first_seed3001__model-Qwen--Qwen2.5-1.5B,A_first,3001,pre_washout,test-0008
26d59f28,axis1_access_vs_provenance_value-conflict_orderexp_A_first_seed3001__model-Qwen--Qwen2.5-1.5B,A_first,3001,pre_washout,test-0009
16cf9644,axis1_access_vs_provenance_value-conflict_orderexp_A_first_seed3001__model-Qwen--Qwen2.5-1.5B,A_first,3001,pre_washout,test-0010
e3facb38,axis1_access_vs_provenance_value-conflict_orderexp_A_first_seed3001__model-Qwen--Qwen2.5-1.5B,A_first,3001,pre_washout,test-0011
5a996e73,axis1_access_vs_provenance_value-conflict_orderexp_A_first_seed3001__model-Qwen--Qwen2.5-1.5B,A_first,3001,pre_washout,test-0012
e7b23c48,axis1_access_vs_provenance_value-conflict_orderexp_A_first_seed3001__model-Qwen--Qwen2.5-1.5B,A_first,3001,pre_washout,test-0013
51b175fe,axis1_access_vs_provenance_value-conflict_orderexp_A_first_seed3001__model-Qwen--Qwen2.5-1.5B,A_first,3001,pre_washout,test-0014
78210eb9,axis1_access_vs_provenance_value-conflict_orderexp_A_first_seed3001__model-Qwen--Qwen2.5-1.5B,A_first,3001,pre_washout,test-0015
205fb129,axis1_access_vs_provenance_value-conflict_orderexp_A_first_seed3001__model-Qwen--Qwen2.5-1.5B,A_first,3001,pre_washout,test-0016
58e3a97b,axis1_access_vs_provenance_value-conflict_orderexp_A_first_seed3001__model-Qwen--Qwen2.5-1.5B,A_first,3001,pre_washout,test-0017
08349862,axis1_access_vs_provenance_value-conflict_orderexp_A_first_seed3001__model-Qwen--Qwen2.5-1.5B,A_first,3001,pre_washout,test-0018
41697d81,axis1_access_vs_provenance_value-conflict_orderexp_A_first_seed3001__model-Qwen--Qwen2.5-1.5B,A_first,3001,pre_washout,test-0019
71cc1f18,axis1_access_vs_provenance_value-conflict_orderexp_A_first_seed3001__model-Qwen--Qwen2.5-1.5B,A_first,3001,pre_washout,test-0020
1261c78c,axis1_access_vs_provenance_value-conflict_orderexp_A_first_seed3001__model-Qwen--Qwen2.5-1.5B,A_first,3001,pre_washout,test-0021
335bcd89,axis1_access_vs_provenance_value-conflict_orderexp_A_first_seed3001__model-Qwen--Qwen2.5-1.5B,A_first,3001,pre_washout,test-0022
72876c08,axis1_access_vs_provenance_value-conflict_orderexp_A_first_seed3001__model-Qwen--Qwen2.5-1.5B,A_first,3001,pre_washout,test-0023
44b24a70,axis1_access_vs_provenance_value-conflict_orderexp_A_first_seed3001__model-Qwen--Qwen2.5-1.5B,A_first,3001,pre_washout,test-0024
04d2d6ca,axis1_access_vs_provenance_value-conflict_orderexp_A_first_seed3001__model-Qwen--Qwen2.5-1.5B,A_first,3001,post_washout,test-0001
f9cc0bb4,axis1_access_vs_provenance_value-conflict_orderexp_A_first_seed3001__model-Qwen--Qwen2.5-1.5B,A_first,3001,post_washout,test-0002
9cfb95ca,axis1_access_vs_provenance_value-conflict_orderexp_A_first_seed3001__model-Qwen--Qwen2.5-1.5B,A_first,3001,post_washout,test-0003
7bd9f3c8,axis1_access_vs_provenance_value-conflict_orderexp_A_first_seed3001__model-Qwen--Qwen2.5-1.5B,A_first,3001,post_washout,test-0004
372fcd8d,axis1_access_vs_provenance_value-conflict_orderexp_A_first_seed3001__model-Qwen--Qwen2.5-1.5B,A_first,3001,post_washout,test-0005
07db60ed,axis1_access_vs_provenance_value-conflict_orderexp_A_first_seed3001__model-Qwen--Qwen2.5-1.5B,A_first,3001,post_washout,test-0006
f19923dc,axis1_access_vs_provenance_value-conflict_orderexp_A_first_seed3001__model-Qwen--Qwen2.5-1.5B,A_first,3001,post_washout,test-0007
c7266ed1,axis1_access_vs_provenance_value-conflict_orderexp_A_first_seed3001__model-Qwen--Qwen2.5-1.5B,A_first,3001,post_washout,test-0008
5e845e2a,axis1_access_vs_provenance_value-conflict_orderexp_A_first_seed3001__model-Qwen--Qwen2.5-1.5B,A_first,3001,post_washout,test-0009
60f11349,axis1_access_vs_provenance_value-conflict_orderexp_A_first_seed3001__model-Qwen--Qwen2.5-1.5B,A_first,3001,post_washout,test-0010
f7a98015,axis1_access_vs_provenance_value-conflict_orderexp_A_first_seed3001__model-Qwen--Qwen2.5-1.5B,A_first,3001,post_washout,test-0011
404ddcf8,axis1_access_vs_provenance_value-conflict_orderexp_A_first_seed3001__model-Qwen--Qwen2.5-1.5B,A_first,3001,post_washout,test-0012
678085c1,axis1_access_vs_provenance_value-conflict_orderexp_A_first_seed3001__model-Qwen--Qwen2.5-1.5B,A_first,3001,post_washout,test-0013
f82b6c55,axis1_access_vs_provenance_value-conflict_orderexp_A_first_seed3001__model-Qwen--Qwen2.5-1.5B,A_first,3001,post_washout,test-0014
56d0aee3,axis1_access_vs_provenance_value-conflict_orderexp_A_first_seed3001__model-Qwen--Qwen2.5-1.5B,A_first,3001,post_washout,test-0015
99799fed,axis1_access_vs_provenance_value-conflict_orderexp_A_first_seed3001__model-Qwen--Qwen2.5-1.5B,A_first,3001,post_washout,test-0016
1aacdc05,axis1_access_vs_provenance_value-conflict_orderexp_A_first_seed3001__model-Qwen--Qwen2.5-1.5B,A_first,3001,post_washout,test-0017
04393976,axis1_access_vs_provenance_value-conflict_orderexp_A_first_seed3001__model-Qwen--Qwen2.5-1.5B,A_first,3001,post_washout,test-0018
ee829d54,axis1_access_vs_provenance_value-conflict_orderexp_A_first_seed3001__model-Qwen--Qwen2.5-1.5B,A_first,3001,post_washout,test-0019
30fd8c69,axis1_access_vs_provenance_value-conflict_orderexp_A_first_seed3001__model-Qwen--Qwen2.5-1.5B,A_first,3001,post_washout,test-0020
10c24883,axis1_access_vs_provenance_value-conflict_orderexp_A_first_seed3001__model-Qwen--Qwen2.5-1.5B,A_first,3001,post_washout,test-0021
9c8f44fd,axis1_access_vs_provenance_value-conflict_orderexp_A_first_seed3001__model-Qwen--Qwen2.5-1.5B,A_first,3001,post_washout,test-0022
0794b03c,axis1_access_vs_provenance_value-conflict_orderexp_A_first_seed3001__model-Qwen--Qwen2.5-1.5B,A_first,3001,post_washout,test-0023
c96dcd4c,axis1_access_vs_provenance_value-conflict_orderexp_A_first_seed3001__model-Qwen--Qwen2.5-1.5B,A_first,3001,post_washout,test-0024
3a8d16e7,axis1_access_vs_provenance_value-conflict_orderexp_B_first_seed3001__model-Qwen--Qwen2.5-1.5B,B_first,3001,post_phase1,test-0001
26138234,axis1_access_vs_provenance_value-conflict_orderexp_B_first_seed3001__model-Qwen--Qwen2.5-1.5B,B_first,3001,post_phase1,test-0002
c1bf70d0,axis1_access_vs_provenance_value-conflict_orderexp_B_first_seed3001__model-Qwen--Qwen2.5-1.5B,B_first,3001,post_phase1,test-0003
4eaf8a7a,axis1_access_vs_provenance_value-conflict_orderexp_B_first_seed3001__model-Qwen--Qwen2.5-1.5B,B_first,3001,post_phase1,test-0004
d80430a9,axis1_access_vs_provenance_value-conflict_orderexp_B_first_seed3001__model-Qwen--Qwen2.5-1.5B,B_first,3001,post_phase1,test-0005
5b0ef0de,axis1_access_vs_provenance_value-conflict_orderexp_B_first_seed3001__model-Qwen--Qwen2.5-1.5B,B_first,3001,post_phase1,test-0006
1ef43d51,axis1_access_vs_provenance_value-conflict_orderexp_B_first_seed3001__model-Qwen--Qwen2.5-1.5B,B_first,3001,post_phase1,test-0007
6d606820,axis1_access_vs_provenance_value-conflict_orderexp_B_first_seed3001__model-Qwen--Qwen2.5-1.5B,B_first,3001,post_phase1,test-0008
c3af0345,axis1_access_vs_provenance_value-conflict_orderexp_B_first_seed3001__model-Qwen--Qwen2.5-1.5B,B_first,3001,post_phase1,test-0009
80afe4a1,axis1_access_vs_provenance_value-conflict_orderexp_B_first_seed3001__model-Qwen--Qwen2.5-1.5B,B_first,3001,post_phase1,test-0010
806c11ab,axis1_access_vs_provenance_value-conflict_orderexp_B_first_seed3001__model-Qwen--Qwen2.5-1.5B,B_first,3001,post_phase1,test-0011
8f0c81db,axis1_access_vs_provenance_value-conflict_orderexp_B_first_seed3001__model-Qwen--Qwen2.5-1.5B,B_first,3001,post_phase1,test-0012
5d263cb9,axis1_access_vs_provenance_value-conflict_orderexp_B_first_seed3001__model-Qwen--Qwen2.5-1.5B,B_first,3001,post_phase1,test-0013
6461e33c,axis1_access_vs_provenance_value-conflict_orderexp_B_first_seed3001__model-Qwen--Qwen2.5-1.5B,B_first,3001,post_phase1,test-0014
b5a47fcc,axis1_access_vs_provenance_value-conflict_orderexp_B_first_seed3001__model-Qwen--Qwen2.5-1.5B,B_first,3001,post_phase1,test-0015
da01c2ac,axis1_access_vs_provenance_value-conflict_orderexp_B_first_seed3001__model-Qwen--Qwen2.5-1.5B,B_first,3001,post_phase1,test-0016
35f60cd1,axis1_access_vs_provenance_value-conflict_orderexp_B_first_seed3001__model-Qwen--Qwen2.5-1.5B,B_first,3001,post_phase1,test-0017
45aad30f,axis1_access_vs_provenance_value-conflict_orderexp_B_first_seed3001__model-Qwen--Qwen2.5-1.5B,B_first,3001,post_phase1,test-0018
e9cd58c6,axis1_access_vs_provenance_value-conflict_orderexp_B_first_seed3001__model-Qwen--Qwen2.5-1.5B,B_first,3001,post_phase1,test-0019
43423d89,axis1_access_vs_provenance_value-conflict_orderexp_B_first_seed3001__model-Qwen--Qwen2.5-1.5B,B_first,3001,post_phase1,test-0020
699eed1e,axis1_access_vs_provenance_value-conflict_orderexp_B_first_seed3001__model-Qwen--Qwen2.5-1.5B,B_first,3001,post_phase1,test-0021
e3ad6b8b,axis1_access_vs_provenance_value-conflict_orderexp_B_first_seed3001__model-Qwen--Qwen2.5-1.5B,B_first,3001,post_phase1,test-0022
413d2427,axis1_access_vs_provenance_value-conflict_orderexp_B_first_seed3001__model-Qwen--Qwen2.5-1.5B,B_first,3001,post_phase1,test-0023
0a9a486d,axis1_access_vs_provenance_value-conflict_orderexp_B_first_seed3001__model-Qwen--Qwen2.5-1.5B,B_first,3001,post_phase1,test-0024
aaca8f32,axis1_access_vs_provenance_value-conflict_orderexp_B_first_seed3001__model-Qwen--Qwen2.5-1.5B,B_first,3001,pre_washout,test-0001
114ee0b2,axis1_access_vs_provenance_value-conflict_orderexp_B_first_seed3001__model-Qwen--Qwen2.5-1.5B,B_first,3001,pre_washout,test-0002
42d705b9,axis1_access_vs_provenance_value-conflict_orderexp_B_first_seed3001__model-Qwen--Qwen2.5-1.5B,B_first,3001,pre_washout,test-0003
78ab2879,axis1_access_vs_provenance_value-conflict_orderexp_B_first_seed3001__model-Qwen--Qwen2.5-1.5B,B_first,3001,pre_washout,test-0004
99cb33f2,axis1_access_vs_provenance_value-conflict_orderexp_B_first_seed3001__model-Qwen--Qwen2.5-1.5B,B_first,3001,pre_washout,test-0005
2fe52919,axis1_access_vs_provenance_value-conflict_orderexp_B_first_seed3001__model-Qwen--Qwen2.5-1.5B,B_first,3001,pre_washout,test-0006
ca443365,axis1_access_vs_provenance_value-conflict_orderexp_B_first_seed3001__model-Qwen--Qwen2.5-1.5B,B_first,3001,pre_washout,test-0007
0bc9a6a3,axis1_access_vs_provenance_value-conflict_orderexp_B_first_seed3001__model-Qwen--Qwen2.5-1.5B,B_first,3001,pre_washout,test-0008
789b405d,axis1_access_vs_provenance_value-conflict_orderexp_B_first_seed3001__model-Qwen--Qwen2.5-1.5B,B_first,3001,pre_washout,test-0009
2e1dbee6,axis1_access_vs_provenance_value-conflict_orderexp_B_first_seed3001__model-Qwen--Qwen2.5-1.5B,B_first,3001,pre_washout,test-0010
5ee66849,axis1_access_vs_provenance_value-conflict_orderexp_B_first_seed3001__model-Qwen--Qwen2.5-1.5B,B_first,3001,pre_washout,test-0011
e8433578,axis1_access_vs_provenance_value-conflict_orderexp_B_first_seed3001__model-Qwen--Qwen2.5-1.5B,B_first,3001,pre_washout,test-0012
05a372ba,axis1_access_vs_provenance_value-conflict_orderexp_B_first_seed3001__model-Qwen--Qwen2.5-1.5B,B_first,3001,pre_washout,test-0013
d79ab5b4,axis1_access_vs_provenance_value-conflict_orderexp_B_first_seed3001__model-Qwen--Qwen2.5-1.5B,B_first,3001,pre_washout,test-0014
e39fdb45,axis1_access_vs_provenance_value-conflict_orderexp_B_first_seed3001__model-Qwen--Qwen2.5-1.5B,B_first,3001,pre_washout,test-0015
98fe2231,axis1_access_vs_provenance_value-conflict_orderexp_B_first_seed3001__model-Qwen--Qwen2.5-1.5B,B_first,3001,pre_washout,test-0016
2f2fada2,axis1_access_vs_provenance_value-conflict_orderexp_B_first_seed3001__model-Qwen--Qwen2.5-1.5B,B_first,3001,pre_washout,test-0017
2efc95ae,axis1_access_vs_provenance_value-conflict_orderexp_B_first_seed3001__model-Qwen--Qwen2.5-1.5B,B_first,3001,pre_washout,test-0018
758dac23,axis1_access_vs_provenance_value-conflict_orderexp_B_first_seed3001__model-Qwen--Qwen2.5-1.5B,B_first,3001,pre_washout,test-0019
d81d5c67,axis1_access_vs_provenance_value-conflict_orderexp_B_first_seed3001__model-Qwen--Qwen2.5-1.5B,B_first,3001,pre_washout,test-0020
55286848,axis1_access_vs_provenance_value-conflict_orderexp_B_first_seed3001__model-Qwen--Qwen2.5-1.5B,B_first,3001,pre_washout,test-0021
adfb834c,axis1_access_vs_provenance_value-conflict_orderexp_B_first_seed3001__model-Qwen--Qwen2.5-1.5B,B_first,3001,pre_washout,test-0022
268e9017,axis1_access_vs_provenance_value-conflict_orderexp_B_first_seed3001__model-Qwen--Qwen2.5-1.5B,B_first,3001,pre_washout,test-0023
139ac2b5,axis1_access_vs_provenance_value-conflict_orderexp_B_first_seed3001__model-Qwen--Qwen2.5-1.5B,B_first,3001,pre_washout,test-0024
c993f427,axis1_access_vs_provenance_value-conflict_orderexp_B_first_seed3001__model-Qwen--Qwen2.5-1.5B,B_first,3001,post_washout,test-0001
8b747c41,axis1_access_vs_provenance_value-conflict_orderexp_B_first_seed3001__model-Qwen--Qwen2.5-1.5B,B_first,3001,post_washout,test-0002
21ddb360,axis1_access_vs_provenance_value-conflict_orderexp_B_first_seed3001__model-Qwen--Qwen2.5-1.5B,B_first,3001,post_washout,test-0003
c5fee969,axis1_access_vs_provenance_value-conflict_orderexp_B_first_seed3001__model-Qwen--Qwen2.5-1.5B,B_first,3001,post_washout,test-0004
49855b44,axis1_access_vs_provenance_value-conflict_orderexp_B_first_seed3001__model-Qwen--Qwen2.5-1.5B,B_first,3001,post_washout,test-0005
cda3c8a4,axis1_access_vs_provenance_value-conflict_orderexp_B_first_seed3001__model-Qwen--Qwen2.5-1.5B,B_first,3001,post_washout,test-0006
4b3a9464,axis1_access_vs_provenance_value-conflict_orderexp_B_first_seed3001__model-Qwen--Qwen2.5-1.5B,B_first,3001,post_washout,test-0007
68a8fd7c,axis1_access_vs_provenance_value-conflict_orderexp_B_first_seed3001__model-Qwen--Qwen2.5-1.5B,B_first,3001,post_washout,test-0008
c22354b4,axis1_access_vs_provenance_value-conflict_orderexp_B_first_seed3001__model-Qwen--Qwen2.5-1.5B,B_first,3001,post_washout,test-0009
ba9f161b,axis1_access_vs_provenance_value-conflict_orderexp_B_first_seed3001__model-Qwen--Qwen2.5-1.5B,B_first,3001,post_washout,test-0010
d90ffeca,axis1_access_vs_provenance_value-conflict_orderexp_B_first_seed3001__model-Qwen--Qwen2.5-1.5B,B_first,3001,post_washout,test-0011
db35be4d,axis1_access_vs_provenance_value-conflict_orderexp_B_first_seed3001__model-Qwen--Qwen2.5-1.5B,B_first,3001,post_washout,test-0012
a4fbf2c0,axis1_access_vs_provenance_value-conflict_orderexp_B_first_seed3001__model-Qwen--Qwen2.5-1.5B,B_first,3001,post_washout,test-0013
149c045b,axis1_access_vs_provenance_value-conflict_orderexp_B_first_seed3001__model-Qwen--Qwen2.5-1.5B,B_first,3001,post_washout,test-0014
0cbbd42c,axis1_access_vs_provenance_value-conflict_orderexp_B_first_seed3001__model-Qwen--Qwen2.5-1.5B,B_first,3001,post_washout,test-0015
93cea519,axis1_access_vs_provenance_value-conflict_orderexp_B_first_seed3001__model-Qwen--Qwen2.5-1.5B,B_first,3001,post_washout,test-0016
7191a2d7,axis1_access_vs_provenance_value-conflict_orderexp_B_first_seed3001__model-Qwen--Qwen2.5-1.5B,B_first,3001,post_washout,test-0017
6e3798e1,axis1_access_vs_provenance_value-conflict_orderexp_B_first_seed3001__model-Qwen--Qwen2.5-1.5B,B_first,3001,post_washout,test-0018
da7b745e,axis1_access_vs_provenance_value-conflict_orderexp_B_first_seed3001__model-Qwen--Qwen2.5-1.5B,B_first,3001,post_washout,test-0019
b767a8c8,axis1_access_vs_provenance_value-conflict_orderexp_B_first_seed3001__model-Qwen--Qwen2.5-1.5B,B_first,3001,post_washout,test-0020
7c5322e6,axis1_access_vs_provenance_value-conflict_orderexp_B_first_seed3001__model-Qwen--Qwen2.5-1.5B,B_first,3001,post_washout,test-0021
52b705e4,axis1_access_vs_provenance_value-conflict_orderexp_B_first_seed3001__model-Qwen--Qwen2.5-1.5B,B_first,3001,post_washout,test-0022
3caab8ae,axis1_access_vs_provenance_value-conflict_orderexp_B_first_seed3001__model-Qwen--Qwen2.5-1.5B,B_first,3001,post_washout,test-0023
4c8bad87,axis1_access_vs_provenance_value-conflict_orderexp_B_first_seed3001__model-Qwen--Qwen2.5-1.5B,B_first,3001,post_washout,test-0024
bd4a2bdd,axis1_access_vs_provenance_value-conflict_orderexp_interleaved_seed3001__model-Qwen--Qwen2.5-1.5B,interleaved,3001,pre_washout,test-0001
11e79f48,axis1_access_vs_provenance_value-conflict_orderexp_interleaved_seed3001__model-Qwen--Qwen2.5-1.5B,interleaved,3001,pre_washout,test-0002
c831559b,axis1_access_vs_provenance_value-conflict_orderexp_interleaved_seed3001__model-Qwen--Qwen2.5-1.5B,interleaved,3001,pre_washout,test-0003
819dead8,axis1_access_vs_provenance_value-conflict_orderexp_interleaved_seed3001__model-Qwen--Qwen2.5-1.5B,interleaved,3001,pre_washout,test-0004
e03dfc4a,axis1_access_vs_provenance_value-conflict_orderexp_interleaved_seed3001__model-Qwen--Qwen2.5-1.5B,interleaved,3001,pre_washout,test-0005
fcbbaee5,axis1_access_vs_provenance_value-conflict_orderexp_interleaved_seed3001__model-Qwen--Qwen2.5-1.5B,interleaved,3001,pre_washout,test-0006
81991126,axis1_access_vs_provenance_value-conflict_orderexp_interleaved_seed3001__model-Qwen--Qwen2.5-1.5B,interleaved,3001,pre_washout,test-0007
8e753b0a,axis1_access_vs_provenance_value-conflict_orderexp_interleaved_seed3001__model-Qwen--Qwen2.5-1.5B,interleaved,3001,pre_washout,test-0008
fe1d1a32,axis1_access_vs_provenance_value-conflict_orderexp_interleaved_seed3001__model-Qwen--Qwen2.5-1.5B,interleaved,3001,pre_washout,test-0009
a3baad30,axis1_access_vs_provenance_value-conflict_orderexp_interleaved_seed3001__model-Qwen--Qwen2.5-1.5B,interleaved,3001,pre_washout,test-0010
68acff2b,axis1_access_vs_provenance_value-conflict_orderexp_interleaved_seed3001__model-Qwen--Qwen2.5-1.5B,interleaved,3001,pre_washout,test-0011
f50bcbbc,axis1_access_vs_provenance_value-conflict_orderexp_interleaved_seed3001__model-Qwen--Qwen2.5-1.5B,interleaved,3001,pre_washout,test-0012
811fe22a,axis1_access_vs_provenance_value-conflict_orderexp_interleaved_seed3001__model-Qwen--Qwen2.5-1.5B,interleaved,3001,pre_washout,test-0013
45b8d995,axis1_access_vs_provenance_value-conflict_orderexp_interleaved_seed3001__model-Qwen--Qwen2.5-1.5B,interleaved,3001,pre_washout,test-0014
9d8f5a42,axis1_access_vs_provenance_value-conflict_orderexp_interleaved_seed3001__model-Qwen--Qwen2.5-1.5B,interleaved,3001,pre_washout,test-0015
aa28a344,axis1_access_vs_provenance_value-conflict_orderexp_interleaved_seed3001__model-Qwen--Qwen2.5-1.5B,interleaved,3001,pre_washout,test-0016
982432ed,axis1_access_vs_provenance_value-conflict_orderexp_interleaved_seed3001__model-Qwen--Qwen2.5-1.5B,interleaved,3001,pre_washout,test-0017
64d55237,axis1_access_vs_provenance_value-conflict_orderexp_interleaved_seed3001__model-Qwen--Qwen2.5-1.5B,interleaved,3001,pre_washout,test-0018
5be9c90a,axis1_access_vs_provenance_value-conflict_orderexp_interleaved_seed3001__model-Qwen--Qwen2.5-1.5B,interleaved,3001,pre_washout,test-0019
ce6dde96,axis1_access_vs_provenance_value-conflict_orderexp_interleaved_seed3001__model-Qwen--Qwen2.5-1.5B,interleaved,3001,pre_washout,test-0020
379ceba0,axis1_access_vs_provenance_value-conflict_orderexp_interleaved_seed3001__model-Qwen--Qwen2.5-1.5B,interleaved,3001,pre_washout,test-0021
d75c729c,axis1_access_vs_provenance_value-conflict_orderexp_interleaved_seed3001__model-Qwen--Qwen2.5-1.5B,interleaved,3001,pre_washout,test-0022
80583476,axis1_access_vs_provenance_value-conflict_orderexp_interleaved_seed3001__model-Qwen--Qwen2.5-1.5B,interleaved,3001,pre_washout,test-0023
7395c5f1,axis1_access_vs_provenance_value-conflict_orderexp_interleaved_seed3001__model-Qwen--Qwen2.5-1.5B,interleaved,3001,pre_washout,test-0024
079e86bd,axis1_access_vs_provenance_value-conflict_orderexp_interleaved_seed3001__model-Qwen--Qwen2.5-1.5B,interleaved,3001,post_washout,test-0001
f67b49f4,axis1_access_vs_provenance_value-conflict_orderexp_interleaved_seed3001__model-Qwen--Qwen2.5-1.5B,interleaved,3001,post_washout,test-0002
d24eb2f2,axis1_access_vs_provenance_value-conflict_orderexp_interleaved_seed3001__model-Qwen--Qwen2.5-1.5B,interleaved,3001,post_washout,test-0003
dab7d7b8,axis1_access_vs_provenance_value-conflict_orderexp_interleaved_seed3001__model-Qwen--Qwen2.5-1.5B,interleaved,3001,post_washout,test-0004
bd95262f,axis1_access_vs_provenance_value-conflict_orderexp_interleaved_seed3001__model-Qwen--Qwen2.5-1.5B,interleaved,3001,post_washout,test-0005
cafbb155,axis1_access_vs_provenance_value-conflict_orderexp_interleaved_seed3001__model-Qwen--Qwen2.5-1.5B,interleaved,3001,post_washout,test-0006
788276c8,axis1_access_vs_provenance_value-conflict_orderexp_interleaved_seed3001__model-Qwen--Qwen2.5-1.5B,interleaved,3001,post_washout,test-0007
3a4b18b2,axis1_access_vs_provenance_value-conflict_orderexp_interleaved_seed3001__model-Qwen--Qwen2.5-1.5B,interleaved,3001,post_washout,test-0008
3849eaf4,axis1_access_vs_provenance_value-conflict_orderexp_interleaved_seed3001__model-Qwen--Qwen2.5-1.5B,interleaved,3001,post_washout,test-0009
b2a0ca1f,axis1_access_vs_provenance_value-conflict_orderexp_interleaved_seed3001__model-Qwen--Qwen2.5-1.5B,interleaved,3001,post_washout,test-0010
b2e4eb1b,axis1_access_vs_provenance_value-conflict_orderexp_interleaved_seed3001__model-Qwen--Qwen2.5-1.5B,interleaved,3001,post_washout,test-0011
49fcaacb,axis1_access_vs_provenance_value-conflict_orderexp_interleaved_seed3001__model-Qwen--Qwen2.5-1.5B,interleaved,3001,post_washout,test-0012
3048e29e,axis1_access_vs_provenance_value-conflict_orderexp_interleaved_seed3001__model-Qwen--Qwen2.5-1.5B,interleaved,3001,post_washout,test-0013
d958f883,axis1_access_vs_provenance_value-conflict_orderexp_interleaved_seed3001__model-Qwen--Qwen2.5-1.5B,interleaved,3001,post_washout,test-0014
4f0c7da7,axis1_access_vs_provenance_value-conflict_orderexp_interleaved_seed3001__model-Qwen--Qwen2.5-1.5B,interleaved,3001,post_washout,test-0015
9e42ed44,axis1_access_vs_provenance_value-conflict_orderexp_interleaved_seed3001__model-Qwen--Qwen2.5-1.5B,interleaved,3001,post_washout,test-0016
a6328036,axis1_access_vs_provenance_value-conflict_orderexp_interleaved_seed3001__model-Qwen--Qwen2.5-1.5B,interleaved,3001,post_washout,test-0017
76efe933,axis1_access_vs_provenance_value-conflict_orderexp_interleaved_seed3001__model-Qwen--Qwen2.5-1.5B,interleaved,3001,post_washout,test-0018
1cbeb676,axis1_access_vs_provenance_value-conflict_orderexp_interleaved_seed3001__model-Qwen--Qwen2.5-1.5B,interleaved,3001,post_washout,test-0019
7e90d0a2,axis1_access_vs_provenance_value-conflict_orderexp_interleaved_seed3001__model-Qwen--Qwen2.5-1.5B,interleaved,3001,post_washout,test-0020
aa4b235e,axis1_access_vs_provenance_value-conflict_orderexp_interleaved_seed3001__model-Qwen--Qwen2.5-1.5B,interleaved,3001,post_washout,test-0021
8072532e,axis1_access_vs_provenance_value-conflict_orderexp_interleaved_seed3001__model-Qwen--Qwen2.5-1.5B,interleaved,3001,post_washout,test-0022
4b3c0620,axis1_access_vs_provenance_value-conflict_orderexp_interleaved_seed3001__model-Qwen--Qwen2.5-1.5B,interleaved,3001,post_washout,test-0023
1d7ab73b,axis1_access_vs_provenance_value-conflict_orderexp_interleaved_seed3001__model-Qwen--Qwen2.5-1.5B,interleaved,3001,post_washout,test-0024
2a3cd6e1,axis1_access_vs_provenance_value-conflict_orderexp_A_first_seed3002__model-Qwen--Qwen2.5-1.5B,A_first,3002,post_phase1,test-0001
5b1b5d17,axis1_access_vs_provenance_value-conflict_orderexp_A_first_seed3002__model-Qwen--Qwen2.5-1.5B,A_first,3002,post_phase1,test-0002
24f6e60f,axis1_access_vs_provenance_value-conflict_orderexp_A_first_seed3002__model-Qwen--Qwen2.5-1.5B,A_first,3002,post_phase1,test-0003
285285fb,axis1_access_vs_provenance_value-conflict_orderexp_A_first_seed3002__model-Qwen--Qwen2.5-1.5B,A_first,3002,post_phase1,test-0004
aec3f630,axis1_access_vs_provenance_value-conflict_orderexp_A_first_seed3002__model-Qwen--Qwen2.5-1.5B,A_first,3002,post_phase1,test-0005
130008d3,axis1_access_vs_provenance_value-conflict_orderexp_A_first_seed3002__model-Qwen--Qwen2.5-1.5B,A_first,3002,post_phase1,test-0006
f0d64cc2,axis1_access_vs_provenance_value-conflict_orderexp_A_first_seed3002__model-Qwen--Qwen2.5-1.5B,A_first,3002,post_phase1,test-0007
47395a7e,axis1_access_vs_provenance_value-conflict_orderexp_A_first_seed3002__model-Qwen--Qwen2.5-1.5B,A_first,3002,post_phase1,test-0008
533f8195,axis1_access_vs_provenance_value-conflict_orderexp_A_first_seed3002__model-Qwen--Qwen2.5-1.5B,A_first,3002,post_phase1,test-0009
5e698218,axis1_access_vs_provenance_value-conflict_orderexp_A_first_seed3002__model-Qwen--Qwen2.5-1.5B,A_first,3002,post_phase1,test-0010
a50284aa,axis1_access_vs_provenance_value-conflict_orderexp_A_first_seed3002__model-Qwen--Qwen2.5-1.5B,A_first,3002,post_phase1,test-0011
1b5f5104,axis1_access_vs_provenance_value-conflict_orderexp_A_first_seed3002__model-Qwen--Qwen2.5-1.5B,A_first,3002,post_phase1,test-0012
71eca122,axis1_access_vs_provenance_value-conflict_orderexp_A_first_seed3002__model-Qwen--Qwen2.5-1.5B,A_first,3002,post_phase1,test-0013
40bbd8ac,axis1_access_vs_provenance_value-conflict_orderexp_A_first_seed3002__model-Qwen--Qwen2.5-1.5B,A_first,3002,post_phase1,test-0014
c8ab85fd,axis1_access_vs_provenance_value-conflict_orderexp_A_first_seed3002__model-Qwen--Qwen2.5-1.5B,A_first,3002,post_phase1,test-0015
a5962035,axis1_access_vs_provenance_value-conflict_orderexp_A_first_seed3002__model-Qwen--Qwen2.5-1.5B,A_first,3002,post_phase1,test-0016
3c8f7c0a,axis1_access_vs_provenance_value-conflict_orderexp_A_first_seed3002__model-Qwen--Qwen2.5-1.5B,A_first,3002,post_phase1,test-0017
0accd045,axis1_access_vs_provenance_value-conflict_orderexp_A_first_seed3002__model-Qwen--Qwen2.5-1.5B,A_first,3002,post_phase1,test-0018
4d09300a,axis1_access_vs_provenance_value-conflict_orderexp_A_first_seed3002__model-Qwen--Qwen2.5-1.5B,A_first,3002,post_phase1,test-0019
0c14ec11,axis1_access_vs_provenance_value-conflict_orderexp_A_first_seed3002__model-Qwen--Qwen2.5-1.5B,A_first,3002,post_phase1,test-0020
0e24a6ca,axis1_access_vs_provenance_value-conflict_orderexp_A_first_seed3002__model-Qwen--Qwen2.5-1.5B,A_first,3002,post_phase1,test-0021
b63dcbd7,axis1_access_vs_provenance_value-conflict_orderexp_A_first_seed3002__model-Qwen--Qwen2.5-1.5B,A_first,3002,post_phase1,test-0022
79724964,axis1_access_vs_provenance_value-conflict_orderexp_A_first_seed3002__model-Qwen--Qwen2.5-1.5B,A_first,3002,post_phase1,test-0023
dc219930,axis1_access_vs_provenance_value-conflict_orderexp_A_first_seed3002__model-Qwen--Qwen2.5-1.5B,A_first,3002,post_phase1,test-0024
07d49dca,axis1_access_vs_provenance_value-conflict_orderexp_A_first_seed3002__model-Qwen--Qwen2.5-1.5B,A_first,3002,pre_washout,test-0001
54daeb4d,axis1_access_vs_provenance_value-conflict_orderexp_A_first_seed3002__model-Qwen--Qwen2.5-1.5B,A_first,3002,pre_washout,test-0002
dbd60265,axis1_access_vs_provenance_value-conflict_orderexp_A_first_seed3002__model-Qwen--Qwen2.5-1.5B,A_first,3002,pre_washout,test-0003
052967e5,axis1_access_vs_provenance_value-conflict_orderexp_A_first_seed3002__model-Qwen--Qwen2.5-1.5B,A_first,3002,pre_washout,test-0004
ec7b4220,axis1_access_vs_provenance_value-conflict_orderexp_A_first_seed3002__model-Qwen--Qwen2.5-1.5B,A_first,3002,pre_washout,test-0005
6bc727a7,axis1_access_vs_provenance_value-conflict_orderexp_A_first_seed3002__model-Qwen--Qwen2.5-1.5B,A_first,3002,pre_washout,test-0006
d9ea1450,axis1_access_vs_provenance_value-conflict_orderexp_A_first_seed3002__model-Qwen--Qwen2.5-1.5B,A_first,3002,pre_washout,test-0007
53f2b849,axis1_access_vs_provenance_value-conflict_orderexp_A_first_seed3002__model-Qwen--Qwen2.5-1.5B,A_first,3002,pre_washout,test-0008
cc11410d,axis1_access_vs_provenance_value-conflict_orderexp_A_first_seed3002__model-Qwen--Qwen2.5-1.5B,A_first,3002,pre_washout,test-0009
1e8002e0,axis1_access_vs_provenance_value-conflict_orderexp_A_first_seed3002__model-Qwen--Qwen2.5-1.5B,A_first,3002,pre_washout,test-0010
285df224,axis1_access_vs_provenance_value-conflict_orderexp_A_first_seed3002__model-Qwen--Qwen2.5-1.5B,A_first,3002,pre_washout,test-0011
7fa7ab0d,axis1_access_vs_provenance_value-conflict_orderexp_A_first_seed3002__model-Qwen--Qwen2.5-1.5B,A_first,3002,pre_washout,test-0012
3c78be70,axis1_access_vs_provenance_value-conflict_orderexp_A_first_seed3002__model-Qwen--Qwen2.5-1.5B,A_first,3002,pre_washout,test-0013
c903be84,axis1_access_vs_provenance_value-conflict_orderexp_A_first_seed3002__model-Qwen--Qwen2.5-1.5B,A_first,3002,pre_washout,test-0014
99ba1d21,axis1_access_vs_provenance_value-conflict_orderexp_A_first_seed3002__model-Qwen--Qwen2.5-1.5B,A_first,3002,pre_washout,test-0015
ee2e939a,axis1_access_vs_provenance_value-conflict_orderexp_A_first_seed3002__model-Qwen--Qwen2.5-1.5B,A_first,3002,pre_washout,test-0016
5b17d9da,axis1_access_vs_provenance_value-conflict_orderexp_A_first_seed3002__model-Qwen--Qwen2.5-1.5B,A_first,3002,pre_washout,test-0017
1562a947,axis1_access_vs_provenance_value-conflict_orderexp_A_first_seed3002__model-Qwen--Qwen2.5-1.5B,A_first,3002,pre_washout,test-0018
95192b6d,axis1_access_vs_provenance_value-conflict_orderexp_A_first_seed3002__model-Qwen--Qwen2.5-1.5B,A_first,3002,pre_washout,test-0019
3b9b8fd7,axis1_access_vs_provenance_value-conflict_orderexp_A_first_seed3002__model-Qwen--Qwen2.5-1.5B,A_first,3002,pre_washout,test-0020
f14ac2e2,axis1_access_vs_provenance_value-conflict_orderexp_A_first_seed3002__model-Qwen--Qwen2.5-1.5B,A_first,3002,pre_washout,test-0021
d1fbf58b,axis1_access_vs_provenance_value-conflict_orderexp_A_first_seed3002__model-Qwen--Qwen2.5-1.5B,A_first,3002,pre_washout,test-0022
73e6d7b9,axis1_access_vs_provenance_value-conflict_orderexp_A_first_seed3002__model-Qwen--Qwen2.5-1.5B,A_first,3002,pre_washout,test-0023
54fbd9a0,axis1_access_vs_provenance_value-conflict_orderexp_A_first_seed3002__model-Qwen--Qwen2.5-1.5B,A_first,3002,pre_washout,test-0024
4b678075,axis1_access_vs_provenance_value-conflict_orderexp_A_first_seed3002__model-Qwen--Qwen2.5-1.5B,A_first,3002,post_washout,test-0001
0ee1893b,axis1_access_vs_provenance_value-conflict_orderexp_A_first_seed3002__model-Qwen--Qwen2.5-1.5B,A_first,3002,post_washout,test-0002
beae7c00,axis1_access_vs_provenance_value-conflict_orderexp_A_first_seed3002__model-Qwen--Qwen2.5-1.5B,A_first,3002,post_washout,test-0003
4b5f7e29,axis1_access_vs_provenance_value-conflict_orderexp_A_first_seed3002__model-Qwen--Qwen2.5-1.5B,A_first,3002,post_washout,test-0004
9d0596f5,axis1_access_vs_provenance_value-conflict_orderexp_A_first_seed3002__model-Qwen--Qwen2.5-1.5B,A_first,3002,post_washout,test-0005
2ab19a79,axis1_access_vs_provenance_value-conflict_orderexp_A_first_seed3002__model-Qwen--Qwen2.5-1.5B,A_first,3002,post_washout,test-0006
200286c4,axis1_access_vs_provenance_value-conflict_orderexp_A_first_seed3002__model-Qwen--Qwen2.5-1.5B,A_first,3002,post_washout,test-0007
5a86f43e,axis1_access_vs_provenance_value-conflict_orderexp_A_first_seed3002__model-Qwen--Qwen2.5-1.5B,A_first,3002,post_washout,test-0008
719c4131,axis1_access_vs_provenance_value-conflict_orderexp_A_first_seed3002__model-Qwen--Qwen2.5-1.5B,A_first,3002,post_washout,test-0009
597185c1,axis1_access_vs_provenance_value-conflict_orderexp_A_first_seed3002__model-Qwen--Qwen2.5-1.5B,A_first,3002,post_washout,test-0010
0fbdc6f7,axis1_access_vs_provenance_value-conflict_orderexp_A_first_seed3002__model-Qwen--Qwen2.5-1.5B,A_first,3002,post_washout,test-0011
888beece,axis1_access_vs_provenance_value-conflict_orderexp_A_first_seed3002__model-Qwen--Qwen2.5-1.5B,A_first,3002,post_washout,test-0012
347296a1,axis1_access_vs_provenance_value-conflict_orderexp_A_first_seed3002__model-Qwen--Qwen2.5-1.5B,A_first,3002,post_washout,test-0013
32c6b57c,axis1_access_vs_provenance_value-conflict_orderexp_A_first_seed3002__model-Qwen--Qwen2.5-1.5B,A_first,3002,post_washout,test-0014
f4e4c793,axis1_access_vs_provenance_value-conflict_orderexp_A_first_seed3002__model-Qwen--Qwen2.5-1.5B,A_first,3002,post_washout,test-0015
e61c34e4,axis1_access_vs_provenance_value-conflict_orderexp_A_first_seed3002__model-Qwen--Qwen2.5-1.5B,A_first,3002,post_washout,test-0016
b621306e,axis1_access_vs_provenance_value-conflict_orderexp_A_first_seed3002__model-Qwen--Qwen2.5-1.5B,A_first,3002,post_washout,test-0017
fe417c5f,axis1_access_vs_provenance_value-conflict_orderexp_A_first_seed3002__model-Qwen--Qwen2.5-1.5B,A_first,3002,post_washout,test-0018
79d8da38,axis1_access_vs_provenance_value-conflict_orderexp_A_first_seed3002__model-Qwen--Qwen2.5-1.5B,A_first,3002,post_washout,test-0019
e320ab1e,axis1_access_vs_provenance_value-conflict_orderexp_A_first_seed3002__model-Qwen--Qwen2.5-1.5B,A_first,3002,post_washout,test-0020
d3759af9,axis1_access_vs_provenance_value-conflict_orderexp_A_first_seed3002__model-Qwen--Qwen2.5-1.5B,A_first,3002,post_washout,test-0021
d9e645ec,axis1_access_vs_provenance_value-conflict_orderexp_A_first_seed3002__model-Qwen--Qwen2.5-1.5B,A_first,3002,post_washout,test-0022
e6b0490c,axis1_access_vs_provenance_value-conflict_orderexp_A_first_seed3002__model-Qwen--Qwen2.5-1.5B,A_first,3002,post_washout,test-0023
99e2ed8f,axis1_access_vs_provenance_value-conflict_orderexp_A_first_seed3002__model-Qwen--Qwen2.5-1.5B,A_first,3002,post_washout,test-0024
d735ffa4,axis1_access_vs_provenance_value-conflict_orderexp_B_first_seed3002__model-Qwen--Qwen2.5-1.5B,B_first,3002,post_phase1,test-0001
3becedc1,axis1_access_vs_provenance_value-conflict_orderexp_B_first_seed3002__model-Qwen--Qwen2.5-1.5B,B_first,3002,post_phase1,test-0002
99edeac5,axis1_access_vs_provenance_value-conflict_orderexp_B_first_seed3002__model-Qwen--Qwen2.5-1.5B,B_first,3002,post_phase1,test-0003
8823eaa4,axis1_access_vs_provenance_value-conflict_orderexp_B_first_seed3002__model-Qwen--Qwen2.5-1.5B,B_first,3002,post_phase1,test-0004
9ecbe816,axis1_access_vs_provenance_value-conflict_orderexp_B_first_seed3002__model-Qwen--Qwen2.5-1.5B,B_first,3002,post_phase1,test-0005
90d8c377,axis1_access_vs_provenance_value-conflict_orderexp_B_first_seed3002__model-Qwen--Qwen2.5-1.5B,B_first,3002,post_phase1,test-0006
df4dfdf1,axis1_access_vs_provenance_value-conflict_orderexp_B_first_seed3002__model-Qwen--Qwen2.5-1.5B,B_first,3002,post_phase1,test-0007
c16a5fba,axis1_access_vs_provenance_value-conflict_orderexp_B_first_seed3002__model-Qwen--Qwen2.5-1.5B,B_first,3002,post_phase1,test-0008
36c457c3,axis1_access_vs_provenance_value-conflict_orderexp_B_first_seed3002__model-Qwen--Qwen2.5-1.5B,B_first,3002,post_phase1,test-0009
430f9080,axis1_access_vs_provenance_value-conflict_orderexp_B_first_seed3002__model-Qwen--Qwen2.5-1.5B,B_first,3002,post_phase1,test-0010
50dba77c,axis1_access_vs_provenance_value-conflict_orderexp_B_first_seed3002__model-Qwen--Qwen2.5-1.5B,B_first,3002,post_phase1,test-0011
1f0563fa,axis1_access_vs_provenance_value-conflict_orderexp_B_first_seed3002__model-Qwen--Qwen2.5-1.5B,B_first,3002,post_phase1,test-0012
21d314b0,axis1_access_vs_provenance_value-conflict_orderexp_B_first_seed3002__model-Qwen--Qwen2.5-1.5B,B_first,3002,post_phase1,test-0013
200e7206,axis1_access_vs_provenance_value-conflict_orderexp_B_first_seed3002__model-Qwen--Qwen2.5-1.5B,B_first,3002,post_phase1,test-0014
6b68ab0a,axis1_access_vs_provenance_value-conflict_orderexp_B_first_seed3002__model-Qwen--Qwen2.5-1.5B,B_first,3002,post_phase1,test-0015
7707640d,axis1_access_vs_provenance_value-conflict_orderexp_B_first_seed3002__model-Qwen--Qwen2.5-1.5B,B_first,3002,post_phase1,test-0016
6cacbd83,axis1_access_vs_provenance_value-conflict_orderexp_B_first_seed3002__model-Qwen--Qwen2.5-1.5B,B_first,3002,post_phase1,test-0017
992dd40b,axis1_access_vs_provenance_value-conflict_orderexp_B_first_seed3002__model-Qwen--Qwen2.5-1.5B,B_first,3002,post_phase1,test-0018
f0df789f,axis1_access_vs_provenance_value-conflict_orderexp_B_first_seed3002__model-Qwen--Qwen2.5-1.5B,B_first,3002,post_phase1,test-0019
8c9ff31b,axis1_access_vs_provenance_value-conflict_orderexp_B_first_seed3002__model-Qwen--Qwen2.5-1.5B,B_first,3002,post_phase1,test-0020
f3140589,axis1_access_vs_provenance_value-conflict_orderexp_B_first_seed3002__model-Qwen--Qwen2.5-1.5B,B_first,3002,post_phase1,test-0021
8738b0e7,axis1_access_vs_provenance_value-conflict_orderexp_B_first_seed3002__model-Qwen--Qwen2.5-1.5B,B_first,3002,post_phase1,test-0022
6a9c6624,axis1_access_vs_provenance_value-conflict_orderexp_B_first_seed3002__model-Qwen--Qwen2.5-1.5B,B_first,3002,post_phase1,test-0023
f116b235,axis1_access_vs_provenance_value-conflict_orderexp_B_first_seed3002__model-Qwen--Qwen2.5-1.5B,B_first,3002,post_phase1,test-0024
bc7d37bc,axis1_access_vs_provenance_value-conflict_orderexp_B_first_seed3002__model-Qwen--Qwen2.5-1.5B,B_first,3002,pre_washout,test-0001
d329129b,axis1_access_vs_provenance_value-conflict_orderexp_B_first_seed3002__model-Qwen--Qwen2.5-1.5B,B_first,3002,pre_washout,test-0002
1c076874,axis1_access_vs_provenance_value-conflict_orderexp_B_first_seed3002__model-Qwen--Qwen2.5-1.5B,B_first,3002,pre_washout,test-0003
e91ef011,axis1_access_vs_provenance_value-conflict_orderexp_B_first_seed3002__model-Qwen--Qwen2.5-1.5B,B_first,3002,pre_washout,test-0004
1a967066,axis1_access_vs_provenance_value-conflict_orderexp_B_first_seed3002__model-Qwen--Qwen2.5-1.5B,B_first,3002,pre_washout,test-0005
4f68c522,axis1_access_vs_provenance_value-conflict_orderexp_B_first_seed3002__model-Qwen--Qwen2.5-1.5B,B_first,3002,pre_washout,test-0006
a564bb8e,axis1_access_vs_provenance_value-conflict_orderexp_B_first_seed3002__model-Qwen--Qwen2.5-1.5B,B_first,3002,pre_washout,test-0007
c8dabd5e,axis1_access_vs_provenance_value-conflict_orderexp_B_first_seed3002__model-Qwen--Qwen2.5-1.5B,B_first,3002,pre_washout,test-0008
6c51de9d,axis1_access_vs_provenance_value-conflict_orderexp_B_first_seed3002__model-Qwen--Qwen2.5-1.5B,B_first,3002,pre_washout,test-0009
837a2477,axis1_access_vs_provenance_value-conflict_orderexp_B_first_seed3002__model-Qwen--Qwen2.5-1.5B,B_first,3002,pre_washout,test-0010
6a298ece,axis1_access_vs_provenance_value-conflict_orderexp_B_first_seed3002__model-Qwen--Qwen2.5-1.5B,B_first,3002,pre_washout,test-0011
055dd3a9,axis1_access_vs_provenance_value-conflict_orderexp_B_first_seed3002__model-Qwen--Qwen2.5-1.5B,B_first,3002,pre_washout,test-0012
730a8027,axis1_access_vs_provenance_value-conflict_orderexp_B_first_seed3002__model-Qwen--Qwen2.5-1.5B,B_first,3002,pre_washout,test-0013
3ed3c9b4,axis1_access_vs_provenance_value-conflict_orderexp_B_first_seed3002__model-Qwen--Qwen2.5-1.5B,B_first,3002,pre_washout,test-0014
503a3ab9,axis1_access_vs_provenance_value-conflict_orderexp_B_first_seed3002__model-Qwen--Qwen2.5-1.5B,B_first,3002,pre_washout,test-0015
61433999,axis1_access_vs_provenance_value-conflict_orderexp_B_first_seed3002__model-Qwen--Qwen2.5-1.5B,B_first,3002,pre_washout,test-0016
c9ed47d9,axis1_access_vs_provenance_value-conflict_orderexp_B_first_seed3002__model-Qwen--Qwen2.5-1.5B,B_first,3002,pre_washout,test-0017
a37c6507,axis1_access_vs_provenance_value-conflict_orderexp_B_first_seed3002__model-Qwen--Qwen2.5-1.5B,B_first,3002,pre_washout,test-0018
fa4bafc0,axis1_access_vs_provenance_value-conflict_orderexp_B_first_seed3002__model-Qwen--Qwen2.5-1.5B,B_first,3002,pre_washout,test-0019
17d94304,axis1_access_vs_provenance_value-conflict_orderexp_B_first_seed3002__model-Qwen--Qwen2.5-1.5B,B_first,3002,pre_washout,test-0020
27e62ff0,axis1_access_vs_provenance_value-conflict_orderexp_B_first_seed3002__model-Qwen--Qwen2.5-1.5B,B_first,3002,pre_washout,test-0021
3ddd1d77,axis1_access_vs_provenance_value-conflict_orderexp_B_first_seed3002__model-Qwen--Qwen2.5-1.5B,B_first,3002,pre_washout,test-0022
e0ddac2f,axis1_access_vs_provenance_value-conflict_orderexp_B_first_seed3002__model-Qwen--Qwen2.5-1.5B,B_first,3002,pre_washout,test-0023
d179d7ca,axis1_access_vs_provenance_value-conflict_orderexp_B_first_seed3002__model-Qwen--Qwen2.5-1.5B,B_first,3002,pre_washout,test-0024
d830c4c5,axis1_access_vs_provenance_value-conflict_orderexp_B_first_seed3002__model-Qwen--Qwen2.5-1.5B,B_first,3002,post_washout,test-0001
7b18105c,axis1_access_vs_provenance_value-conflict_orderexp_B_first_seed3002__model-Qwen--Qwen2.5-1.5B,B_first,3002,post_washout,test-0002
87cf6576,axis1_access_vs_provenance_value-conflict_orderexp_B_first_seed3002__model-Qwen--Qwen2.5-1.5B,B_first,3002,post_washout,test-0003
8991d5f6,axis1_access_vs_provenance_value-conflict_orderexp_B_first_seed3002__model-Qwen--Qwen2.5-1.5B,B_first,3002,post_washout,test-0004
d4cdc3ef,axis1_access_vs_provenance_value-conflict_orderexp_B_first_seed3002__model-Qwen--Qwen2.5-1.5B,B_first,3002,post_washout,test-0005
bd92c682,axis1_access_vs_provenance_value-conflict_orderexp_B_first_seed3002__model-Qwen--Qwen2.5-1.5B,B_first,3002,post_washout,test-0006
e3936b10,axis1_access_vs_provenance_value-conflict_orderexp_B_first_seed3002__model-Qwen--Qwen2.5-1.5B,B_first,3002,post_washout,test-0007
7ac338af,axis1_access_vs_provenance_value-conflict_orderexp_B_first_seed3002__model-Qwen--Qwen2.5-1.5B,B_first,3002,post_washout,test-0008
a34d228f,axis1_access_vs_provenance_value-conflict_orderexp_B_first_seed3002__model-Qwen--Qwen2.5-1.5B,B_first,3002,post_washout,test-0009
4e626b71,axis1_access_vs_provenance_value-conflict_orderexp_B_first_seed3002__model-Qwen--Qwen2.5-1.5B,B_first,3002,post_washout,test-0010
ea66b141,axis1_access_vs_provenance_value-conflict_orderexp_B_first_seed3002__model-Qwen--Qwen2.5-1.5B,B_first,3002,post_washout,test-0011
eb3bf144,axis1_access_vs_provenance_value-conflict_orderexp_B_first_seed3002__model-Qwen--Qwen2.5-1.5B,B_first,3002,post_washout,test-0012
e5d91fcd,axis1_access_vs_provenance_value-conflict_orderexp_B_first_seed3002__model-Qwen--Qwen2.5-1.5B,B_first,3002,post_washout,test-0013
9ebec834,axis1_access_vs_provenance_value-conflict_orderexp_B_first_seed3002__model-Qwen--Qwen2.5-1.5B,B_first,3002,post_washout,test-0014
912d7677,axis1_access_vs_provenance_value-conflict_orderexp_B_first_seed3002__model-Qwen--Qwen2.5-1.5B,B_first,3002,post_washout,test-0015
9fde31b6,axis1_access_vs_provenance_value-conflict_orderexp_B_first_seed3002__model-Qwen--Qwen2.5-1.5B,B_first,3002,post_washout,test-0016
8b9af9c4,axis1_access_vs_provenance_value-conflict_orderexp_B_first_seed3002__model-Qwen--Qwen2.5-1.5B,B_first,3002,post_washout,test-0017
fc8d54fa,axis1_access_vs_provenance_value-conflict_orderexp_B_first_seed3002__model-Qwen--Qwen2.5-1.5B,B_first,3002,post_washout,test-0018
2ad5ef1c,axis1_access_vs_provenance_value-conflict_orderexp_B_first_seed3002__model-Qwen--Qwen2.5-1.5B,B_first,3002,post_washout,test-0019
c45b43e9,axis1_access_vs_provenance_value-conflict_orderexp_B_first_seed3002__model-Qwen--Qwen2.5-1.5B,B_first,3002,post_washout,test-0020
936d81c6,axis1_access_vs_provenance_value-conflict_orderexp_B_first_seed3002__model-Qwen--Qwen2.5-1.5B,B_first,3002,post_washout,test-0021
1410a51b,axis1_access_vs_provenance_value-conflict_orderexp_B_first_seed3002__model-Qwen--Qwen2.5-1.5B,B_first,3002,post_washout,test-0022
f540ca0a,axis1_access_vs_provenance_value-conflict_orderexp_B_first_seed3002__model-Qwen--Qwen2.5-1.5B,B_first,3002,post_washout,test-0023
b3a1a97a,axis1_access_vs_provenance_value-conflict_orderexp_B_first_seed3002__model-Qwen--Qwen2.5-1.5B,B_first,3002,post_washout,test-0024
48c40bed,axis1_access_vs_provenance_value-conflict_orderexp_interleaved_seed3002__model-Qwen--Qwen2.5-1.5B,interleaved,3002,pre_washout,test-0001
1929a6d3,axis1_access_vs_provenance_value-conflict_orderexp_interleaved_seed3002__model-Qwen--Qwen2.5-1.5B,interleaved,3002,pre_washout,test-0002
1813f552,axis1_access_vs_provenance_value-conflict_orderexp_interleaved_seed3002__model-Qwen--Qwen2.5-1.5B,interleaved,3002,pre_washout,test-0003
65297068,axis1_access_vs_provenance_value-conflict_orderexp_interleaved_seed3002__model-Qwen--Qwen2.5-1.5B,interleaved,3002,pre_washout,test-0004
268ce5b6,axis1_access_vs_provenance_value-conflict_orderexp_interleaved_seed3002__model-Qwen--Qwen2.5-1.5B,interleaved,3002,pre_washout,test-0005
e5c98954,axis1_access_vs_provenance_value-conflict_orderexp_interleaved_seed3002__model-Qwen--Qwen2.5-1.5B,interleaved,3002,pre_washout,test-0006
cd042317,axis1_access_vs_provenance_value-conflict_orderexp_interleaved_seed3002__model-Qwen--Qwen2.5-1.5B,interleaved,3002,pre_washout,test-0007
388c1d98,axis1_access_vs_provenance_value-conflict_orderexp_interleaved_seed3002__model-Qwen--Qwen2.5-1.5B,interleaved,3002,pre_washout,test-0008
86e65628,axis1_access_vs_provenance_value-conflict_orderexp_interleaved_seed3002__model-Qwen--Qwen2.5-1.5B,interleaved,3002,pre_washout,test-0009
22c64636,axis1_access_vs_provenance_value-conflict_orderexp_interleaved_seed3002__model-Qwen--Qwen2.5-1.5B,interleaved,3002,pre_washout,test-0010
99668e33,axis1_access_vs_provenance_value-conflict_orderexp_interleaved_seed3002__model-Qwen--Qwen2.5-1.5B,interleaved,3002,pre_washout,test-0011
f4e287ba,axis1_access_vs_provenance_value-conflict_orderexp_interleaved_seed3002__model-Qwen--Qwen2.5-1.5B,interleaved,3002,pre_washout,test-0012
a9472d80,axis1_access_vs_provenance_value-conflict_orderexp_interleaved_seed3002__model-Qwen--Qwen2.5-1.5B,interleaved,3002,pre_washout,test-0013
a263acde,axis1_access_vs_provenance_value-conflict_orderexp_interleaved_seed3002__model-Qwen--Qwen2.5-1.5B,interleaved,3002,pre_washout,test-0014
28a5c25b,axis1_access_vs_provenance_value-conflict_orderexp_interleaved_seed3002__model-Qwen--Qwen2.5-1.5B,interleaved,3002,pre_washout,test-0015
2a2c76d4,axis1_access_vs_provenance_value-conflict_orderexp_interleaved_seed3002__model-Qwen--Qwen2.5-1.5B,interleaved,3002,pre_washout,test-0016
307cfd6f,axis1_access_vs_provenance_value-conflict_orderexp_interleaved_seed3002__model-Qwen--Qwen2.5-1.5B,interleaved,3002,pre_washout,test-0017
9d22ab76,axis1_access_vs_provenance_value-conflict_orderexp_interleaved_seed3002__model-Qwen--Qwen2.5-1.5B,interleaved,3002,pre_washout,test-0018
8aa3a0de,axis1_access_vs_provenance_value-conflict_orderexp_interleaved_seed3002__model-Qwen--Qwen2.5-1.5B,interleaved,3002,pre_washout,test-0019
55f56faf,axis1_access_vs_provenance_value-conflict_orderexp_interleaved_seed3002__model-Qwen--Qwen2.5-1.5B,interleaved,3002,pre_washout,test-0020
248fb95f,axis1_access_vs_provenance_value-conflict_orderexp_interleaved_seed3002__model-Qwen--Qwen2.5-1.5B,interleaved,3002,pre_washout,test-0021
ceab4770,axis1_access_vs_provenance_value-conflict_orderexp_interleaved_seed3002__model-Qwen--Qwen2.5-1.5B,interleaved,3002,pre_washout,test-0022
a2bbb84e,axis1_access_vs_provenance_value-conflict_orderexp_interleaved_seed3002__model-Qwen--Qwen2.5-1.5B,interleaved,3002,pre_washout,test-0023
5da9ea78,axis1_access_vs_provenance_value-conflict_orderexp_interleaved_seed3002__model-Qwen--Qwen2.5-1.5B,interleaved,3002,pre_washout,test-0024
20988555,axis1_access_vs_provenance_value-conflict_orderexp_interleaved_seed3002__model-Qwen--Qwen2.5-1.5B,interleaved,3002,post_washout,test-0001
c810a8c6,axis1_access_vs_provenance_value-conflict_orderexp_interleaved_seed3002__model-Qwen--Qwen2.5-1.5B,interleaved,3002,post_washout,test-0002
0eb788b8,axis1_access_vs_provenance_value-conflict_orderexp_interleaved_seed3002__model-Qwen--Qwen2.5-1.5B,interleaved,3002,post_washout,test-0003
52185df6,axis1_access_vs_provenance_value-conflict_orderexp_interleaved_seed3002__model-Qwen--Qwen2.5-1.5B,interleaved,3002,post_washout,test-0004
5374e04f,axis1_access_vs_provenance_value-conflict_orderexp_interleaved_seed3002__model-Qwen--Qwen2.5-1.5B,interleaved,3002,post_washout,test-0005
1a4b9fe7,axis1_access_vs_provenance_value-conflict_orderexp_interleaved_seed3002__model-Qwen--Qwen2.5-1.5B,interleaved,3002,post_washout,test-0006
d97ba38f,axis1_access_vs_provenance_value-conflict_orderexp_interleaved_seed3002__model-Qwen--Qwen2.5-1.5B,interleaved,3002,post_washout,test-0007
6c897edb,axis1_access_vs_provenance_value-conflict_orderexp_interleaved_seed3002__model-Qwen--Qwen2.5-1.5B,interleaved,3002,post_washout,test-0008
05b20cfa,axis1_access_vs_provenance_value-conflict_orderexp_interleaved_seed3002__model-Qwen--Qwen2.5-1.5B,interleaved,3002,post_washout,test-0009
aa9d4407,axis1_access_vs_provenance_value-conflict_orderexp_interleaved_seed3002__model-Qwen--Qwen2.5-1.5B,interleaved,3002,post_washout,test-0010
0f4b5b36,axis1_access_vs_provenance_value-conflict_orderexp_interleaved_seed3002__model-Qwen--Qwen2.5-1.5B,interleaved,3002,post_washout,test-0011
b4e3783c,axis1_access_vs_provenance_value-conflict_orderexp_interleaved_seed3002__model-Qwen--Qwen2.5-1.5B,interleaved,3002,post_washout,test-0012
b2313538,axis1_access_vs_provenance_value-conflict_orderexp_interleaved_seed3002__model-Qwen--Qwen2.5-1.5B,interleaved,3002,post_washout,test-0013
f7e700e6,axis1_access_vs_provenance_value-conflict_orderexp_interleaved_seed3002__model-Qwen--Qwen2.5-1.5B,interleaved,3002,post_washout,test-0014
02396072,axis1_access_vs_provenance_value-conflict_orderexp_interleaved_seed3002__model-Qwen--Qwen2.5-1.5B,interleaved,3002,post_washout,test-0015
ccb178a8,axis1_access_vs_provenance_value-conflict_orderexp_interleaved_seed3002__model-Qwen--Qwen2.5-1.5B,interleaved,3002,post_washout,test-0016
97287131,axis1_access_vs_provenance_value-conflict_orderexp_interleaved_seed3002__model-Qwen--Qwen2.5-1.5B,interleaved,3002,post_washout,test-0017
9341325d,axis1_access_vs_provenance_value-conflict_orderexp_interleaved_seed3002__model-Qwen--Qwen2.5-1.5B,interleaved,3002,post_washout,test-0018
4d5261bd,axis1_access_vs_provenance_value-conflict_orderexp_interleaved_seed3002__model-Qwen--Qwen2.5-1.5B,interleaved,3002,post_washout,test-0019
67081727,axis1_access_vs_provenance_value-conflict_orderexp_interleaved_seed3002__model-Qwen--Qwen2.5-1.5B,interleaved,3002,post_washout,test-0020
a47ba0bc,axis1_access_vs_provenance_value-conflict_orderexp_interleaved_seed3002__model-Qwen--Qwen2.5-1.5B,interleaved,3002,post_washout,test-0021
00905581,axis1_access_vs_provenance_value-conflict_orderexp_interleaved_seed3002__model-Qwen--Qwen2.5-1.5B,interleaved,3002,post_washout,test-0022
066f6f58,axis1_access_vs_provenance_value-conflict_orderexp_interleaved_seed3002__model-Qwen--Qwen2.5-1.5B,interleaved,3002,post_washout,test-0023
9cbcef25,axis1_access_vs_provenance_value-conflict_orderexp_interleaved_seed3002__model-Qwen--Qwen2.5-1.5B,interleaved,3002,post_washout,test-0024
1ee9a49e,axis1_access_vs_provenance_value-conflict_orderexp_A_first_seed3003__model-Qwen--Qwen2.5-1.5B,A_first,3003,post_phase1,test-0001
8c82b256,axis1_access_vs_provenance_value-conflict_orderexp_A_first_seed3003__model-Qwen--Qwen2.5-1.5B,A_first,3003,post_phase1,test-0002
25b48dcd,axis1_access_vs_provenance_value-conflict_orderexp_A_first_seed3003__model-Qwen--Qwen2.5-1.5B,A_first,3003,post_phase1,test-0003
66eda90b,axis1_access_vs_provenance_value-conflict_orderexp_A_first_seed3003__model-Qwen--Qwen2.5-1.5B,A_first,3003,post_phase1,test-0004
548424a1,axis1_access_vs_provenance_value-conflict_orderexp_A_first_seed3003__model-Qwen--Qwen2.5-1.5B,A_first,3003,post_phase1,test-0005
d32f92b0,axis1_access_vs_provenance_value-conflict_orderexp_A_first_seed3003__model-Qwen--Qwen2.5-1.5B,A_first,3003,post_phase1,test-0006
2419249f,axis1_access_vs_provenance_value-conflict_orderexp_A_first_seed3003__model-Qwen--Qwen2.5-1.5B,A_first,3003,post_phase1,test-0007
75c1e63e,axis1_access_vs_provenance_value-conflict_orderexp_A_first_seed3003__model-Qwen--Qwen2.5-1.5B,A_first,3003,post_phase1,test-0008
de16a49d,axis1_access_vs_provenance_value-conflict_orderexp_A_first_seed3003__model-Qwen--Qwen2.5-1.5B,A_first,3003,post_phase1,test-0009
2461929d,axis1_access_vs_provenance_value-conflict_orderexp_A_first_seed3003__model-Qwen--Qwen2.5-1.5B,A_first,3003,post_phase1,test-0010
3e7f5fe6,axis1_access_vs_provenance_value-conflict_orderexp_A_first_seed3003__model-Qwen--Qwen2.5-1.5B,A_first,3003,post_phase1,test-0011
c04638e2,axis1_access_vs_provenance_value-conflict_orderexp_A_first_seed3003__model-Qwen--Qwen2.5-1.5B,A_first,3003,post_phase1,test-0012
89a2d486,axis1_access_vs_provenance_value-conflict_orderexp_A_first_seed3003__model-Qwen--Qwen2.5-1.5B,A_first,3003,post_phase1,test-0013
559bee68,axis1_access_vs_provenance_value-conflict_orderexp_A_first_seed3003__model-Qwen--Qwen2.5-1.5B,A_first,3003,post_phase1,test-0014
d4e8205a,axis1_access_vs_provenance_value-conflict_orderexp_A_first_seed3003__model-Qwen--Qwen2.5-1.5B,A_first,3003,post_phase1,test-0015
d54bee6e,axis1_access_vs_provenance_value-conflict_orderexp_A_first_seed3003__model-Qwen--Qwen2.5-1.5B,A_first,3003,post_phase1,test-0016
6d8d21a3,axis1_access_vs_provenance_value-conflict_orderexp_A_first_seed3003__model-Qwen--Qwen2.5-1.5B,A_first,3003,post_phase1,test-0017
4e468201,axis1_access_vs_provenance_value-conflict_orderexp_A_first_seed3003__model-Qwen--Qwen2.5-1.5B,A_first,3003,post_phase1,test-0018
baaf96c0,axis1_access_vs_provenance_value-conflict_orderexp_A_first_seed3003__model-Qwen--Qwen2.5-1.5B,A_first,3003,post_phase1,test-0019
14f7354b,axis1_access_vs_provenance_value-conflict_orderexp_A_first_seed3003__model-Qwen--Qwen2.5-1.5B,A_first,3003,post_phase1,test-0020
f588ad9a,axis1_access_vs_provenance_value-conflict_orderexp_A_first_seed3003__model-Qwen--Qwen2.5-1.5B,A_first,3003,post_phase1,test-0021
127559b5,axis1_access_vs_provenance_value-conflict_orderexp_A_first_seed3003__model-Qwen--Qwen2.5-1.5B,A_first,3003,post_phase1,test-0022
b62c35c6,axis1_access_vs_provenance_value-conflict_orderexp_A_first_seed3003__model-Qwen--Qwen2.5-1.5B,A_first,3003,post_phase1,test-0023
f642438c,axis1_access_vs_provenance_value-conflict_orderexp_A_first_seed3003__model-Qwen--Qwen2.5-1.5B,A_first,3003,post_phase1,test-0024
7f0476db,axis1_access_vs_provenance_value-conflict_orderexp_A_first_seed3003__model-Qwen--Qwen2.5-1.5B,A_first,3003,pre_washout,test-0001
a5a0529c,axis1_access_vs_provenance_value-conflict_orderexp_A_first_seed3003__model-Qwen--Qwen2.5-1.5B,A_first,3003,pre_washout,test-0002
54cf1207,axis1_access_vs_provenance_value-conflict_orderexp_A_first_seed3003__model-Qwen--Qwen2.5-1.5B,A_first,3003,pre_washout,test-0003
5cdffda1,axis1_access_vs_provenance_value-conflict_orderexp_A_first_seed3003__model-Qwen--Qwen2.5-1.5B,A_first,3003,pre_washout,test-0004
d8cdcafa,axis1_access_vs_provenance_value-conflict_orderexp_A_first_seed3003__model-Qwen--Qwen2.5-1.5B,A_first,3003,pre_washout,test-0005
7952244f,axis1_access_vs_provenance_value-conflict_orderexp_A_first_seed3003__model-Qwen--Qwen2.5-1.5B,A_first,3003,pre_washout,test-0006
b56a9e1b,axis1_access_vs_provenance_value-conflict_orderexp_A_first_seed3003__model-Qwen--Qwen2.5-1.5B,A_first,3003,pre_washout,test-0007
d543b6a6,axis1_access_vs_provenance_value-conflict_orderexp_A_first_seed3003__model-Qwen--Qwen2.5-1.5B,A_first,3003,pre_washout,test-0008
52f71724,axis1_access_vs_provenance_value-conflict_orderexp_A_first_seed3003__model-Qwen--Qwen2.5-1.5B,A_first,3003,pre_washout,test-0009
765578e5,axis1_access_vs_provenance_value-conflict_orderexp_A_first_seed3003__model-Qwen--Qwen2.5-1.5B,A_first,3003,pre_washout,test-0010
933e0cf6,axis1_access_vs_provenance_value-conflict_orderexp_A_first_seed3003__model-Qwen--Qwen2.5-1.5B,A_first,3003,pre_washout,test-0011
8d8f2326,axis1_access_vs_provenance_value-conflict_orderexp_A_first_seed3003__model-Qwen--Qwen2.5-1.5B,A_first,3003,pre_washout,test-0012
dd475beb,axis1_access_vs_provenance_value-conflict_orderexp_A_first_seed3003__model-Qwen--Qwen2.5-1.5B,A_first,3003,pre_washout,test-0013
c2ae199b,axis1_access_vs_provenance_value-conflict_orderexp_A_first_seed3003__model-Qwen--Qwen2.5-1.5B,A_first,3003,pre_washout,test-0014
2c9f44fb,axis1_access_vs_provenance_value-conflict_orderexp_A_first_seed3003__model-Qwen--Qwen2.5-1.5B,A_first,3003,pre_washout,test-0015
15830a91,axis1_access_vs_provenance_value-conflict_orderexp_A_first_seed3003__model-Qwen--Qwen2.5-1.5B,A_first,3003,pre_washout,test-0016
351764a7,axis1_access_vs_provenance_value-conflict_orderexp_A_first_seed3003__model-Qwen--Qwen2.5-1.5B,A_first,3003,pre_washout,test-0017
dd60c63a,axis1_access_vs_provenance_value-conflict_orderexp_A_first_seed3003__model-Qwen--Qwen2.5-1.5B,A_first,3003,pre_washout,test-0018
6f542978,axis1_access_vs_provenance_value-conflict_orderexp_A_first_seed3003__model-Qwen--Qwen2.5-1.5B,A_first,3003,pre_washout,test-0019
860fed2d,axis1_access_vs_provenance_value-conflict_orderexp_A_first_seed3003__model-Qwen--Qwen2.5-1.5B,A_first,3003,pre_washout,test-0020
4cf9df41,axis1_access_vs_provenance_value-conflict_orderexp_A_first_seed3003__model-Qwen--Qwen2.5-1.5B,A_first,3003,pre_washout,test-0021
43105d18,axis1_access_vs_provenance_value-conflict_orderexp_A_first_seed3003__model-Qwen--Qwen2.5-1.5B,A_first,3003,pre_washout,test-0022
e3997fd2,axis1_access_vs_provenance_value-conflict_orderexp_A_first_seed3003__model-Qwen--Qwen2.5-1.5B,A_first,3003,pre_washout,test-0023
8463026f,axis1_access_vs_provenance_value-conflict_orderexp_A_first_seed3003__model-Qwen--Qwen2.5-1.5B,A_first,3003,pre_washout,test-0024
a44e8977,axis1_access_vs_provenance_value-conflict_orderexp_A_first_seed3003__model-Qwen--Qwen2.5-1.5B,A_first,3003,post_washout,test-0001
7fbf8f35,axis1_access_vs_provenance_value-conflict_orderexp_A_first_seed3003__model-Qwen--Qwen2.5-1.5B,A_first,3003,post_washout,test-0002
706f80b0,axis1_access_vs_provenance_value-conflict_orderexp_A_first_seed3003__model-Qwen--Qwen2.5-1.5B,A_first,3003,post_washout,test-0003
5e76c486,axis1_access_vs_provenance_value-conflict_orderexp_A_first_seed3003__model-Qwen--Qwen2.5-1.5B,A_first,3003,post_washout,test-0004
7292a7df,axis1_access_vs_provenance_value-conflict_orderexp_A_first_seed3003__model-Qwen--Qwen2.5-1.5B,A_first,3003,post_washout,test-0005
0adf31f6,axis1_access_vs_provenance_value-conflict_orderexp_A_first_seed3003__model-Qwen--Qwen2.5-1.5B,A_first,3003,post_washout,test-0006
cb3854f6,axis1_access_vs_provenance_value-conflict_orderexp_A_first_seed3003__model-Qwen--Qwen2.5-1.5B,A_first,3003,post_washout,test-0007
5f9ed7f1,axis1_access_vs_provenance_value-conflict_orderexp_A_first_seed3003__model-Qwen--Qwen2.5-1.5B,A_first,3003,post_washout,test-0008
5f91c081,axis1_access_vs_provenance_value-conflict_orderexp_A_first_seed3003__model-Qwen--Qwen2.5-1.5B,A_first,3003,post_washout,test-0009
095f69be,axis1_access_vs_provenance_value-conflict_orderexp_A_first_seed3003__model-Qwen--Qwen2.5-1.5B,A_first,3003,post_washout,test-0010
f961e4ea,axis1_access_vs_provenance_value-conflict_orderexp_A_first_seed3003__model-Qwen--Qwen2.5-1.5B,A_first,3003,post_washout,test-0011
c456fed6,axis1_access_vs_provenance_value-conflict_orderexp_A_first_seed3003__model-Qwen--Qwen2.5-1.5B,A_first,3003,post_washout,test-0012
63b7439e,axis1_access_vs_provenance_value-conflict_orderexp_A_first_seed3003__model-Qwen--Qwen2.5-1.5B,A_first,3003,post_washout,test-0013
a7af730b,axis1_access_vs_provenance_value-conflict_orderexp_A_first_seed3003__model-Qwen--Qwen2.5-1.5B,A_first,3003,post_washout,test-0014
febf8705,axis1_access_vs_provenance_value-conflict_orderexp_A_first_seed3003__model-Qwen--Qwen2.5-1.5B,A_first,3003,post_washout,test-0015
c86b38c7,axis1_access_vs_provenance_value-conflict_orderexp_A_first_seed3003__model-Qwen--Qwen2.5-1.5B,A_first,3003,post_washout,test-0016
23b0cd04,axis1_access_vs_provenance_value-conflict_orderexp_A_first_seed3003__model-Qwen--Qwen2.5-1.5B,A_first,3003,post_washout,test-0017
6da7bd1c,axis1_access_vs_provenance_value-conflict_orderexp_A_first_seed3003__model-Qwen--Qwen2.5-1.5B,A_first,3003,post_washout,test-0018
6a7c9ffe,axis1_access_vs_provenance_value-conflict_orderexp_A_first_seed3003__model-Qwen--Qwen2.5-1.5B,A_first,3003,post_washout,test-0019
00524821,axis1_access_vs_provenance_value-conflict_orderexp_A_first_seed3003__model-Qwen--Qwen2.5-1.5B,A_first,3003,post_washout,test-0020
f66d183d,axis1_access_vs_provenance_value-conflict_orderexp_A_first_seed3003__model-Qwen--Qwen2.5-1.5B,A_first,3003,post_washout,test-0021
bbe4729a,axis1_access_vs_provenance_value-conflict_orderexp_A_first_seed3003__model-Qwen--Qwen2.5-1.5B,A_first,3003,post_washout,test-0022
8ae52e32,axis1_access_vs_provenance_value-conflict_orderexp_A_first_seed3003__model-Qwen--Qwen2.5-1.5B,A_first,3003,post_washout,test-0023
c6327633,axis1_access_vs_provenance_value-conflict_orderexp_A_first_seed3003__model-Qwen--Qwen2.5-1.5B,A_first,3003,post_washout,test-0024
7bd7f93e,axis1_access_vs_provenance_value-conflict_orderexp_B_first_seed3003__model-Qwen--Qwen2.5-1.5B,B_first,3003,post_phase1,test-0001
4e9f4a5b,axis1_access_vs_provenance_value-conflict_orderexp_B_first_seed3003__model-Qwen--Qwen2.5-1.5B,B_first,3003,post_phase1,test-0002
21f17a31,axis1_access_vs_provenance_value-conflict_orderexp_B_first_seed3003__model-Qwen--Qwen2.5-1.5B,B_first,3003,post_phase1,test-0003
fa67309a,axis1_access_vs_provenance_value-conflict_orderexp_B_first_seed3003__model-Qwen--Qwen2.5-1.5B,B_first,3003,post_phase1,test-0004
203c967f,axis1_access_vs_provenance_value-conflict_orderexp_B_first_seed3003__model-Qwen--Qwen2.5-1.5B,B_first,3003,post_phase1,test-0005
ec8ef593,axis1_access_vs_provenance_value-conflict_orderexp_B_first_seed3003__model-Qwen--Qwen2.5-1.5B,B_first,3003,post_phase1,test-0006
a96b105d,axis1_access_vs_provenance_value-conflict_orderexp_B_first_seed3003__model-Qwen--Qwen2.5-1.5B,B_first,3003,post_phase1,test-0007
f84a2b0d,axis1_access_vs_provenance_value-conflict_orderexp_B_first_seed3003__model-Qwen--Qwen2.5-1.5B,B_first,3003,post_phase1,test-0008
1b03091b,axis1_access_vs_provenance_value-conflict_orderexp_B_first_seed3003__model-Qwen--Qwen2.5-1.5B,B_first,3003,post_phase1,test-0009
537e83c9,axis1_access_vs_provenance_value-conflict_orderexp_B_first_seed3003__model-Qwen--Qwen2.5-1.5B,B_first,3003,post_phase1,test-0010
9cf2aecd,axis1_access_vs_provenance_value-conflict_orderexp_B_first_seed3003__model-Qwen--Qwen2.5-1.5B,B_first,3003,post_phase1,test-0011
59346c47,axis1_access_vs_provenance_value-conflict_orderexp_B_first_seed3003__model-Qwen--Qwen2.5-1.5B,B_first,3003,post_phase1,test-0012
79c01757,axis1_access_vs_provenance_value-conflict_orderexp_B_first_seed3003__model-Qwen--Qwen2.5-1.5B,B_first,3003,post_phase1,test-0013
06b5aa40,axis1_access_vs_provenance_value-conflict_orderexp_B_first_seed3003__model-Qwen--Qwen2.5-1.5B,B_first,3003,post_phase1,test-0014
03898792,axis1_access_vs_provenance_value-conflict_orderexp_B_first_seed3003__model-Qwen--Qwen2.5-1.5B,B_first,3003,post_phase1,test-0015
9299425f,axis1_access_vs_provenance_value-conflict_orderexp_B_first_seed3003__model-Qwen--Qwen2.5-1.5B,B_first,3003,post_phase1,test-0016
7b55f63a,axis1_access_vs_provenance_value-conflict_orderexp_B_first_seed3003__model-Qwen--Qwen2.5-1.5B,B_first,3003,post_phase1,test-0017
2ad39a1f,axis1_access_vs_provenance_value-conflict_orderexp_B_first_seed3003__model-Qwen--Qwen2.5-1.5B,B_first,3003,post_phase1,test-0018
c5cef59f,axis1_access_vs_provenance_value-conflict_orderexp_B_first_seed3003__model-Qwen--Qwen2.5-1.5B,B_first,3003,post_phase1,test-0019
106d6997,axis1_access_vs_provenance_value-conflict_orderexp_B_first_seed3003__model-Qwen--Qwen2.5-1.5B,B_first,3003,post_phase1,test-0020
8947b9fa,axis1_access_vs_provenance_value-conflict_orderexp_B_first_seed3003__model-Qwen--Qwen2.5-1.5B,B_first,3003,post_phase1,test-0021
c5b59c61,axis1_access_vs_provenance_value-conflict_orderexp_B_first_seed3003__model-Qwen--Qwen2.5-1.5B,B_first,3003,post_phase1,test-0022
14ccafef,axis1_access_vs_provenance_value-conflict_orderexp_B_first_seed3003__model-Qwen--Qwen2.5-1.5B,B_first,3003,post_phase1,test-0023
6a0d3ee6,axis1_access_vs_provenance_value-conflict_orderexp_B_first_seed3003__model-Qwen--Qwen2.5-1.5B,B_first,3003,post_phase1,test-0024
830d910f,axis1_access_vs_provenance_value-conflict_orderexp_B_first_seed3003__model-Qwen--Qwen2.5-1.5B,B_first,3003,pre_washout,test-0001
c582485f,axis1_access_vs_provenance_value-conflict_orderexp_B_first_seed3003__model-Qwen--Qwen2.5-1.5B,B_first,3003,pre_washout,test-0002
37ba3b2e,axis1_access_vs_provenance_value-conflict_orderexp_B_first_seed3003__model-Qwen--Qwen2.5-1.5B,B_first,3003,pre_washout,test-0003
dcecb1bf,axis1_access_vs_provenance_value-conflict_orderexp_B_first_seed3003__model-Qwen--Qwen2.5-1.5B,B_first,3003,pre_washout,test-0004
aa9e7170,axis1_access_vs_provenance_value-conflict_orderexp_B_first_seed3003__model-Qwen--Qwen2.5-1.5B,B_first,3003,pre_washout,test-0005
74a0b4db,axis1_access_vs_provenance_value-conflict_orderexp_B_first_seed3003__model-Qwen--Qwen2.5-1.5B,B_first,3003,pre_washout,test-0006
88c24b68,axis1_access_vs_provenance_value-conflict_orderexp_B_first_seed3003__model-Qwen--Qwen2.5-1.5B,B_first,3003,pre_washout,test-0007
13d3233d,axis1_access_vs_provenance_value-conflict_orderexp_B_first_seed3003__model-Qwen--Qwen2.5-1.5B,B_first,3003,pre_washout,test-0008
e62f18de,axis1_access_vs_provenance_value-conflict_orderexp_B_first_seed3003__model-Qwen--Qwen2.5-1.5B,B_first,3003,pre_washout,test-0009
ced93e40,axis1_access_vs_provenance_value-conflict_orderexp_B_first_seed3003__model-Qwen--Qwen2.5-1.5B,B_first,3003,pre_washout,test-0010
297c1421,axis1_access_vs_provenance_value-conflict_orderexp_B_first_seed3003__model-Qwen--Qwen2.5-1.5B,B_first,3003,pre_washout,test-0011
7da71906,axis1_access_vs_provenance_value-conflict_orderexp_B_first_seed3003__model-Qwen--Qwen2.5-1.5B,B_first,3003,pre_washout,test-0012
b8890c23,axis1_access_vs_provenance_value-conflict_orderexp_B_first_seed3003__model-Qwen--Qwen2.5-1.5B,B_first,3003,pre_washout,test-0013
21c6e3b5,axis1_access_vs_provenance_value-conflict_orderexp_B_first_seed3003__model-Qwen--Qwen2.5-1.5B,B_first,3003,pre_washout,test-0014
fd2944b1,axis1_access_vs_provenance_value-conflict_orderexp_B_first_seed3003__model-Qwen--Qwen2.5-1.5B,B_first,3003,pre_washout,test-0015
f91de904,axis1_access_vs_provenance_value-conflict_orderexp_B_first_seed3003__model-Qwen--Qwen2.5-1.5B,B_first,3003,pre_washout,test-0016
1739e3d9,axis1_access_vs_provenance_value-conflict_orderexp_B_first_seed3003__model-Qwen--Qwen2.5-1.5B,B_first,3003,pre_washout,test-0017
8a4ee1c5,axis1_access_vs_provenance_value-conflict_orderexp_B_first_seed3003__model-Qwen--Qwen2.5-1.5B,B_first,3003,pre_washout,test-0018
8a7b31a4,axis1_access_vs_provenance_value-conflict_orderexp_B_first_seed3003__model-Qwen--Qwen2.5-1.5B,B_first,3003,pre_washout,test-0019
08b2ebf5,axis1_access_vs_provenance_value-conflict_orderexp_B_first_seed3003__model-Qwen--Qwen2.5-1.5B,B_first,3003,pre_washout,test-0020
fc310a71,axis1_access_vs_provenance_value-conflict_orderexp_B_first_seed3003__model-Qwen--Qwen2.5-1.5B,B_first,3003,pre_washout,test-0021
7444dab7,axis1_access_vs_provenance_value-conflict_orderexp_B_first_seed3003__model-Qwen--Qwen2.5-1.5B,B_first,3003,pre_washout,test-0022
508a9a44,axis1_access_vs_provenance_value-conflict_orderexp_B_first_seed3003__model-Qwen--Qwen2.5-1.5B,B_first,3003,pre_washout,test-0023
21e571df,axis1_access_vs_provenance_value-conflict_orderexp_B_first_seed3003__model-Qwen--Qwen2.5-1.5B,B_first,3003,pre_washout,test-0024
e498826b,axis1_access_vs_provenance_value-conflict_orderexp_B_first_seed3003__model-Qwen--Qwen2.5-1.5B,B_first,3003,post_washout,test-0001
8f32ba91,axis1_access_vs_provenance_value-conflict_orderexp_B_first_seed3003__model-Qwen--Qwen2.5-1.5B,B_first,3003,post_washout,test-0002
386f0452,axis1_access_vs_provenance_value-conflict_orderexp_B_first_seed3003__model-Qwen--Qwen2.5-1.5B,B_first,3003,post_washout,test-0003
b33b3361,axis1_access_vs_provenance_value-conflict_orderexp_B_first_seed3003__model-Qwen--Qwen2.5-1.5B,B_first,3003,post_washout,test-0004
897e860e,axis1_access_vs_provenance_value-conflict_orderexp_B_first_seed3003__model-Qwen--Qwen2.5-1.5B,B_first,3003,post_washout,test-0005
4609170d,axis1_access_vs_provenance_value-conflict_orderexp_B_first_seed3003__model-Qwen--Qwen2.5-1.5B,B_first,3003,post_washout,test-0006
88ddf8d1,axis1_access_vs_provenance_value-conflict_orderexp_B_first_seed3003__model-Qwen--Qwen2.5-1.5B,B_first,3003,post_washout,test-0007
cbb9a09e,axis1_access_vs_provenance_value-conflict_orderexp_B_first_seed3003__model-Qwen--Qwen2.5-1.5B,B_first,3003,post_washout,test-0008
218e1526,axis1_access_vs_provenance_value-conflict_orderexp_B_first_seed3003__model-Qwen--Qwen2.5-1.5B,B_first,3003,post_washout,test-0009
b3e558c3,axis1_access_vs_provenance_value-conflict_orderexp_B_first_seed3003__model-Qwen--Qwen2.5-1.5B,B_first,3003,post_washout,test-0010
c47418d6,axis1_access_vs_provenance_value-conflict_orderexp_B_first_seed3003__model-Qwen--Qwen2.5-1.5B,B_first,3003,post_washout,test-0011
2da3ef01,axis1_access_vs_provenance_value-conflict_orderexp_B_first_seed3003__model-Qwen--Qwen2.5-1.5B,B_first,3003,post_washout,test-0012
5f4530d5,axis1_access_vs_provenance_value-conflict_orderexp_B_first_seed3003__model-Qwen--Qwen2.5-1.5B,B_first,3003,post_washout,test-0013
2488c77f,axis1_access_vs_provenance_value-conflict_orderexp_B_first_seed3003__model-Qwen--Qwen2.5-1.5B,B_first,3003,post_washout,test-0014
6ec99290,axis1_access_vs_provenance_value-conflict_orderexp_B_first_seed3003__model-Qwen--Qwen2.5-1.5B,B_first,3003,post_washout,test-0015
e03175e0,axis1_access_vs_provenance_value-conflict_orderexp_B_first_seed3003__model-Qwen--Qwen2.5-1.5B,B_first,3003,post_washout,test-0016
021189cd,axis1_access_vs_provenance_value-conflict_orderexp_B_first_seed3003__model-Qwen--Qwen2.5-1.5B,B_first,3003,post_washout,test-0017
9478d9a6,axis1_access_vs_provenance_value-conflict_orderexp_B_first_seed3003__model-Qwen--Qwen2.5-1.5B,B_first,3003,post_washout,test-0018
ced04b7f,axis1_access_vs_provenance_value-conflict_orderexp_B_first_seed3003__model-Qwen--Qwen2.5-1.5B,B_first,3003,post_washout,test-0019
9291e5e4,axis1_access_vs_provenance_value-conflict_orderexp_B_first_seed3003__model-Qwen--Qwen2.5-1.5B,B_first,3003,post_washout,test-0020
8c226d2f,axis1_access_vs_provenance_value-conflict_orderexp_B_first_seed3003__model-Qwen--Qwen2.5-1.5B,B_first,3003,post_washout,test-0021
c675223f,axis1_access_vs_provenance_value-conflict_orderexp_B_first_seed3003__model-Qwen--Qwen2.5-1.5B,B_first,3003,post_washout,test-0022
db481bb3,axis1_access_vs_provenance_value-conflict_orderexp_B_first_seed3003__model-Qwen--Qwen2.5-1.5B,B_first,3003,post_washout,test-0023
bc6b8b51,axis1_access_vs_provenance_value-conflict_orderexp_B_first_seed3003__model-Qwen--Qwen2.5-1.5B,B_first,3003,post_washout,test-0024
8db210f8,axis1_access_vs_provenance_value-conflict_orderexp_interleaved_seed3003__model-Qwen--Qwen2.5-1.5B,interleaved,3003,pre_washout,test-0001
b7050e41,axis1_access_vs_provenance_value-conflict_orderexp_interleaved_seed3003__model-Qwen--Qwen2.5-1.5B,interleaved,3003,pre_washout,test-0002
67b743ff,axis1_access_vs_provenance_value-conflict_orderexp_interleaved_seed3003__model-Qwen--Qwen2.5-1.5B,interleaved,3003,pre_washout,test-0003
5991120f,axis1_access_vs_provenance_value-conflict_orderexp_interleaved_seed3003__model-Qwen--Qwen2.5-1.5B,interleaved,3003,pre_washout,test-0004
b48d63e4,axis1_access_vs_provenance_value-conflict_orderexp_interleaved_seed3003__model-Qwen--Qwen2.5-1.5B,interleaved,3003,pre_washout,test-0005
e925d5e7,axis1_access_vs_provenance_value-conflict_orderexp_interleaved_seed3003__model-Qwen--Qwen2.5-1.5B,interleaved,3003,pre_washout,test-0006
a3d514c4,axis1_access_vs_provenance_value-conflict_orderexp_interleaved_seed3003__model-Qwen--Qwen2.5-1.5B,interleaved,3003,pre_washout,test-0007
39472426,axis1_access_vs_provenance_value-conflict_orderexp_interleaved_seed3003__model-Qwen--Qwen2.5-1.5B,interleaved,3003,pre_washout,test-0008
db8f876f,axis1_access_vs_provenance_value-conflict_orderexp_interleaved_seed3003__model-Qwen--Qwen2.5-1.5B,interleaved,3003,pre_washout,test-0009
5c3f3a7e,axis1_access_vs_provenance_value-conflict_orderexp_interleaved_seed3003__model-Qwen--Qwen2.5-1.5B,interleaved,3003,pre_washout,test-0010
42465b15,axis1_access_vs_provenance_value-conflict_orderexp_interleaved_seed3003__model-Qwen--Qwen2.5-1.5B,interleaved,3003,pre_washout,test-0011
7e53af77,axis1_access_vs_provenance_value-conflict_orderexp_interleaved_seed3003__model-Qwen--Qwen2.5-1.5B,interleaved,3003,pre_washout,test-0012
82154981,axis1_access_vs_provenance_value-conflict_orderexp_interleaved_seed3003__model-Qwen--Qwen2.5-1.5B,interleaved,3003,pre_washout,test-0013
75e68402,axis1_access_vs_provenance_value-conflict_orderexp_interleaved_seed3003__model-Qwen--Qwen2.5-1.5B,interleaved,3003,pre_washout,test-0014
2f3126ac,axis1_access_vs_provenance_value-conflict_orderexp_interleaved_seed3003__model-Qwen--Qwen2.5-1.5B,interleaved,3003,pre_washout,test-0015
7fec0aba,axis1_access_vs_provenance_value-conflict_orderexp_interleaved_seed3003__model-Qwen--Qwen2.5-1.5B,interleaved,3003,pre_washout,test-0016
00a73758,axis1_access_vs_provenance_value-conflict_orderexp_interleaved_seed3003__model-Qwen--Qwen2.5-1.5B,interleaved,3003,pre_washout,test-0017
52d93959,axis1_access_vs_provenance_value-conflict_orderexp_interleaved_seed3003__model-Qwen--Qwen2.5-1.5B,interleaved,3003,pre_washout,test-0018
d8244030,axis1_access_vs_provenance_value-conflict_orderexp_interleaved_seed3003__model-Qwen--Qwen2.5-1.5B,interleaved,3003,pre_washout,test-0019
0b7f8806,axis1_access_vs_provenance_value-conflict_orderexp_interleaved_seed3003__model-Qwen--Qwen2.5-1.5B,interleaved,3003,pre_washout,test-0020
1bfa1744,axis1_access_vs_provenance_value-conflict_orderexp_interleaved_seed3003__model-Qwen--Qwen2.5-1.5B,interleaved,3003,pre_washout,test-0021
e1220165,axis1_access_vs_provenance_value-conflict_orderexp_interleaved_seed3003__model-Qwen--Qwen2.5-1.5B,interleaved,3003,pre_washout,test-0022
68caa8b3,axis1_access_vs_provenance_value-conflict_orderexp_interleaved_seed3003__model-Qwen--Qwen2.5-1.5B,interleaved,3003,pre_washout,test-0023
faa818eb,axis1_access_vs_provenance_value-conflict_orderexp_interleaved_seed3003__model-Qwen--Qwen2.5-1.5B,interleaved,3003,pre_washout,test-0024
c2d02b98,axis1_access_vs_provenance_value-conflict_orderexp_interleaved_seed3003__model-Qwen--Qwen2.5-1.5B,interleaved,3003,post_washout,test-0001
ed356e4f,axis1_access_vs_provenance_value-conflict_orderexp_interleaved_seed3003__model-Qwen--Qwen2.5-1.5B,interleaved,3003,post_washout,test-0002
f4548ec6,axis1_access_vs_provenance_value-conflict_orderexp_interleaved_seed3003__model-Qwen--Qwen2.5-1.5B,interleaved,3003,post_washout,test-0003
b4ee9254,axis1_access_vs_provenance_value-conflict_orderexp_interleaved_seed3003__model-Qwen--Qwen2.5-1.5B,interleaved,3003,post_washout,test-0004
99b26681,axis1_access_vs_provenance_value-conflict_orderexp_interleaved_seed3003__model-Qwen--Qwen2.5-1.5B,interleaved,3003,post_washout,test-0005
439d4896,axis1_access_vs_provenance_value-conflict_orderexp_interleaved_seed3003__model-Qwen--Qwen2.5-1.5B,interleaved,3003,post_washout,test-0006
bc5c7682,axis1_access_vs_provenance_value-conflict_orderexp_interleaved_seed3003__model-Qwen--Qwen2.5-1.5B,interleaved,3003,post_washout,test-0007
f40eda4e,axis1_access_vs_provenance_value-conflict_orderexp_interleaved_seed3003__model-Qwen--Qwen2.5-1.5B,interleaved,3003,post_washout,test-0008
4ec95f18,axis1_access_vs_provenance_value-conflict_orderexp_interleaved_seed3003__model-Qwen--Qwen2.5-1.5B,interleaved,3003,post_washout,test-0009
1dbfcc5d,axis1_access_vs_provenance_value-conflict_orderexp_interleaved_seed3003__model-Qwen--Qwen2.5-1.5B,interleaved,3003,post_washout,test-0010
74ca6bea,axis1_access_vs_provenance_value-conflict_orderexp_interleaved_seed3003__model-Qwen--Qwen2.5-1.5B,interleaved,3003,post_washout,test-0011
20187b1a,axis1_access_vs_provenance_value-conflict_orderexp_interleaved_seed3003__model-Qwen--Qwen2.5-1.5B,interleaved,3003,post_washout,test-0012
bd688161,axis1_access_vs_provenance_value-conflict_orderexp_interleaved_seed3003__model-Qwen--Qwen2.5-1.5B,interleaved,3003,post_washout,test-0013
c6bac8ad,axis1_access_vs_provenance_value-conflict_orderexp_interleaved_seed3003__model-Qwen--Qwen2.5-1.5B,interleaved,3003,post_washout,test-0014
b57a58f0,axis1_access_vs_provenance_value-conflict_orderexp_interleaved_seed3003__model-Qwen--Qwen2.5-1.5B,interleaved,3003,post_washout,test-0015
a5a89394,axis1_access_vs_provenance_value-conflict_orderexp_interleaved_seed3003__model-Qwen--Qwen2.5-1.5B,interleaved,3003,post_washout,test-0016
8213dd8d,axis1_access_vs_provenance_value-conflict_orderexp_interleaved_seed3003__model-Qwen--Qwen2.5-1.5B,interleaved,3003,post_washout,test-0017
8c5d808a,axis1_access_vs_provenance_value-conflict_orderexp_interleaved_seed3003__model-Qwen--Qwen2.5-1.5B,interleaved,3003,post_washout,test-0018
8bf814dd,axis1_access_vs_provenance_value-conflict_orderexp_interleaved_seed3003__model-Qwen--Qwen2.5-1.5B,interleaved,3003,post_washout,test-0019
ff5cbe12,axis1_access_vs_provenance_value-conflict_orderexp_interleaved_seed3003__model-Qwen--Qwen2.5-1.5B,interleaved,3003,post_washout,test-0020
b61393fb,axis1_access_vs_provenance_value-conflict_orderexp_interleaved_seed3003__model-Qwen--Qwen2.5-1.5B,interleaved,3003,post_washout,test-0021
48bc54d9,axis1_access_vs_provenance_value-conflict_orderexp_interleaved_seed3003__model-Qwen--Qwen2.5-1.5B,interleaved,3003,post_washout,test-0022
2e17c240,axis1_access_vs_provenance_value-conflict_orderexp_interleaved_seed3003__model-Qwen--Qwen2.5-1.5B,interleaved,3003,post_washout,test-0023
5e2b7b18,axis1_access_vs_provenance_value-conflict_orderexp_interleaved_seed3003__model-Qwen--Qwen2.5-1.5B,interleaved,3003,post_washout,test-0024
4c85a396,axis1_access_vs_provenance_value-conflict_orderexp_A_first_seed3004__model-Qwen--Qwen2.5-1.5B,A_first,3004,post_phase1,test-0001
df3e78b6,axis1_access_vs_provenance_value-conflict_orderexp_A_first_seed3004__model-Qwen--Qwen2.5-1.5B,A_first,3004,post_phase1,test-0002
5c5a054b,axis1_access_vs_provenance_value-conflict_orderexp_A_first_seed3004__model-Qwen--Qwen2.5-1.5B,A_first,3004,post_phase1,test-0003
9773028f,axis1_access_vs_provenance_value-conflict_orderexp_A_first_seed3004__model-Qwen--Qwen2.5-1.5B,A_first,3004,post_phase1,test-0004
63011b33,axis1_access_vs_provenance_value-conflict_orderexp_A_first_seed3004__model-Qwen--Qwen2.5-1.5B,A_first,3004,post_phase1,test-0005
0fbfc98f,axis1_access_vs_provenance_value-conflict_orderexp_A_first_seed3004__model-Qwen--Qwen2.5-1.5B,A_first,3004,post_phase1,test-0006
99210762,axis1_access_vs_provenance_value-conflict_orderexp_A_first_seed3004__model-Qwen--Qwen2.5-1.5B,A_first,3004,post_phase1,test-0007
23524c26,axis1_access_vs_provenance_value-conflict_orderexp_A_first_seed3004__model-Qwen--Qwen2.5-1.5B,A_first,3004,post_phase1,test-0008
42b78426,axis1_access_vs_provenance_value-conflict_orderexp_A_first_seed3004__model-Qwen--Qwen2.5-1.5B,A_first,3004,post_phase1,test-0009
e82d0969,axis1_access_vs_provenance_value-conflict_orderexp_A_first_seed3004__model-Qwen--Qwen2.5-1.5B,A_first,3004,post_phase1,test-0010
5b0220c4,axis1_access_vs_provenance_value-conflict_orderexp_A_first_seed3004__model-Qwen--Qwen2.5-1.5B,A_first,3004,post_phase1,test-0011
23267d00,axis1_access_vs_provenance_value-conflict_orderexp_A_first_seed3004__model-Qwen--Qwen2.5-1.5B,A_first,3004,post_phase1,test-0012
5df48d52,axis1_access_vs_provenance_value-conflict_orderexp_A_first_seed3004__model-Qwen--Qwen2.5-1.5B,A_first,3004,post_phase1,test-0013
a70df8b0,axis1_access_vs_provenance_value-conflict_orderexp_A_first_seed3004__model-Qwen--Qwen2.5-1.5B,A_first,3004,post_phase1,test-0014
84d7be22,axis1_access_vs_provenance_value-conflict_orderexp_A_first_seed3004__model-Qwen--Qwen2.5-1.5B,A_first,3004,post_phase1,test-0015
16a2eee5,axis1_access_vs_provenance_value-conflict_orderexp_A_first_seed3004__model-Qwen--Qwen2.5-1.5B,A_first,3004,post_phase1,test-0016
e9abf7ce,axis1_access_vs_provenance_value-conflict_orderexp_A_first_seed3004__model-Qwen--Qwen2.5-1.5B,A_first,3004,post_phase1,test-0017
d4bb8575,axis1_access_vs_provenance_value-conflict_orderexp_A_first_seed3004__model-Qwen--Qwen2.5-1.5B,A_first,3004,post_phase1,test-0018
1026dae0,axis1_access_vs_provenance_value-conflict_orderexp_A_first_seed3004__model-Qwen--Qwen2.5-1.5B,A_first,3004,post_phase1,test-0019
569c1b76,axis1_access_vs_provenance_value-conflict_orderexp_A_first_seed3004__model-Qwen--Qwen2.5-1.5B,A_first,3004,post_phase1,test-0020
e3af257d,axis1_access_vs_provenance_value-conflict_orderexp_A_first_seed3004__model-Qwen--Qwen2.5-1.5B,A_first,3004,post_phase1,test-0021
1ad9a385,axis1_access_vs_provenance_value-conflict_orderexp_A_first_seed3004__model-Qwen--Qwen2.5-1.5B,A_first,3004,post_phase1,test-0022
1f626559,axis1_access_vs_provenance_value-conflict_orderexp_A_first_seed3004__model-Qwen--Qwen2.5-1.5B,A_first,3004,post_phase1,test-0023
df629249,axis1_access_vs_provenance_value-conflict_orderexp_A_first_seed3004__model-Qwen--Qwen2.5-1.5B,A_first,3004,post_phase1,test-0024
2e5c30de,axis1_access_vs_provenance_value-conflict_orderexp_A_first_seed3004__model-Qwen--Qwen2.5-1.5B,A_first,3004,pre_washout,test-0001
2555eae1,axis1_access_vs_provenance_value-conflict_orderexp_A_first_seed3004__model-Qwen--Qwen2.5-1.5B,A_first,3004,pre_washout,test-0002
93ef25a6,axis1_access_vs_provenance_value-conflict_orderexp_A_first_seed3004__model-Qwen--Qwen2.5-1.5B,A_first,3004,pre_washout,test-0003
e994267f,axis1_access_vs_provenance_value-conflict_orderexp_A_first_seed3004__model-Qwen--Qwen2.5-1.5B,A_first,3004,pre_washout,test-0004
db2ccf28,axis1_access_vs_provenance_value-conflict_orderexp_A_first_seed3004__model-Qwen--Qwen2.5-1.5B,A_first,3004,pre_washout,test-0005
acc2fd80,axis1_access_vs_provenance_value-conflict_orderexp_A_first_seed3004__model-Qwen--Qwen2.5-1.5B,A_first,3004,pre_washout,test-0006
032f477a,axis1_access_vs_provenance_value-conflict_orderexp_A_first_seed3004__model-Qwen--Qwen2.5-1.5B,A_first,3004,pre_washout,test-0007
22b456d9,axis1_access_vs_provenance_value-conflict_orderexp_A_first_seed3004__model-Qwen--Qwen2.5-1.5B,A_first,3004,pre_washout,test-0008
63e91cbb,axis1_access_vs_provenance_value-conflict_orderexp_A_first_seed3004__model-Qwen--Qwen2.5-1.5B,A_first,3004,pre_washout,test-0009
7cac7719,axis1_access_vs_provenance_value-conflict_orderexp_A_first_seed3004__model-Qwen--Qwen2.5-1.5B,A_first,3004,pre_washout,test-0010
43e77f8e,axis1_access_vs_provenance_value-conflict_orderexp_A_first_seed3004__model-Qwen--Qwen2.5-1.5B,A_first,3004,pre_washout,test-0011
9c8498aa,axis1_access_vs_provenance_value-conflict_orderexp_A_first_seed3004__model-Qwen--Qwen2.5-1.5B,A_first,3004,pre_washout,test-0012
1762faf6,axis1_access_vs_provenance_value-conflict_orderexp_A_first_seed3004__model-Qwen--Qwen2.5-1.5B,A_first,3004,pre_washout,test-0013
2516b094,axis1_access_vs_provenance_value-conflict_orderexp_A_first_seed3004__model-Qwen--Qwen2.5-1.5B,A_first,3004,pre_washout,test-0014
9017d957,axis1_access_vs_provenance_value-conflict_orderexp_A_first_seed3004__model-Qwen--Qwen2.5-1.5B,A_first,3004,pre_washout,test-0015
962e34ab,axis1_access_vs_provenance_value-conflict_orderexp_A_first_seed3004__model-Qwen--Qwen2.5-1.5B,A_first,3004,pre_washout,test-0016
cb6d5a86,axis1_access_vs_provenance_value-conflict_orderexp_A_first_seed3004__model-Qwen--Qwen2.5-1.5B,A_first,3004,pre_washout,test-0017
ac17846c,axis1_access_vs_provenance_value-conflict_orderexp_A_first_seed3004__model-Qwen--Qwen2.5-1.5B,A_first,3004,pre_washout,test-0018
e2f13e93,axis1_access_vs_provenance_value-conflict_orderexp_A_first_seed3004__model-Qwen--Qwen2.5-1.5B,A_first,3004,pre_washout,test-0019
dd327eb5,axis1_access_vs_provenance_value-conflict_orderexp_A_first_seed3004__model-Qwen--Qwen2.5-1.5B,A_first,3004,pre_washout,test-0020
cc6f41b1,axis1_access_vs_provenance_value-conflict_orderexp_A_first_seed3004__model-Qwen--Qwen2.5-1.5B,A_first,3004,pre_washout,test-0021
0368b6de,axis1_access_vs_provenance_value-conflict_orderexp_A_first_seed3004__model-Qwen--Qwen2.5-1.5B,A_first,3004,pre_washout,test-0022
fad39788,axis1_access_vs_provenance_value-conflict_orderexp_A_first_seed3004__model-Qwen--Qwen2.5-1.5B,A_first,3004,pre_washout,test-0023
2da5c414,axis1_access_vs_provenance_value-conflict_orderexp_A_first_seed3004__model-Qwen--Qwen2.5-1.5B,A_first,3004,pre_washout,test-0024
5b2231b6,axis1_access_vs_provenance_value-conflict_orderexp_A_first_seed3004__model-Qwen--Qwen2.5-1.5B,A_first,3004,post_washout,test-0001
66feef78,axis1_access_vs_provenance_value-conflict_orderexp_A_first_seed3004__model-Qwen--Qwen2.5-1.5B,A_first,3004,post_washout,test-0002
4f29d4ae,axis1_access_vs_provenance_value-conflict_orderexp_A_first_seed3004__model-Qwen--Qwen2.5-1.5B,A_first,3004,post_washout,test-0003
6a8ced76,axis1_access_vs_provenance_value-conflict_orderexp_A_first_seed3004__model-Qwen--Qwen2.5-1.5B,A_first,3004,post_washout,test-0004
3b054c0b,axis1_access_vs_provenance_value-conflict_orderexp_A_first_seed3004__model-Qwen--Qwen2.5-1.5B,A_first,3004,post_washout,test-0005
c67efa5b,axis1_access_vs_provenance_value-conflict_orderexp_A_first_seed3004__model-Qwen--Qwen2.5-1.5B,A_first,3004,post_washout,test-0006
02bee97c,axis1_access_vs_provenance_value-conflict_orderexp_A_first_seed3004__model-Qwen--Qwen2.5-1.5B,A_first,3004,post_washout,test-0007
5d1d872a,axis1_access_vs_provenance_value-conflict_orderexp_A_first_seed3004__model-Qwen--Qwen2.5-1.5B,A_first,3004,post_washout,test-0008
77a9d8e8,axis1_access_vs_provenance_value-conflict_orderexp_A_first_seed3004__model-Qwen--Qwen2.5-1.5B,A_first,3004,post_washout,test-0009
41df70d5,axis1_access_vs_provenance_value-conflict_orderexp_A_first_seed3004__model-Qwen--Qwen2.5-1.5B,A_first,3004,post_washout,test-0010
2bf5c424,axis1_access_vs_provenance_value-conflict_orderexp_A_first_seed3004__model-Qwen--Qwen2.5-1.5B,A_first,3004,post_washout,test-0011
3d6445d9,axis1_access_vs_provenance_value-conflict_orderexp_A_first_seed3004__model-Qwen--Qwen2.5-1.5B,A_first,3004,post_washout,test-0012
ea44df1c,axis1_access_vs_provenance_value-conflict_orderexp_A_first_seed3004__model-Qwen--Qwen2.5-1.5B,A_first,3004,post_washout,test-0013
7097bcc7,axis1_access_vs_provenance_value-conflict_orderexp_A_first_seed3004__model-Qwen--Qwen2.5-1.5B,A_first,3004,post_washout,test-0014
b1143323,axis1_access_vs_provenance_value-conflict_orderexp_A_first_seed3004__model-Qwen--Qwen2.5-1.5B,A_first,3004,post_washout,test-0015
883acbf5,axis1_access_vs_provenance_value-conflict_orderexp_A_first_seed3004__model-Qwen--Qwen2.5-1.5B,A_first,3004,post_washout,test-0016
523f16fd,axis1_access_vs_provenance_value-conflict_orderexp_A_first_seed3004__model-Qwen--Qwen2.5-1.5B,A_first,3004,post_washout,test-0017
98f37e6e,axis1_access_vs_provenance_value-conflict_orderexp_A_first_seed3004__model-Qwen--Qwen2.5-1.5B,A_first,3004,post_washout,test-0018
9d510bcb,axis1_access_vs_provenance_value-conflict_orderexp_A_first_seed3004__model-Qwen--Qwen2.5-1.5B,A_first,3004,post_washout,test-0019
9dd81c41,axis1_access_vs_provenance_value-conflict_orderexp_A_first_seed3004__model-Qwen--Qwen2.5-1.5B,A_first,3004,post_washout,test-0020
608a9c71,axis1_access_vs_provenance_value-conflict_orderexp_A_first_seed3004__model-Qwen--Qwen2.5-1.5B,A_first,3004,post_washout,test-0021
73aab806,axis1_access_vs_provenance_value-conflict_orderexp_A_first_seed3004__model-Qwen--Qwen2.5-1.5B,A_first,3004,post_washout,test-0022
e4314560,axis1_access_vs_provenance_value-conflict_orderexp_A_first_seed3004__model-Qwen--Qwen2.5-1.5B,A_first,3004,post_washout,test-0023
8ed565d6,axis1_access_vs_provenance_value-conflict_orderexp_A_first_seed3004__model-Qwen--Qwen2.5-1.5B,A_first,3004,post_washout,test-0024
4ee1ddd8,axis1_access_vs_provenance_value-conflict_orderexp_B_first_seed3004__model-Qwen--Qwen2.5-1.5B,B_first,3004,post_phase1,test-0001
9b636c47,axis1_access_vs_provenance_value-conflict_orderexp_B_first_seed3004__model-Qwen--Qwen2.5-1.5B,B_first,3004,post_phase1,test-0002
740c7260,axis1_access_vs_provenance_value-conflict_orderexp_B_first_seed3004__model-Qwen--Qwen2.5-1.5B,B_first,3004,post_phase1,test-0003
57bf2d82,axis1_access_vs_provenance_value-conflict_orderexp_B_first_seed3004__model-Qwen--Qwen2.5-1.5B,B_first,3004,post_phase1,test-0004
f32d4738,axis1_access_vs_provenance_value-conflict_orderexp_B_first_seed3004__model-Qwen--Qwen2.5-1.5B,B_first,3004,post_phase1,test-0005
d0e63757,axis1_access_vs_provenance_value-conflict_orderexp_B_first_seed3004__model-Qwen--Qwen2.5-1.5B,B_first,3004,post_phase1,test-0006
d39bde44,axis1_access_vs_provenance_value-conflict_orderexp_B_first_seed3004__model-Qwen--Qwen2.5-1.5B,B_first,3004,post_phase1,test-0007
7f187cc6,axis1_access_vs_provenance_value-conflict_orderexp_B_first_seed3004__model-Qwen--Qwen2.5-1.5B,B_first,3004,post_phase1,test-0008
de60d33b,axis1_access_vs_provenance_value-conflict_orderexp_B_first_seed3004__model-Qwen--Qwen2.5-1.5B,B_first,3004,post_phase1,test-0009
9b0ec1c1,axis1_access_vs_provenance_value-conflict_orderexp_B_first_seed3004__model-Qwen--Qwen2.5-1.5B,B_first,3004,post_phase1,test-0010
065cb1b2,axis1_access_vs_provenance_value-conflict_orderexp_B_first_seed3004__model-Qwen--Qwen2.5-1.5B,B_first,3004,post_phase1,test-0011
2479b0ed,axis1_access_vs_provenance_value-conflict_orderexp_B_first_seed3004__model-Qwen--Qwen2.5-1.5B,B_first,3004,post_phase1,test-0012
97f1fd25,axis1_access_vs_provenance_value-conflict_orderexp_B_first_seed3004__model-Qwen--Qwen2.5-1.5B,B_first,3004,post_phase1,test-0013
c800275b,axis1_access_vs_provenance_value-conflict_orderexp_B_first_seed3004__model-Qwen--Qwen2.5-1.5B,B_first,3004,post_phase1,test-0014
1b39fbf8,axis1_access_vs_provenance_value-conflict_orderexp_B_first_seed3004__model-Qwen--Qwen2.5-1.5B,B_first,3004,post_phase1,test-0015
465b6a20,axis1_access_vs_provenance_value-conflict_orderexp_B_first_seed3004__model-Qwen--Qwen2.5-1.5B,B_first,3004,post_phase1,test-0016
43569e67,axis1_access_vs_provenance_value-conflict_orderexp_B_first_seed3004__model-Qwen--Qwen2.5-1.5B,B_first,3004,post_phase1,test-0017
269b4475,axis1_access_vs_provenance_value-conflict_orderexp_B_first_seed3004__model-Qwen--Qwen2.5-1.5B,B_first,3004,post_phase1,test-0018
421a6a67,axis1_access_vs_provenance_value-conflict_orderexp_B_first_seed3004__model-Qwen--Qwen2.5-1.5B,B_first,3004,post_phase1,test-0019
da000e28,axis1_access_vs_provenance_value-conflict_orderexp_B_first_seed3004__model-Qwen--Qwen2.5-1.5B,B_first,3004,post_phase1,test-0020
f4128d99,axis1_access_vs_provenance_value-conflict_orderexp_B_first_seed3004__model-Qwen--Qwen2.5-1.5B,B_first,3004,post_phase1,test-0021
970cf707,axis1_access_vs_provenance_value-conflict_orderexp_B_first_seed3004__model-Qwen--Qwen2.5-1.5B,B_first,3004,post_phase1,test-0022
0543306d,axis1_access_vs_provenance_value-conflict_orderexp_B_first_seed3004__model-Qwen--Qwen2.5-1.5B,B_first,3004,post_phase1,test-0023
147982dd,axis1_access_vs_provenance_value-conflict_orderexp_B_first_seed3004__model-Qwen--Qwen2.5-1.5B,B_first,3004,post_phase1,test-0024
d1bfebf5,axis1_access_vs_provenance_value-conflict_orderexp_B_first_seed3004__model-Qwen--Qwen2.5-1.5B,B_first,3004,pre_washout,test-0001
14c090b2,axis1_access_vs_provenance_value-conflict_orderexp_B_first_seed3004__model-Qwen--Qwen2.5-1.5B,B_first,3004,pre_washout,test-0002
5d88b466,axis1_access_vs_provenance_value-conflict_orderexp_B_first_seed3004__model-Qwen--Qwen2.5-1.5B,B_first,3004,pre_washout,test-0003
ce971dfc,axis1_access_vs_provenance_value-conflict_orderexp_B_first_seed3004__model-Qwen--Qwen2.5-1.5B,B_first,3004,pre_washout,test-0004
96cd827c,axis1_access_vs_provenance_value-conflict_orderexp_B_first_seed3004__model-Qwen--Qwen2.5-1.5B,B_first,3004,pre_washout,test-0005
fe3e1dc4,axis1_access_vs_provenance_value-conflict_orderexp_B_first_seed3004__model-Qwen--Qwen2.5-1.5B,B_first,3004,pre_washout,test-0006
dbfb323f,axis1_access_vs_provenance_value-conflict_orderexp_B_first_seed3004__model-Qwen--Qwen2.5-1.5B,B_first,3004,pre_washout,test-0007
45cc6e35,axis1_access_vs_provenance_value-conflict_orderexp_B_first_seed3004__model-Qwen--Qwen2.5-1.5B,B_first,3004,pre_washout,test-0008
5fa0f049,axis1_access_vs_provenance_value-conflict_orderexp_B_first_seed3004__model-Qwen--Qwen2.5-1.5B,B_first,3004,pre_washout,test-0009
a78c092e,axis1_access_vs_provenance_value-conflict_orderexp_B_first_seed3004__model-Qwen--Qwen2.5-1.5B,B_first,3004,pre_washout,test-0010
b66a440e,axis1_access_vs_provenance_value-conflict_orderexp_B_first_seed3004__model-Qwen--Qwen2.5-1.5B,B_first,3004,pre_washout,test-0011
d08810e0,axis1_access_vs_provenance_value-conflict_orderexp_B_first_seed3004__model-Qwen--Qwen2.5-1.5B,B_first,3004,pre_washout,test-0012
fb87c70b,axis1_access_vs_provenance_value-conflict_orderexp_B_first_seed3004__model-Qwen--Qwen2.5-1.5B,B_first,3004,pre_washout,test-0013
a5cff05b,axis1_access_vs_provenance_value-conflict_orderexp_B_first_seed3004__model-Qwen--Qwen2.5-1.5B,B_first,3004,pre_washout,test-0014
c13bfcbf,axis1_access_vs_provenance_value-conflict_orderexp_B_first_seed3004__model-Qwen--Qwen2.5-1.5B,B_first,3004,pre_washout,test-0015
1930fb84,axis1_access_vs_provenance_value-conflict_orderexp_B_first_seed3004__model-Qwen--Qwen2.5-1.5B,B_first,3004,pre_washout,test-0016
4dd341a8,axis1_access_vs_provenance_value-conflict_orderexp_B_first_seed3004__model-Qwen--Qwen2.5-1.5B,B_first,3004,pre_washout,test-0017
f5c3d50e,axis1_access_vs_provenance_value-conflict_orderexp_B_first_seed3004__model-Qwen--Qwen2.5-1.5B,B_first,3004,pre_washout,test-0018
dc5244b7,axis1_access_vs_provenance_value-conflict_orderexp_B_first_seed3004__model-Qwen--Qwen2.5-1.5B,B_first,3004,pre_washout,test-0019
728d809d,axis1_access_vs_provenance_value-conflict_orderexp_B_first_seed3004__model-Qwen--Qwen2.5-1.5B,B_first,3004,pre_washout,test-0020
5d58e727,axis1_access_vs_provenance_value-conflict_orderexp_B_first_seed3004__model-Qwen--Qwen2.5-1.5B,B_first,3004,pre_washout,test-0021
49abe5e5,axis1_access_vs_provenance_value-conflict_orderexp_B_first_seed3004__model-Qwen--Qwen2.5-1.5B,B_first,3004,pre_washout,test-0022
1f90c1b5,axis1_access_vs_provenance_value-conflict_orderexp_B_first_seed3004__model-Qwen--Qwen2.5-1.5B,B_first,3004,pre_washout,test-0023
d821911e,axis1_access_vs_provenance_value-conflict_orderexp_B_first_seed3004__model-Qwen--Qwen2.5-1.5B,B_first,3004,pre_washout,test-0024
68fa0aa1,axis1_access_vs_provenance_value-conflict_orderexp_B_first_seed3004__model-Qwen--Qwen2.5-1.5B,B_first,3004,post_washout,test-0001
b0fe58a1,axis1_access_vs_provenance_value-conflict_orderexp_B_first_seed3004__model-Qwen--Qwen2.5-1.5B,B_first,3004,post_washout,test-0002
bc79c063,axis1_access_vs_provenance_value-conflict_orderexp_B_first_seed3004__model-Qwen--Qwen2.5-1.5B,B_first,3004,post_washout,test-0003
1aa04645,axis1_access_vs_provenance_value-conflict_orderexp_B_first_seed3004__model-Qwen--Qwen2.5-1.5B,B_first,3004,post_washout,test-0004
1b53da73,axis1_access_vs_provenance_value-conflict_orderexp_B_first_seed3004__model-Qwen--Qwen2.5-1.5B,B_first,3004,post_washout,test-0005
9baaf473,axis1_access_vs_provenance_value-conflict_orderexp_B_first_seed3004__model-Qwen--Qwen2.5-1.5B,B_first,3004,post_washout,test-0006
77b65aed,axis1_access_vs_provenance_value-conflict_orderexp_B_first_seed3004__model-Qwen--Qwen2.5-1.5B,B_first,3004,post_washout,test-0007
48be33b1,axis1_access_vs_provenance_value-conflict_orderexp_B_first_seed3004__model-Qwen--Qwen2.5-1.5B,B_first,3004,post_washout,test-0008
ee109cfb,axis1_access_vs_provenance_value-conflict_orderexp_B_first_seed3004__model-Qwen--Qwen2.5-1.5B,B_first,3004,post_washout,test-0009
8404f10b,axis1_access_vs_provenance_value-conflict_orderexp_B_first_seed3004__model-Qwen--Qwen2.5-1.5B,B_first,3004,post_washout,test-0010
6060c5ad,axis1_access_vs_provenance_value-conflict_orderexp_B_first_seed3004__model-Qwen--Qwen2.5-1.5B,B_first,3004,post_washout,test-0011
15acd34c,axis1_access_vs_provenance_value-conflict_orderexp_B_first_seed3004__model-Qwen--Qwen2.5-1.5B,B_first,3004,post_washout,test-0012
e2509fbe,axis1_access_vs_provenance_value-conflict_orderexp_B_first_seed3004__model-Qwen--Qwen2.5-1.5B,B_first,3004,post_washout,test-0013
59c4bc83,axis1_access_vs_provenance_value-conflict_orderexp_B_first_seed3004__model-Qwen--Qwen2.5-1.5B,B_first,3004,post_washout,test-0014
1464c772,axis1_access_vs_provenance_value-conflict_orderexp_B_first_seed3004__model-Qwen--Qwen2.5-1.5B,B_first,3004,post_washout,test-0015
b1c75ad9,axis1_access_vs_provenance_value-conflict_orderexp_B_first_seed3004__model-Qwen--Qwen2.5-1.5B,B_first,3004,post_washout,test-0016
eb2f225f,axis1_access_vs_provenance_value-conflict_orderexp_B_first_seed3004__model-Qwen--Qwen2.5-1.5B,B_first,3004,post_washout,test-0017
837a85f6,axis1_access_vs_provenance_value-conflict_orderexp_B_first_seed3004__model-Qwen--Qwen2.5-1.5B,B_first,3004,post_washout,test-0018
e049e998,axis1_access_vs_provenance_value-conflict_orderexp_B_first_seed3004__model-Qwen--Qwen2.5-1.5B,B_first,3004,post_washout,test-0019
ba8cae06,axis1_access_vs_provenance_value-conflict_orderexp_B_first_seed3004__model-Qwen--Qwen2.5-1.5B,B_first,3004,post_washout,test-0020
f48366a9,axis1_access_vs_provenance_value-conflict_orderexp_B_first_seed3004__model-Qwen--Qwen2.5-1.5B,B_first,3004,post_washout,test-0021
24039e37,axis1_access_vs_provenance_value-conflict_orderexp_B_first_seed3004__model-Qwen--Qwen2.5-1.5B,B_first,3004,post_washout,test-0022
8456c68f,axis1_access_vs_provenance_value-conflict_orderexp_B_first_seed3004__model-Qwen--Qwen2.5-1.5B,B_first,3004,post_washout,test-0023
deec8d88,axis1_access_vs_provenance_value-conflict_orderexp_B_first_seed3004__model-Qwen--Qwen2.5-1.5B,B_first,3004,post_washout,test-0024
929d959a,axis1_access_vs_provenance_value-conflict_orderexp_interleaved_seed3004__model-Qwen--Qwen2.5-1.5B,interleaved,3004,pre_washout,test-0001
b683255b,axis1_access_vs_provenance_value-conflict_orderexp_interleaved_seed3004__model-Qwen--Qwen2.5-1.5B,interleaved,3004,pre_washout,test-0002
1079d6c7,axis1_access_vs_provenance_value-conflict_orderexp_interleaved_seed3004__model-Qwen--Qwen2.5-1.5B,interleaved,3004,pre_washout,test-0003
4f90b09a,axis1_access_vs_provenance_value-conflict_orderexp_interleaved_seed3004__model-Qwen--Qwen2.5-1.5B,interleaved,3004,pre_washout,test-0004
e5ab2236,axis1_access_vs_provenance_value-conflict_orderexp_interleaved_seed3004__model-Qwen--Qwen2.5-1.5B,interleaved,3004,pre_washout,test-0005
26b0bb2c,axis1_access_vs_provenance_value-conflict_orderexp_interleaved_seed3004__model-Qwen--Qwen2.5-1.5B,interleaved,3004,pre_washout,test-0006
0614d63c,axis1_access_vs_provenance_value-conflict_orderexp_interleaved_seed3004__model-Qwen--Qwen2.5-1.5B,interleaved,3004,pre_washout,test-0007
553790b9,axis1_access_vs_provenance_value-conflict_orderexp_interleaved_seed3004__model-Qwen--Qwen2.5-1.5B,interleaved,3004,pre_washout,test-0008
87dbaeac,axis1_access_vs_provenance_value-conflict_orderexp_interleaved_seed3004__model-Qwen--Qwen2.5-1.5B,interleaved,3004,pre_washout,test-0009
18b1873e,axis1_access_vs_provenance_value-conflict_orderexp_interleaved_seed3004__model-Qwen--Qwen2.5-1.5B,interleaved,3004,pre_washout,test-0010
687791db,axis1_access_vs_provenance_value-conflict_orderexp_interleaved_seed3004__model-Qwen--Qwen2.5-1.5B,interleaved,3004,pre_washout,test-0011
d1a9209d,axis1_access_vs_provenance_value-conflict_orderexp_interleaved_seed3004__model-Qwen--Qwen2.5-1.5B,interleaved,3004,pre_washout,test-0012
1ad7e5f4,axis1_access_vs_provenance_value-conflict_orderexp_interleaved_seed3004__model-Qwen--Qwen2.5-1.5B,interleaved,3004,pre_washout,test-0013
f36b46e2,axis1_access_vs_provenance_value-conflict_orderexp_interleaved_seed3004__model-Qwen--Qwen2.5-1.5B,interleaved,3004,pre_washout,test-0014
1729d39f,axis1_access_vs_provenance_value-conflict_orderexp_interleaved_seed3004__model-Qwen--Qwen2.5-1.5B,interleaved,3004,pre_washout,test-0015
facbc9c1,axis1_access_vs_provenance_value-conflict_orderexp_interleaved_seed3004__model-Qwen--Qwen2.5-1.5B,interleaved,3004,pre_washout,test-0016
6eba4b99,axis1_access_vs_provenance_value-conflict_orderexp_interleaved_seed3004__model-Qwen--Qwen2.5-1.5B,interleaved,3004,pre_washout,test-0017
9d62691e,axis1_access_vs_provenance_value-conflict_orderexp_interleaved_seed3004__model-Qwen--Qwen2.5-1.5B,interleaved,3004,pre_washout,test-0018
f4ad94a0,axis1_access_vs_provenance_value-conflict_orderexp_interleaved_seed3004__model-Qwen--Qwen2.5-1.5B,interleaved,3004,pre_washout,test-0019
91ab4fae,axis1_access_vs_provenance_value-conflict_orderexp_interleaved_seed3004__model-Qwen--Qwen2.5-1.5B,interleaved,3004,pre_washout,test-0020
b15a6dd3,axis1_access_vs_provenance_value-conflict_orderexp_interleaved_seed3004__model-Qwen--Qwen2.5-1.5B,interleaved,3004,pre_washout,test-0021
ae47a246,axis1_access_vs_provenance_value-conflict_orderexp_interleaved_seed3004__model-Qwen--Qwen2.5-1.5B,interleaved,3004,pre_washout,test-0022
5fdccd7a,axis1_access_vs_provenance_value-conflict_orderexp_interleaved_seed3004__model-Qwen--Qwen2.5-1.5B,interleaved,3004,pre_washout,test-0023
755a0ad7,axis1_access_vs_provenance_value-conflict_orderexp_interleaved_seed3004__model-Qwen--Qwen2.5-1.5B,interleaved,3004,pre_washout,test-0024
5209db97,axis1_access_vs_provenance_value-conflict_orderexp_interleaved_seed3004__model-Qwen--Qwen2.5-1.5B,interleaved,3004,post_washout,test-0001
d8c88d74,axis1_access_vs_provenance_value-conflict_orderexp_interleaved_seed3004__model-Qwen--Qwen2.5-1.5B,interleaved,3004,post_washout,test-0002
23206de8,axis1_access_vs_provenance_value-conflict_orderexp_interleaved_seed3004__model-Qwen--Qwen2.5-1.5B,interleaved,3004,post_washout,test-0003
d69d6a5a,axis1_access_vs_provenance_value-conflict_orderexp_interleaved_seed3004__model-Qwen--Qwen2.5-1.5B,interleaved,3004,post_washout,test-0004
1ed29702,axis1_access_vs_provenance_value-conflict_orderexp_interleaved_seed3004__model-Qwen--Qwen2.5-1.5B,interleaved,3004,post_washout,test-0005
222f1288,axis1_access_vs_provenance_value-conflict_orderexp_interleaved_seed3004__model-Qwen--Qwen2.5-1.5B,interleaved,3004,post_washout,test-0006
e141fbb5,axis1_access_vs_provenance_value-conflict_orderexp_interleaved_seed3004__model-Qwen--Qwen2.5-1.5B,interleaved,3004,post_washout,test-0007
e8dcb96c,axis1_access_vs_provenance_value-conflict_orderexp_interleaved_seed3004__model-Qwen--Qwen2.5-1.5B,interleaved,3004,post_washout,test-0008
0fdb1f91,axis1_access_vs_provenance_value-conflict_orderexp_interleaved_seed3004__model-Qwen--Qwen2.5-1.5B,interleaved,3004,post_washout,test-0009
7090847f,axis1_access_vs_provenance_value-conflict_orderexp_interleaved_seed3004__model-Qwen--Qwen2.5-1.5B,interleaved,3004,post_washout,test-0010
c867ae42,axis1_access_vs_provenance_value-conflict_orderexp_interleaved_seed3004__model-Qwen--Qwen2.5-1.5B,interleaved,3004,post_washout,test-0011
02efd13c,axis1_access_vs_provenance_value-conflict_orderexp_interleaved_seed3004__model-Qwen--Qwen2.5-1.5B,interleaved,3004,post_washout,test-0012
bfae67ba,axis1_access_vs_provenance_value-conflict_orderexp_interleaved_seed3004__model-Qwen--Qwen2.5-1.5B,interleaved,3004,post_washout,test-0013
02405305,axis1_access_vs_provenance_value-conflict_orderexp_interleaved_seed3004__model-Qwen--Qwen2.5-1.5B,interleaved,3004,post_washout,test-0014
5be27065,axis1_access_vs_provenance_value-conflict_orderexp_interleaved_seed3004__model-Qwen--Qwen2.5-1.5B,interleaved,3004,post_washout,test-0015
e2216b3f,axis1_access_vs_provenance_value-conflict_orderexp_interleaved_seed3004__model-Qwen--Qwen2.5-1.5B,interleaved,3004,post_washout,test-0016
afd4224c,axis1_access_vs_provenance_value-conflict_orderexp_interleaved_seed3004__model-Qwen--Qwen2.5-1.5B,interleaved,3004,post_washout,test-0017
0482bd75,axis1_access_vs_provenance_value-conflict_orderexp_interleaved_seed3004__model-Qwen--Qwen2.5-1.5B,interleaved,3004,post_washout,test-0018
c487f834,axis1_access_vs_provenance_value-conflict_orderexp_interleaved_seed3004__model-Qwen--Qwen2.5-1.5B,interleaved,3004,post_washout,test-0019
4a9877e0,axis1_access_vs_provenance_value-conflict_orderexp_interleaved_seed3004__model-Qwen--Qwen2.5-1.5B,interleaved,3004,post_washout,test-0020
5cf8fc7c,axis1_access_vs_provenance_value-conflict_orderexp_interleaved_seed3004__model-Qwen--Qwen2.5-1.5B,interleaved,3004,post_washout,test-0021
d1fd5f82,axis1_access_vs_provenance_value-conflict_orderexp_interleaved_seed3004__model-Qwen--Qwen2.5-1.5B,interleaved,3004,post_washout,test-0022
f406a180,axis1_access_vs_provenance_value-conflict_orderexp_interleaved_seed3004__model-Qwen--Qwen2.5-1.5B,interleaved,3004,post_washout,test-0023
1ae877db,axis1_access_vs_provenance_value-conflict_orderexp_interleaved_seed3004__model-Qwen--Qwen2.5-1.5B,interleaved,3004,post_washout,test-0024
e876cb50,axis1_access_vs_provenance_value-conflict_orderexp_A_first_seed3005__model-Qwen--Qwen2.5-1.5B,A_first,3005,post_phase1,test-0001
afe0eff6,axis1_access_vs_provenance_value-conflict_orderexp_A_first_seed3005__model-Qwen--Qwen2.5-1.5B,A_first,3005,post_phase1,test-0002
549a4967,axis1_access_vs_provenance_value-conflict_orderexp_A_first_seed3005__model-Qwen--Qwen2.5-1.5B,A_first,3005,post_phase1,test-0003
ae26cc5a,axis1_access_vs_provenance_value-conflict_orderexp_A_first_seed3005__model-Qwen--Qwen2.5-1.5B,A_first,3005,post_phase1,test-0004
0e69f691,axis1_access_vs_provenance_value-conflict_orderexp_A_first_seed3005__model-Qwen--Qwen2.5-1.5B,A_first,3005,post_phase1,test-0005
c7b2b1df,axis1_access_vs_provenance_value-conflict_orderexp_A_first_seed3005__model-Qwen--Qwen2.5-1.5B,A_first,3005,post_phase1,test-0006
9c05869f,axis1_access_vs_provenance_value-conflict_orderexp_A_first_seed3005__model-Qwen--Qwen2.5-1.5B,A_first,3005,post_phase1,test-0007
61b4127f,axis1_access_vs_provenance_value-conflict_orderexp_A_first_seed3005__model-Qwen--Qwen2.5-1.5B,A_first,3005,post_phase1,test-0008
4591a90b,axis1_access_vs_provenance_value-conflict_orderexp_A_first_seed3005__model-Qwen--Qwen2.5-1.5B,A_first,3005,post_phase1,test-0009
546e471a,axis1_access_vs_provenance_value-conflict_orderexp_A_first_seed3005__model-Qwen--Qwen2.5-1.5B,A_first,3005,post_phase1,test-0010
2132f1e5,axis1_access_vs_provenance_value-conflict_orderexp_A_first_seed3005__model-Qwen--Qwen2.5-1.5B,A_first,3005,post_phase1,test-0011
69b9ec77,axis1_access_vs_provenance_value-conflict_orderexp_A_first_seed3005__model-Qwen--Qwen2.5-1.5B,A_first,3005,post_phase1,test-0012
61b4d9d5,axis1_access_vs_provenance_value-conflict_orderexp_A_first_seed3005__model-Qwen--Qwen2.5-1.5B,A_first,3005,post_phase1,test-0013
702f26dc,axis1_access_vs_provenance_value-conflict_orderexp_A_first_seed3005__model-Qwen--Qwen2.5-1.5B,A_first,3005,post_phase1,test-0014
b48d9e0a,axis1_access_vs_provenance_value-conflict_orderexp_A_first_seed3005__model-Qwen--Qwen2.5-1.5B,A_first,3005,post_phase1,test-0015
262278f5,axis1_access_vs_provenance_value-conflict_orderexp_A_first_seed3005__model-Qwen--Qwen2.5-1.5B,A_first,3005,post_phase1,test-0016
8581d01d,axis1_access_vs_provenance_value-conflict_orderexp_A_first_seed3005__model-Qwen--Qwen2.5-1.5B,A_first,3005,post_phase1,test-0017
5f708ba0,axis1_access_vs_provenance_value-conflict_orderexp_A_first_seed3005__model-Qwen--Qwen2.5-1.5B,A_first,3005,post_phase1,test-0018
c0958126,axis1_access_vs_provenance_value-conflict_orderexp_A_first_seed3005__model-Qwen--Qwen2.5-1.5B,A_first,3005,post_phase1,test-0019
cfdfa5db,axis1_access_vs_provenance_value-conflict_orderexp_A_first_seed3005__model-Qwen--Qwen2.5-1.5B,A_first,3005,post_phase1,test-0020
602ce4d9,axis1_access_vs_provenance_value-conflict_orderexp_A_first_seed3005__model-Qwen--Qwen2.5-1.5B,A_first,3005,post_phase1,test-0021
23ce3686,axis1_access_vs_provenance_value-conflict_orderexp_A_first_seed3005__model-Qwen--Qwen2.5-1.5B,A_first,3005,post_phase1,test-0022
a250a656,axis1_access_vs_provenance_value-conflict_orderexp_A_first_seed3005__model-Qwen--Qwen2.5-1.5B,A_first,3005,post_phase1,test-0023
e56c6a35,axis1_access_vs_provenance_value-conflict_orderexp_A_first_seed3005__model-Qwen--Qwen2.5-1.5B,A_first,3005,post_phase1,test-0024
23477ee0,axis1_access_vs_provenance_value-conflict_orderexp_A_first_seed3005__model-Qwen--Qwen2.5-1.5B,A_first,3005,pre_washout,test-0001
7a11e2f5,axis1_access_vs_provenance_value-conflict_orderexp_A_first_seed3005__model-Qwen--Qwen2.5-1.5B,A_first,3005,pre_washout,test-0002
9278f767,axis1_access_vs_provenance_value-conflict_orderexp_A_first_seed3005__model-Qwen--Qwen2.5-1.5B,A_first,3005,pre_washout,test-0003
62d9814e,axis1_access_vs_provenance_value-conflict_orderexp_A_first_seed3005__model-Qwen--Qwen2.5-1.5B,A_first,3005,pre_washout,test-0004
b2aa7d18,axis1_access_vs_provenance_value-conflict_orderexp_A_first_seed3005__model-Qwen--Qwen2.5-1.5B,A_first,3005,pre_washout,test-0005
3e2d261c,axis1_access_vs_provenance_value-conflict_orderexp_A_first_seed3005__model-Qwen--Qwen2.5-1.5B,A_first,3005,pre_washout,test-0006
9b02146b,axis1_access_vs_provenance_value-conflict_orderexp_A_first_seed3005__model-Qwen--Qwen2.5-1.5B,A_first,3005,pre_washout,test-0007
82dbb448,axis1_access_vs_provenance_value-conflict_orderexp_A_first_seed3005__model-Qwen--Qwen2.5-1.5B,A_first,3005,pre_washout,test-0008
bed9592f,axis1_access_vs_provenance_value-conflict_orderexp_A_first_seed3005__model-Qwen--Qwen2.5-1.5B,A_first,3005,pre_washout,test-0009
5d24e887,axis1_access_vs_provenance_value-conflict_orderexp_A_first_seed3005__model-Qwen--Qwen2.5-1.5B,A_first,3005,pre_washout,test-0010
3d26ee68,axis1_access_vs_provenance_value-conflict_orderexp_A_first_seed3005__model-Qwen--Qwen2.5-1.5B,A_first,3005,pre_washout,test-0011
1d1f45f2,axis1_access_vs_provenance_value-conflict_orderexp_A_first_seed3005__model-Qwen--Qwen2.5-1.5B,A_first,3005,pre_washout,test-0012
85875d90,axis1_access_vs_provenance_value-conflict_orderexp_A_first_seed3005__model-Qwen--Qwen2.5-1.5B,A_first,3005,pre_washout,test-0013
f5e499ae,axis1_access_vs_provenance_value-conflict_orderexp_A_first_seed3005__model-Qwen--Qwen2.5-1.5B,A_first,3005,pre_washout,test-0014
13a9768b,axis1_access_vs_provenance_value-conflict_orderexp_A_first_seed3005__model-Qwen--Qwen2.5-1.5B,A_first,3005,pre_washout,test-0015
569ffb1a,axis1_access_vs_provenance_value-conflict_orderexp_A_first_seed3005__model-Qwen--Qwen2.5-1.5B,A_first,3005,pre_washout,test-0016
0826008e,axis1_access_vs_provenance_value-conflict_orderexp_A_first_seed3005__model-Qwen--Qwen2.5-1.5B,A_first,3005,pre_washout,test-0017
25d9213a,axis1_access_vs_provenance_value-conflict_orderexp_A_first_seed3005__model-Qwen--Qwen2.5-1.5B,A_first,3005,pre_washout,test-0018
625bce04,axis1_access_vs_provenance_value-conflict_orderexp_A_first_seed3005__model-Qwen--Qwen2.5-1.5B,A_first,3005,pre_washout,test-0019
5bda8a6c,axis1_access_vs_provenance_value-conflict_orderexp_A_first_seed3005__model-Qwen--Qwen2.5-1.5B,A_first,3005,pre_washout,test-0020
99f7fd7a,axis1_access_vs_provenance_value-conflict_orderexp_A_first_seed3005__model-Qwen--Qwen2.5-1.5B,A_first,3005,pre_washout,test-0021
61b9d42e,axis1_access_vs_provenance_value-conflict_orderexp_A_first_seed3005__model-Qwen--Qwen2.5-1.5B,A_first,3005,pre_washout,test-0022
6c45d52f,axis1_access_vs_provenance_value-conflict_orderexp_A_first_seed3005__model-Qwen--Qwen2.5-1.5B,A_first,3005,pre_washout,test-0023
3fe7cf5b,axis1_access_vs_provenance_value-conflict_orderexp_A_first_seed3005__model-Qwen--Qwen2.5-1.5B,A_first,3005,pre_washout,test-0024
84cbd77e,axis1_access_vs_provenance_value-conflict_orderexp_A_first_seed3005__model-Qwen--Qwen2.5-1.5B,A_first,3005,post_washout,test-0001
4534e879,axis1_access_vs_provenance_value-conflict_orderexp_A_first_seed3005__model-Qwen--Qwen2.5-1.5B,A_first,3005,post_washout,test-0002
96ddb291,axis1_access_vs_provenance_value-conflict_orderexp_A_first_seed3005__model-Qwen--Qwen2.5-1.5B,A_first,3005,post_washout,test-0003
b9f91eb4,axis1_access_vs_provenance_value-conflict_orderexp_A_first_seed3005__model-Qwen--Qwen2.5-1.5B,A_first,3005,post_washout,test-0004
8869da4b,axis1_access_vs_provenance_value-conflict_orderexp_A_first_seed3005__model-Qwen--Qwen2.5-1.5B,A_first,3005,post_washout,test-0005
52904b19,axis1_access_vs_provenance_value-conflict_orderexp_A_first_seed3005__model-Qwen--Qwen2.5-1.5B,A_first,3005,post_washout,test-0006
23b33936,axis1_access_vs_provenance_value-conflict_orderexp_A_first_seed3005__model-Qwen--Qwen2.5-1.5B,A_first,3005,post_washout,test-0007
532aecff,axis1_access_vs_provenance_value-conflict_orderexp_A_first_seed3005__model-Qwen--Qwen2.5-1.5B,A_first,3005,post_washout,test-0008
1101256a,axis1_access_vs_provenance_value-conflict_orderexp_A_first_seed3005__model-Qwen--Qwen2.5-1.5B,A_first,3005,post_washout,test-0009
cc9592ff,axis1_access_vs_provenance_value-conflict_orderexp_A_first_seed3005__model-Qwen--Qwen2.5-1.5B,A_first,3005,post_washout,test-0010
35922152,axis1_access_vs_provenance_value-conflict_orderexp_A_first_seed3005__model-Qwen--Qwen2.5-1.5B,A_first,3005,post_washout,test-0011
30e71116,axis1_access_vs_provenance_value-conflict_orderexp_A_first_seed3005__model-Qwen--Qwen2.5-1.5B,A_first,3005,post_washout,test-0012
759663f7,axis1_access_vs_provenance_value-conflict_orderexp_A_first_seed3005__model-Qwen--Qwen2.5-1.5B,A_first,3005,post_washout,test-0013
7c8ad8c2,axis1_access_vs_provenance_value-conflict_orderexp_A_first_seed3005__model-Qwen--Qwen2.5-1.5B,A_first,3005,post_washout,test-0014
669b4373,axis1_access_vs_provenance_value-conflict_orderexp_A_first_seed3005__model-Qwen--Qwen2.5-1.5B,A_first,3005,post_washout,test-0015
e85d3d69,axis1_access_vs_provenance_value-conflict_orderexp_A_first_seed3005__model-Qwen--Qwen2.5-1.5B,A_first,3005,post_washout,test-0016
7fbd23ac,axis1_access_vs_provenance_value-conflict_orderexp_A_first_seed3005__model-Qwen--Qwen2.5-1.5B,A_first,3005,post_washout,test-0017
8058b4cf,axis1_access_vs_provenance_value-conflict_orderexp_A_first_seed3005__model-Qwen--Qwen2.5-1.5B,A_first,3005,post_washout,test-0018
4de990ee,axis1_access_vs_provenance_value-conflict_orderexp_A_first_seed3005__model-Qwen--Qwen2.5-1.5B,A_first,3005,post_washout,test-0019
0be2f853,axis1_access_vs_provenance_value-conflict_orderexp_A_first_seed3005__model-Qwen--Qwen2.5-1.5B,A_first,3005,post_washout,test-0020
fdcf03f6,axis1_access_vs_provenance_value-conflict_orderexp_A_first_seed3005__model-Qwen--Qwen2.5-1.5B,A_first,3005,post_washout,test-0021
4116b37f,axis1_access_vs_provenance_value-conflict_orderexp_A_first_seed3005__model-Qwen--Qwen2.5-1.5B,A_first,3005,post_washout,test-0022
812f5c82,axis1_access_vs_provenance_value-conflict_orderexp_A_first_seed3005__model-Qwen--Qwen2.5-1.5B,A_first,3005,post_washout,test-0023
a35ad7c0,axis1_access_vs_provenance_value-conflict_orderexp_A_first_seed3005__model-Qwen--Qwen2.5-1.5B,A_first,3005,post_washout,test-0024
60102762,axis1_access_vs_provenance_value-conflict_orderexp_B_first_seed3005__model-Qwen--Qwen2.5-1.5B,B_first,3005,post_phase1,test-0001
fa66d0a0,axis1_access_vs_provenance_value-conflict_orderexp_B_first_seed3005__model-Qwen--Qwen2.5-1.5B,B_first,3005,post_phase1,test-0002
8a8b67ee,axis1_access_vs_provenance_value-conflict_orderexp_B_first_seed3005__model-Qwen--Qwen2.5-1.5B,B_first,3005,post_phase1,test-0003
ba21da0c,axis1_access_vs_provenance_value-conflict_orderexp_B_first_seed3005__model-Qwen--Qwen2.5-1.5B,B_first,3005,post_phase1,test-0004
61918e33,axis1_access_vs_provenance_value-conflict_orderexp_B_first_seed3005__model-Qwen--Qwen2.5-1.5B,B_first,3005,post_phase1,test-0005
bffea7ad,axis1_access_vs_provenance_value-conflict_orderexp_B_first_seed3005__model-Qwen--Qwen2.5-1.5B,B_first,3005,post_phase1,test-0006
85a156bb,axis1_access_vs_provenance_value-conflict_orderexp_B_first_seed3005__model-Qwen--Qwen2.5-1.5B,B_first,3005,post_phase1,test-0007
ef4a5392,axis1_access_vs_provenance_value-conflict_orderexp_B_first_seed3005__model-Qwen--Qwen2.5-1.5B,B_first,3005,post_phase1,test-0008
fb35edc6,axis1_access_vs_provenance_value-conflict_orderexp_B_first_seed3005__model-Qwen--Qwen2.5-1.5B,B_first,3005,post_phase1,test-0009
3923c0c2,axis1_access_vs_provenance_value-conflict_orderexp_B_first_seed3005__model-Qwen--Qwen2.5-1.5B,B_first,3005,post_phase1,test-0010
0e151817,axis1_access_vs_provenance_value-conflict_orderexp_B_first_seed3005__model-Qwen--Qwen2.5-1.5B,B_first,3005,post_phase1,test-0011
a6fc3987,axis1_access_vs_provenance_value-conflict_orderexp_B_first_seed3005__model-Qwen--Qwen2.5-1.5B,B_first,3005,post_phase1,test-0012
76b27843,axis1_access_vs_provenance_value-conflict_orderexp_B_first_seed3005__model-Qwen--Qwen2.5-1.5B,B_first,3005,post_phase1,test-0013
a535284b,axis1_access_vs_provenance_value-conflict_orderexp_B_first_seed3005__model-Qwen--Qwen2.5-1.5B,B_first,3005,post_phase1,test-0014
04c76cc6,axis1_access_vs_provenance_value-conflict_orderexp_B_first_seed3005__model-Qwen--Qwen2.5-1.5B,B_first,3005,post_phase1,test-0015
d2e29146,axis1_access_vs_provenance_value-conflict_orderexp_B_first_seed3005__model-Qwen--Qwen2.5-1.5B,B_first,3005,post_phase1,test-0016
d6ebd399,axis1_access_vs_provenance_value-conflict_orderexp_B_first_seed3005__model-Qwen--Qwen2.5-1.5B,B_first,3005,post_phase1,test-0017
60a3a5e3,axis1_access_vs_provenance_value-conflict_orderexp_B_first_seed3005__model-Qwen--Qwen2.5-1.5B,B_first,3005,post_phase1,test-0018
c6d50382,axis1_access_vs_provenance_value-conflict_orderexp_B_first_seed3005__model-Qwen--Qwen2.5-1.5B,B_first,3005,post_phase1,test-0019
bf066004,axis1_access_vs_provenance_value-conflict_orderexp_B_first_seed3005__model-Qwen--Qwen2.5-1.5B,B_first,3005,post_phase1,test-0020
c966f1bd,axis1_access_vs_provenance_value-conflict_orderexp_B_first_seed3005__model-Qwen--Qwen2.5-1.5B,B_first,3005,post_phase1,test-0021
602db76b,axis1_access_vs_provenance_value-conflict_orderexp_B_first_seed3005__model-Qwen--Qwen2.5-1.5B,B_first,3005,post_phase1,test-0022
af09eaa1,axis1_access_vs_provenance_value-conflict_orderexp_B_first_seed3005__model-Qwen--Qwen2.5-1.5B,B_first,3005,post_phase1,test-0023
8f0c7266,axis1_access_vs_provenance_value-conflict_orderexp_B_first_seed3005__model-Qwen--Qwen2.5-1.5B,B_first,3005,post_phase1,test-0024
20740b5e,axis1_access_vs_provenance_value-conflict_orderexp_B_first_seed3005__model-Qwen--Qwen2.5-1.5B,B_first,3005,pre_washout,test-0001
f93be4cc,axis1_access_vs_provenance_value-conflict_orderexp_B_first_seed3005__model-Qwen--Qwen2.5-1.5B,B_first,3005,pre_washout,test-0002
f7d759d6,axis1_access_vs_provenance_value-conflict_orderexp_B_first_seed3005__model-Qwen--Qwen2.5-1.5B,B_first,3005,pre_washout,test-0003
a604bf69,axis1_access_vs_provenance_value-conflict_orderexp_B_first_seed3005__model-Qwen--Qwen2.5-1.5B,B_first,3005,pre_washout,test-0004
f3ae2825,axis1_access_vs_provenance_value-conflict_orderexp_B_first_seed3005__model-Qwen--Qwen2.5-1.5B,B_first,3005,pre_washout,test-0005
e2ef42f5,axis1_access_vs_provenance_value-conflict_orderexp_B_first_seed3005__model-Qwen--Qwen2.5-1.5B,B_first,3005,pre_washout,test-0006
27592811,axis1_access_vs_provenance_value-conflict_orderexp_B_first_seed3005__model-Qwen--Qwen2.5-1.5B,B_first,3005,pre_washout,test-0007
f3b8409d,axis1_access_vs_provenance_value-conflict_orderexp_B_first_seed3005__model-Qwen--Qwen2.5-1.5B,B_first,3005,pre_washout,test-0008
7c6dc68e,axis1_access_vs_provenance_value-conflict_orderexp_B_first_seed3005__model-Qwen--Qwen2.5-1.5B,B_first,3005,pre_washout,test-0009
51408935,axis1_access_vs_provenance_value-conflict_orderexp_B_first_seed3005__model-Qwen--Qwen2.5-1.5B,B_first,3005,pre_washout,test-0010
29e74aa2,axis1_access_vs_provenance_value-conflict_orderexp_B_first_seed3005__model-Qwen--Qwen2.5-1.5B,B_first,3005,pre_washout,test-0011
4fb481d4,axis1_access_vs_provenance_value-conflict_orderexp_B_first_seed3005__model-Qwen--Qwen2.5-1.5B,B_first,3005,pre_washout,test-0012
59901f11,axis1_access_vs_provenance_value-conflict_orderexp_B_first_seed3005__model-Qwen--Qwen2.5-1.5B,B_first,3005,pre_washout,test-0013
d9f41356,axis1_access_vs_provenance_value-conflict_orderexp_B_first_seed3005__model-Qwen--Qwen2.5-1.5B,B_first,3005,pre_washout,test-0014
ac767003,axis1_access_vs_provenance_value-conflict_orderexp_B_first_seed3005__model-Qwen--Qwen2.5-1.5B,B_first,3005,pre_washout,test-0015
8e895dd3,axis1_access_vs_provenance_value-conflict_orderexp_B_first_seed3005__model-Qwen--Qwen2.5-1.5B,B_first,3005,pre_washout,test-0016
ee322793,axis1_access_vs_provenance_value-conflict_orderexp_B_first_seed3005__model-Qwen--Qwen2.5-1.5B,B_first,3005,pre_washout,test-0017
4de858d9,axis1_access_vs_provenance_value-conflict_orderexp_B_first_seed3005__model-Qwen--Qwen2.5-1.5B,B_first,3005,pre_washout,test-0018
b57a5de8,axis1_access_vs_provenance_value-conflict_orderexp_B_first_seed3005__model-Qwen--Qwen2.5-1.5B,B_first,3005,pre_washout,test-0019
8c6e309b,axis1_access_vs_provenance_value-conflict_orderexp_B_first_seed3005__model-Qwen--Qwen2.5-1.5B,B_first,3005,pre_washout,test-0020
d70c048e,axis1_access_vs_provenance_value-conflict_orderexp_B_first_seed3005__model-Qwen--Qwen2.5-1.5B,B_first,3005,pre_washout,test-0021
08d0e37a,axis1_access_vs_provenance_value-conflict_orderexp_B_first_seed3005__model-Qwen--Qwen2.5-1.5B,B_first,3005,pre_washout,test-0022
18fb7bf1,axis1_access_vs_provenance_value-conflict_orderexp_B_first_seed3005__model-Qwen--Qwen2.5-1.5B,B_first,3005,pre_washout,test-0023
19abf323,axis1_access_vs_provenance_value-conflict_orderexp_B_first_seed3005__model-Qwen--Qwen2.5-1.5B,B_first,3005,pre_washout,test-0024
3db30767,axis1_access_vs_provenance_value-conflict_orderexp_B_first_seed3005__model-Qwen--Qwen2.5-1.5B,B_first,3005,post_washout,test-0001
19139b17,axis1_access_vs_provenance_value-conflict_orderexp_B_first_seed3005__model-Qwen--Qwen2.5-1.5B,B_first,3005,post_washout,test-0002
525738b0,axis1_access_vs_provenance_value-conflict_orderexp_B_first_seed3005__model-Qwen--Qwen2.5-1.5B,B_first,3005,post_washout,test-0003
7154ab1f,axis1_access_vs_provenance_value-conflict_orderexp_B_first_seed3005__model-Qwen--Qwen2.5-1.5B,B_first,3005,post_washout,test-0004
1f60307d,axis1_access_vs_provenance_value-conflict_orderexp_B_first_seed3005__model-Qwen--Qwen2.5-1.5B,B_first,3005,post_washout,test-0005
7d548f76,axis1_access_vs_provenance_value-conflict_orderexp_B_first_seed3005__model-Qwen--Qwen2.5-1.5B,B_first,3005,post_washout,test-0006
320b1fc3,axis1_access_vs_provenance_value-conflict_orderexp_B_first_seed3005__model-Qwen--Qwen2.5-1.5B,B_first,3005,post_washout,test-0007
fc406e08,axis1_access_vs_provenance_value-conflict_orderexp_B_first_seed3005__model-Qwen--Qwen2.5-1.5B,B_first,3005,post_washout,test-0008
4638795a,axis1_access_vs_provenance_value-conflict_orderexp_B_first_seed3005__model-Qwen--Qwen2.5-1.5B,B_first,3005,post_washout,test-0009
9955f9a8,axis1_access_vs_provenance_value-conflict_orderexp_B_first_seed3005__model-Qwen--Qwen2.5-1.5B,B_first,3005,post_washout,test-0010
182eb0c2,axis1_access_vs_provenance_value-conflict_orderexp_B_first_seed3005__model-Qwen--Qwen2.5-1.5B,B_first,3005,post_washout,test-0011
7f4e8620,axis1_access_vs_provenance_value-conflict_orderexp_B_first_seed3005__model-Qwen--Qwen2.5-1.5B,B_first,3005,post_washout,test-0012
e8a899d0,axis1_access_vs_provenance_value-conflict_orderexp_B_first_seed3005__model-Qwen--Qwen2.5-1.5B,B_first,3005,post_washout,test-0013
afe8f5f5,axis1_access_vs_provenance_value-conflict_orderexp_B_first_seed3005__model-Qwen--Qwen2.5-1.5B,B_first,3005,post_washout,test-0014
724072b5,axis1_access_vs_provenance_value-conflict_orderexp_B_first_seed3005__model-Qwen--Qwen2.5-1.5B,B_first,3005,post_washout,test-0015
b81b85a7,axis1_access_vs_provenance_value-conflict_orderexp_B_first_seed3005__model-Qwen--Qwen2.5-1.5B,B_first,3005,post_washout,test-0016
59383927,axis1_access_vs_provenance_value-conflict_orderexp_B_first_seed3005__model-Qwen--Qwen2.5-1.5B,B_first,3005,post_washout,test-0017
37bd58fa,axis1_access_vs_provenance_value-conflict_orderexp_B_first_seed3005__model-Qwen--Qwen2.5-1.5B,B_first,3005,post_washout,test-0018
1719bc80,axis1_access_vs_provenance_value-conflict_orderexp_B_first_seed3005__model-Qwen--Qwen2.5-1.5B,B_first,3005,post_washout,test-0019
bd81d79d,axis1_access_vs_provenance_value-conflict_orderexp_B_first_seed3005__model-Qwen--Qwen2.5-1.5B,B_first,3005,post_washout,test-0020
a2d10e51,axis1_access_vs_provenance_value-conflict_orderexp_B_first_seed3005__model-Qwen--Qwen2.5-1.5B,B_first,3005,post_washout,test-0021
eb8efc01,axis1_access_vs_provenance_value-conflict_orderexp_B_first_seed3005__model-Qwen--Qwen2.5-1.5B,B_first,3005,post_washout,test-0022
676eb051,axis1_access_vs_provenance_value-conflict_orderexp_B_first_seed3005__model-Qwen--Qwen2.5-1.5B,B_first,3005,post_washout,test-0023
50b4dd28,axis1_access_vs_provenance_value-conflict_orderexp_B_first_seed3005__model-Qwen--Qwen2.5-1.5B,B_first,3005,post_washout,test-0024
dce92f12,axis1_access_vs_provenance_value-conflict_orderexp_interleaved_seed3005__model-Qwen--Qwen2.5-1.5B,interleaved,3005,pre_washout,test-0001
e7fe2c45,axis1_access_vs_provenance_value-conflict_orderexp_interleaved_seed3005__model-Qwen--Qwen2.5-1.5B,interleaved,3005,pre_washout,test-0002
0ce0a8fd,axis1_access_vs_provenance_value-conflict_orderexp_interleaved_seed3005__model-Qwen--Qwen2.5-1.5B,interleaved,3005,pre_washout,test-0003
5b68d391,axis1_access_vs_provenance_value-conflict_orderexp_interleaved_seed3005__model-Qwen--Qwen2.5-1.5B,interleaved,3005,pre_washout,test-0004
7d65d994,axis1_access_vs_provenance_value-conflict_orderexp_interleaved_seed3005__model-Qwen--Qwen2.5-1.5B,interleaved,3005,pre_washout,test-0005
b79aa4c6,axis1_access_vs_provenance_value-conflict_orderexp_interleaved_seed3005__model-Qwen--Qwen2.5-1.5B,interleaved,3005,pre_washout,test-0006
a46e7803,axis1_access_vs_provenance_value-conflict_orderexp_interleaved_seed3005__model-Qwen--Qwen2.5-1.5B,interleaved,3005,pre_washout,test-0007
9a6f3087,axis1_access_vs_provenance_value-conflict_orderexp_interleaved_seed3005__model-Qwen--Qwen2.5-1.5B,interleaved,3005,pre_washout,test-0008
55d25c72,axis1_access_vs_provenance_value-conflict_orderexp_interleaved_seed3005__model-Qwen--Qwen2.5-1.5B,interleaved,3005,pre_washout,test-0009
dc751701,axis1_access_vs_provenance_value-conflict_orderexp_interleaved_seed3005__model-Qwen--Qwen2.5-1.5B,interleaved,3005,pre_washout,test-0010
3d926950,axis1_access_vs_provenance_value-conflict_orderexp_interleaved_seed3005__model-Qwen--Qwen2.5-1.5B,interleaved,3005,pre_washout,test-0011
57b80717,axis1_access_vs_provenance_value-conflict_orderexp_interleaved_seed3005__model-Qwen--Qwen2.5-1.5B,interleaved,3005,pre_washout,test-0012
c3dddd54,axis1_access_vs_provenance_value-conflict_orderexp_interleaved_seed3005__model-Qwen--Qwen2.5-1.5B,interleaved,3005,pre_washout,test-0013
6bf8698f,axis1_access_vs_provenance_value-conflict_orderexp_interleaved_seed3005__model-Qwen--Qwen2.5-1.5B,interleaved,3005,pre_washout,test-0014
338296fa,axis1_access_vs_provenance_value-conflict_orderexp_interleaved_seed3005__model-Qwen--Qwen2.5-1.5B,interleaved,3005,pre_washout,test-0015
dc8d8246,axis1_access_vs_provenance_value-conflict_orderexp_interleaved_seed3005__model-Qwen--Qwen2.5-1.5B,interleaved,3005,pre_washout,test-0016
d100b49f,axis1_access_vs_provenance_value-conflict_orderexp_interleaved_seed3005__model-Qwen--Qwen2.5-1.5B,interleaved,3005,pre_washout,test-0017
d144eee6,axis1_access_vs_provenance_value-conflict_orderexp_interleaved_seed3005__model-Qwen--Qwen2.5-1.5B,interleaved,3005,pre_washout,test-0018
698b003c,axis1_access_vs_provenance_value-conflict_orderexp_interleaved_seed3005__model-Qwen--Qwen2.5-1.5B,interleaved,3005,pre_washout,test-0019
000ee37c,axis1_access_vs_provenance_value-conflict_orderexp_interleaved_seed3005__model-Qwen--Qwen2.5-1.5B,interleaved,3005,pre_washout,test-0020
c5346668,axis1_access_vs_provenance_value-conflict_orderexp_interleaved_seed3005__model-Qwen--Qwen2.5-1.5B,interleaved,3005,pre_washout,test-0021
a6998d11,axis1_access_vs_provenance_value-conflict_orderexp_interleaved_seed3005__model-Qwen--Qwen2.5-1.5B,interleaved,3005,pre_washout,test-0022
ebdbd95d,axis1_access_vs_provenance_value-conflict_orderexp_interleaved_seed3005__model-Qwen--Qwen2.5-1.5B,interleaved,3005,pre_washout,test-0023
af27780d,axis1_access_vs_provenance_value-conflict_orderexp_interleaved_seed3005__model-Qwen--Qwen2.5-1.5B,interleaved,3005,pre_washout,test-0024
6c333fe5,axis1_access_vs_provenance_value-conflict_orderexp_interleaved_seed3005__model-Qwen--Qwen2.5-1.5B,interleaved,3005,post_washout,test-0001
68e1e651,axis1_access_vs_provenance_value-conflict_orderexp_interleaved_seed3005__model-Qwen--Qwen2.5-1.5B,interleaved,3005,post_washout,test-0002
bdb3a72b,axis1_access_vs_provenance_value-conflict_orderexp_interleaved_seed3005__model-Qwen--Qwen2.5-1.5B,interleaved,3005,post_washout,test-0003
eea39622,axis1_access_vs_provenance_value-conflict_orderexp_interleaved_seed3005__model-Qwen--Qwen2.5-1.5B,interleaved,3005,post_washout,test-0004
1ef34a51,axis1_access_vs_provenance_value-conflict_orderexp_interleaved_seed3005__model-Qwen--Qwen2.5-1.5B,interleaved,3005,post_washout,test-0005
4c717d83,axis1_access_vs_provenance_value-conflict_orderexp_interleaved_seed3005__model-Qwen--Qwen2.5-1.5B,interleaved,3005,post_washout,test-0006
8c32cfdc,axis1_access_vs_provenance_value-conflict_orderexp_interleaved_seed3005__model-Qwen--Qwen2.5-1.5B,interleaved,3005,post_washout,test-0007
e2eb6106,axis1_access_vs_provenance_value-conflict_orderexp_interleaved_seed3005__model-Qwen--Qwen2.5-1.5B,interleaved,3005,post_washout,test-0008
9c012914,axis1_access_vs_provenance_value-conflict_orderexp_interleaved_seed3005__model-Qwen--Qwen2.5-1.5B,interleaved,3005,post_washout,test-0009
1457c838,axis1_access_vs_provenance_value-conflict_orderexp_interleaved_seed3005__model-Qwen--Qwen2.5-1.5B,interleaved,3005,post_washout,test-0010
34f575ec,axis1_access_vs_provenance_value-conflict_orderexp_interleaved_seed3005__model-Qwen--Qwen2.5-1.5B,interleaved,3005,post_washout,test-0011
4d510a4c,axis1_access_vs_provenance_value-conflict_orderexp_interleaved_seed3005__model-Qwen--Qwen2.5-1.5B,interleaved,3005,post_washout,test-0012
e591c59c,axis1_access_vs_provenance_value-conflict_orderexp_interleaved_seed3005__model-Qwen--Qwen2.5-1.5B,interleaved,3005,post_washout,test-0013
74c22809,axis1_access_vs_provenance_value-conflict_orderexp_interleaved_seed3005__model-Qwen--Qwen2.5-1.5B,interleaved,3005,post_washout,test-0014
a6b201bb,axis1_access_vs_provenance_value-conflict_orderexp_interleaved_seed3005__model-Qwen--Qwen2.5-1.5B,interleaved,3005,post_washout,test-0015
5130d6fe,axis1_access_vs_provenance_value-conflict_orderexp_interleaved_seed3005__model-Qwen--Qwen2.5-1.5B,interleaved,3005,post_washout,test-0016
df6d6356,axis1_access_vs_provenance_value-conflict_orderexp_interleaved_seed3005__model-Qwen--Qwen2.5-1.5B,interleaved,3005,post_washout,test-0017
b3a032df,axis1_access_vs_provenance_value-conflict_orderexp_interleaved_seed3005__model-Qwen--Qwen2.5-1.5B,interleaved,3005,post_washout,test-0018
3577142e,axis1_access_vs_provenance_value-conflict_orderexp_interleaved_seed3005__model-Qwen--Qwen2.5-1.5B,interleaved,3005,post_washout,test-0019
18a17466,axis1_access_vs_provenance_value-conflict_orderexp_interleaved_seed3005__model-Qwen--Qwen2.5-1.5B,interleaved,3005,post_washout,test-0020
5ca54ee4,axis1_access_vs_provenance_value-conflict_orderexp_interleaved_seed3005__model-Qwen--Qwen2.5-1.5B,interleaved,3005,post_washout,test-0021
0f6da955,axis1_access_vs_provenance_value-conflict_orderexp_interleaved_seed3005__model-Qwen--Qwen2.5-1.5B,interleaved,3005,post_washout,test-0022
0f29a63b,axis1_access_vs_provenance_value-conflict_orderexp_interleaved_seed3005__model-Qwen--Qwen2.5-1.5B,interleaved,3005,post_washout,test-0023
d4547823,axis1_access_vs_provenance_value-conflict_orderexp_interleaved_seed3005__model-Qwen--Qwen2.5-1.5B,interleaved,3005,post_washout,test-0024
