label_id,run_name,condition,seed,checkpoint_boundary,scenario_id
b0ec4f12,axis1_access_vs_provenance_value-conflict_orderexp_A_then_C_seed3001,A_then_C,3001,post_conflict,test-0001
d80adc7e,axis1_access_vs_provenance_value-conflict_orderexp_A_then_C_seed3001,A_then_C,3001,post_conflict,test-0002
951e4a6b,axis1_access_vs_provenance_value-conflict_orderexp_A_then_C_seed3001,A_then_C,3001,post_conflict,test-0003
0b01bd92,axis1_access_vs_provenance_value-conflict_orderexp_A_then_C_seed3001,A_then_C,3001,post_conflict,test-0004
a9007c2f,axis1_access_vs_provenance_value-conflict_orderexp_A_then_C_seed3001,A_then_C,3001,post_conflict,test-0005
aa80af99,axis1_access_vs_provenance_value-conflict_orderexp_A_then_C_seed3001,A_then_C,3001,post_conflict,test-0006
23fbde2b,axis1_access_vs_provenance_value-conflict_orderexp_A_then_C_seed3001,A_then_C,3001,post_conflict,test-0007
8ef1d08f,axis1_access_vs_provenance_value-conflict_orderexp_A_then_C_seed3001,A_then_C,3001,post_conflict,test-0008
c83095cf,axis1_access_vs_provenance_value-conflict_orderexp_A_then_C_seed3001,A_then_C,3001,post_conflict,test-0009
d5557afd,axis1_access_vs_provenance_value-conflict_orderexp_A_then_C_seed3001,A_then_C,3001,post_conflict,test-0010
bf7cce06,axis1_access_vs_provenance_value-conflict_orderexp_A_then_C_seed3001,A_then_C,3001,post_conflict,test-0011
30e4ef64,axis1_access_vs_provenance_value-conflict_orderexp_A_then_C_seed3001,A_then_C,3001,post_conflict,test-0012
66f430e9,axis1_access_vs_provenance_value-conflict_orderexp_A_then_C_seed3001,A_then_C,3001,post_conflict,test-0013
9b9857b5,axis1_access_vs_provenance_value-conflict_orderexp_A_then_C_seed3001,A_then_C,3001,post_conflict,test-0014
63619a36,axis1_access_vs_provenance_value-conflict_orderexp_A_then_C_seed3001,A_then_C,3001,post_conflict,test-0015
11270fa9,axis1_access_vs_provenance_value-conflict_orderexp_A_then_C_seed3001,A_then_C,3001,post_conflict,test-0016
346724f3,axis1_access_vs_provenance_value-conflict_orderexp_A_then_C_seed3001,A_then_C,3001,post_conflict,test-0017
e0555ec3,axis1_access_vs_provenance_value-conflict_orderexp_A_then_C_seed3001,A_then_C,3001,post_conflict,test-0018
9b1d1086,axis1_access_vs_provenance_value-conflict_orderexp_A_then_C_seed3001,A_then_C,3001,post_conflict,test-0019
0b2324c0,axis1_access_vs_provenance_value-conflict_orderexp_A_then_C_seed3001,A_then_C,3001,post_conflict,test-0020
80d7f673,axis1_access_vs_provenance_value-conflict_orderexp_A_then_C_seed3001,A_then_C,3001,post_conflict,test-0021
b3a13b30,axis1_access_vs_provenance_value-conflict_orderexp_A_then_C_seed3001,A_then_C,3001,post_conflict,test-0022
28faed0c,axis1_access_vs_provenance_value-conflict_orderexp_A_then_C_seed3001,A_then_C,3001,post_conflict,test-0023
428caf6d,axis1_access_vs_provenance_value-conflict_orderexp_A_then_C_seed3001,A_then_C,3001,post_conflict,test-0024
74c763a2,axis1_access_vs_provenance_value-conflict_orderexp_A_then_C_seed3001,A_then_C,3001,post_washout,test-0001
e699eb49,axis1_access_vs_provenance_value-conflict_orderexp_A_then_C_seed3001,A_then_C,3001,post_washout,test-0002
67cbe88b,axis1_access_vs_provenance_value-conflict_orderexp_A_then_C_seed3001,A_then_C,3001,post_washout,test-0003
5f2a82f2,axis1_access_vs_provenance_value-conflict_orderexp_A_then_C_seed3001,A_then_C,3001,post_washout,test-0004
20f2ad17,axis1_access_vs_provenance_value-conflict_orderexp_A_then_C_seed3001,A_then_C,3001,post_washout,test-0005
052be4ec,axis1_access_vs_provenance_value-conflict_orderexp_A_then_C_seed3001,A_then_C,3001,post_washout,test-0006
60e3178a,axis1_access_vs_provenance_value-conflict_orderexp_A_then_C_seed3001,A_then_C,3001,post_washout,test-0007
961694ff,axis1_access_vs_provenance_value-conflict_orderexp_A_then_C_seed3001,A_then_C,3001,post_washout,test-0008
0f30165c,axis1_access_vs_provenance_value-conflict_orderexp_A_then_C_seed3001,A_then_C,3001,post_washout,test-0009
0709dc8e,axis1_access_vs_provenance_value-conflict_orderexp_A_then_C_seed3001,A_then_C,3001,post_washout,test-0010
3e372adb,axis1_access_vs_provenance_value-conflict_orderexp_A_then_C_seed3001,A_then_C,3001,post_washout,test-0011
06baa250,axis1_access_vs_provenance_value-conflict_orderexp_A_then_C_seed3001,A_then_C,3001,post_washout,test-0012
e3381171,axis1_access_vs_provenance_value-conflict_orderexp_A_then_C_seed3001,A_then_C,3001,post_washout,test-0013
e5729f3b,axis1_access_vs_provenance_value-conflict_orderexp_A_then_C_seed3001,A_then_C,3001,post_washout,test-0014
f8899465,axis1_access_vs_provenance_value-conflict_orderexp_A_then_C_seed3001,A_then_C,3001,post_washout,test-0015
b5d35f18,axis1_access_vs_provenance_value-conflict_orderexp_A_then_C_seed3001,A_then_C,3001,post_washout,test-0016
e8c7f9bd,axis1_access_vs_provenance_value-conflict_orderexp_A_then_C_seed3001,A_then_C,3001,post_washout,test-0017
821bc581,axis1_access_vs_provenance_value-conflict_orderexp_A_then_C_seed3001,A_then_C,3001,post_washout,test-0018
f1ce4ae1,axis1_access_vs_provenance_value-conflict_orderexp_A_then_C_seed3001,A_then_C,3001,post_washout,test-0019
a78d15ed,axis1_access_vs_provenance_value-conflict_orderexp_A_then_C_seed3001,A_then_C,3001,post_washout,test-0020
34fbb30a,axis1_access_vs_provenance_value-conflict_orderexp_A_then_C_seed3001,A_then_C,3001,post_washout,test-0021
39335d3b,axis1_access_vs_provenance_value-conflict_orderexp_A_then_C_seed3001,A_then_C,3001,post_washout,test-0022
c80fd43a,axis1_access_vs_provenance_value-conflict_orderexp_A_then_C_seed3001,A_then_C,3001,post_washout,test-0023
e4f3b1f4,axis1_access_vs_provenance_value-conflict_orderexp_A_then_C_seed3001,A_then_C,3001,post_washout,test-0024
8dd63421,axis1_access_vs_provenance_value-conflict_orderexp_B_then_C_seed3001,B_then_C,3001,post_conflict,test-0001
f6d3e6a9,axis1_access_vs_provenance_value-conflict_orderexp_B_then_C_seed3001,B_then_C,3001,post_conflict,test-0002
bdebba57,axis1_access_vs_provenance_value-conflict_orderexp_B_then_C_seed3001,B_then_C,3001,post_conflict,test-0003
88993631,axis1_access_vs_provenance_value-conflict_orderexp_B_then_C_seed3001,B_then_C,3001,post_conflict,test-0004
5a5c7e5a,axis1_access_vs_provenance_value-conflict_orderexp_B_then_C_seed3001,B_then_C,3001,post_conflict,test-0005
78315d40,axis1_access_vs_provenance_value-conflict_orderexp_B_then_C_seed3001,B_then_C,3001,post_conflict,test-0006
e8b9d388,axis1_access_vs_provenance_value-conflict_orderexp_B_then_C_seed3001,B_then_C,3001,post_conflict,test-0007
2cad2744,axis1_access_vs_provenance_value-conflict_orderexp_B_then_C_seed3001,B_then_C,3001,post_conflict,test-0008
4cb8fd6d,axis1_access_vs_provenance_value-conflict_orderexp_B_then_C_seed3001,B_then_C,3001,post_conflict,test-0009
022d0563,axis1_access_vs_provenance_value-conflict_orderexp_B_then_C_seed3001,B_then_C,3001,post_conflict,test-0010
6e57bd38,axis1_access_vs_provenance_value-conflict_orderexp_B_then_C_seed3001,B_then_C,3001,post_conflict,test-0011
2849b4fa,axis1_access_vs_provenance_value-conflict_orderexp_B_then_C_seed3001,B_then_C,3001,post_conflict,test-0012
c2b40716,axis1_access_vs_provenance_value-conflict_orderexp_B_then_C_seed3001,B_then_C,3001,post_conflict,test-0013
80469a53,axis1_access_vs_provenance_value-conflict_orderexp_B_then_C_seed3001,B_then_C,3001,post_conflict,test-0014
4e75e887,axis1_access_vs_provenance_value-conflict_orderexp_B_then_C_seed3001,B_then_C,3001,post_conflict,test-0015
b6db4554,axis1_access_vs_provenance_value-conflict_orderexp_B_then_C_seed3001,B_then_C,3001,post_conflict,test-0016
8e3f8de6,axis1_access_vs_provenance_value-conflict_orderexp_B_then_C_seed3001,B_then_C,3001,post_conflict,test-0017
198d4778,axis1_access_vs_provenance_value-conflict_orderexp_B_then_C_seed3001,B_then_C,3001,post_conflict,test-0018
326777b9,axis1_access_vs_provenance_value-conflict_orderexp_B_then_C_seed3001,B_then_C,3001,post_conflict,test-0019
2ab44e63,axis1_access_vs_provenance_value-conflict_orderexp_B_then_C_seed3001,B_then_C,3001,post_conflict,test-0020
f90d5ee1,axis1_access_vs_provenance_value-conflict_orderexp_B_then_C_seed3001,B_then_C,3001,post_conflict,test-0021
f768264c,axis1_access_vs_provenance_value-conflict_orderexp_B_then_C_seed3001,B_then_C,3001,post_conflict,test-0022
6bcc7eef,axis1_access_vs_provenance_value-conflict_orderexp_B_then_C_seed3001,B_then_C,3001,post_conflict,test-0023
19897911,axis1_access_vs_provenance_value-conflict_orderexp_B_then_C_seed3001,B_then_C,3001,post_conflict,test-0024
9dbe4a9d,axis1_access_vs_provenance_value-conflict_orderexp_B_then_C_seed3001,B_then_C,3001,post_washout,test-0001
8b3ad233,axis1_access_vs_provenance_value-conflict_orderexp_B_then_C_seed3001,B_then_C,3001,post_washout,test-0002
95d93c25,axis1_access_vs_provenance_value-conflict_orderexp_B_then_C_seed3001,B_then_C,3001,post_washout,test-0003
7e8567a1,axis1_access_vs_provenance_value-conflict_orderexp_B_then_C_seed3001,B_then_C,3001,post_washout,test-0004
cb1ebc36,axis1_access_vs_provenance_value-conflict_orderexp_B_then_C_seed3001,B_then_C,3001,post_washout,test-0005
aa64e94d,axis1_access_vs_provenance_value-conflict_orderexp_B_then_C_seed3001,B_then_C,3001,post_washout,test-0006
fd125aeb,axis1_access_vs_provenance_value-conflict_orderexp_B_then_C_seed3001,B_then_C,3001,post_washout,test-0007
4303f10e,axis1_access_vs_provenance_value-conflict_orderexp_B_then_C_seed3001,B_then_C,3001,post_washout,test-0008
d2ca7e51,axis1_access_vs_provenance_value-conflict_orderexp_B_then_C_seed3001,B_then_C,3001,post_washout,test-0009
d4a893f7,axis1_access_vs_provenance_value-conflict_orderexp_B_then_C_seed3001,B_then_C,3001,post_washout,test-0010
aa7e5890,axis1_access_vs_provenance_value-conflict_orderexp_B_then_C_seed3001,B_then_C,3001,post_washout,test-0011
9ab0cc97,axis1_access_vs_provenance_value-conflict_orderexp_B_then_C_seed3001,B_then_C,3001,post_washout,test-0012
86f7b629,axis1_access_vs_provenance_value-conflict_orderexp_B_then_C_seed3001,B_then_C,3001,post_washout,test-0013
519e2f22,axis1_access_vs_provenance_value-conflict_orderexp_B_then_C_seed3001,B_then_C,3001,post_washout,test-0014
c3bb57a1,axis1_access_vs_provenance_value-conflict_orderexp_B_then_C_seed3001,B_then_C,3001,post_washout,test-0015
815d0093,axis1_access_vs_provenance_value-conflict_orderexp_B_then_C_seed3001,B_then_C,3001,post_washout,test-0016
84159bc1,axis1_access_vs_provenance_value-conflict_orderexp_B_then_C_seed3001,B_then_C,3001,post_washout,test-0017
9aa8458f,axis1_access_vs_provenance_value-conflict_orderexp_B_then_C_seed3001,B_then_C,3001,post_washout,test-0018
80f073c0,axis1_access_vs_provenance_value-conflict_orderexp_B_then_C_seed3001,B_then_C,3001,post_washout,test-0019
58ffc376,axis1_access_vs_provenance_value-conflict_orderexp_B_then_C_seed3001,B_then_C,3001,post_washout,test-0020
743b1cd8,axis1_access_vs_provenance_value-conflict_orderexp_B_then_C_seed3001,B_then_C,3001,post_washout,test-0021
b3212ccb,axis1_access_vs_provenance_value-conflict_orderexp_B_then_C_seed3001,B_then_C,3001,post_washout,test-0022
edb99eaa,axis1_access_vs_provenance_value-conflict_orderexp_B_then_C_seed3001,B_then_C,3001,post_washout,test-0023
ddb67ae3,axis1_access_vs_provenance_value-conflict_orderexp_B_then_C_seed3001,B_then_C,3001,post_washout,test-0024
cbe240b7,axis1_access_vs_provenance_value-conflict_orderexp_A_then_C_seed3002,A_then_C,3002,post_conflict,test-0001
a87aefc5,axis1_access_vs_provenance_value-conflict_orderexp_A_then_C_seed3002,A_then_C,3002,post_conflict,test-0002
d366e096,axis1_access_vs_provenance_value-conflict_orderexp_A_then_C_seed3002,A_then_C,3002,post_conflict,test-0003
916ef6bb,axis1_access_vs_provenance_value-conflict_orderexp_A_then_C_seed3002,A_then_C,3002,post_conflict,test-0004
61e76516,axis1_access_vs_provenance_value-conflict_orderexp_A_then_C_seed3002,A_then_C,3002,post_conflict,test-0005
105f91e3,axis1_access_vs_provenance_value-conflict_orderexp_A_then_C_seed3002,A_then_C,3002,post_conflict,test-0006
b0ed5b45,axis1_access_vs_provenance_value-conflict_orderexp_A_then_C_seed3002,A_then_C,3002,post_conflict,test-0007
de87f78a,axis1_access_vs_provenance_value-conflict_orderexp_A_then_C_seed3002,A_then_C,3002,post_conflict,test-0008
da514119,axis1_access_vs_provenance_value-conflict_orderexp_A_then_C_seed3002,A_then_C,3002,post_conflict,test-0009
21edeb27,axis1_access_vs_provenance_value-conflict_orderexp_A_then_C_seed3002,A_then_C,3002,post_conflict,test-0010
3d1bccbd,axis1_access_vs_provenance_value-conflict_orderexp_A_then_C_seed3002,A_then_C,3002,post_conflict,test-0011
b979d740,axis1_access_vs_provenance_value-conflict_orderexp_A_then_C_seed3002,A_then_C,3002,post_conflict,test-0012
211490b3,axis1_access_vs_provenance_value-conflict_orderexp_A_then_C_seed3002,A_then_C,3002,post_conflict,test-0013
27a3af9f,axis1_access_vs_provenance_value-conflict_orderexp_A_then_C_seed3002,A_then_C,3002,post_conflict,test-0014
e7f9dc9d,axis1_access_vs_provenance_value-conflict_orderexp_A_then_C_seed3002,A_then_C,3002,post_conflict,test-0015
24ce7ba0,axis1_access_vs_provenance_value-conflict_orderexp_A_then_C_seed3002,A_then_C,3002,post_conflict,test-0016
7fb95c19,axis1_access_vs_provenance_value-conflict_orderexp_A_then_C_seed3002,A_then_C,3002,post_conflict,test-0017
e214a5e9,axis1_access_vs_provenance_value-conflict_orderexp_A_then_C_seed3002,A_then_C,3002,post_conflict,test-0018
ca1ab78f,axis1_access_vs_provenance_value-conflict_orderexp_A_then_C_seed3002,A_then_C,3002,post_conflict,test-0019
0c821a7f,axis1_access_vs_provenance_value-conflict_orderexp_A_then_C_seed3002,A_then_C,3002,post_conflict,test-0020
1c30f162,axis1_access_vs_provenance_value-conflict_orderexp_A_then_C_seed3002,A_then_C,3002,post_conflict,test-0021
90f891ae,axis1_access_vs_provenance_value-conflict_orderexp_A_then_C_seed3002,A_then_C,3002,post_conflict,test-0022
54aa8edb,axis1_access_vs_provenance_value-conflict_orderexp_A_then_C_seed3002,A_then_C,3002,post_conflict,test-0023
f87630b1,axis1_access_vs_provenance_value-conflict_orderexp_A_then_C_seed3002,A_then_C,3002,post_conflict,test-0024
e5e512ff,axis1_access_vs_provenance_value-conflict_orderexp_A_then_C_seed3002,A_then_C,3002,post_washout,test-0001
f37f23fc,axis1_access_vs_provenance_value-conflict_orderexp_A_then_C_seed3002,A_then_C,3002,post_washout,test-0002
632c8056,axis1_access_vs_provenance_value-conflict_orderexp_A_then_C_seed3002,A_then_C,3002,post_washout,test-0003
6303cdfb,axis1_access_vs_provenance_value-conflict_orderexp_A_then_C_seed3002,A_then_C,3002,post_washout,test-0004
9ace7cb9,axis1_access_vs_provenance_value-conflict_orderexp_A_then_C_seed3002,A_then_C,3002,post_washout,test-0005
05637bc6,axis1_access_vs_provenance_value-conflict_orderexp_A_then_C_seed3002,A_then_C,3002,post_washout,test-0006
19a6b107,axis1_access_vs_provenance_value-conflict_orderexp_A_then_C_seed3002,A_then_C,3002,post_washout,test-0007
2e89a23a,axis1_access_vs_provenance_value-conflict_orderexp_A_then_C_seed3002,A_then_C,3002,post_washout,test-0008
50e7f3c5,axis1_access_vs_provenance_value-conflict_orderexp_A_then_C_seed3002,A_then_C,3002,post_washout,test-0009
fc609a6a,axis1_access_vs_provenance_value-conflict_orderexp_A_then_C_seed3002,A_then_C,3002,post_washout,test-0010
e6461c5d,axis1_access_vs_provenance_value-conflict_orderexp_A_then_C_seed3002,A_then_C,3002,post_washout,test-0011
e028f757,axis1_access_vs_provenance_value-conflict_orderexp_A_then_C_seed3002,A_then_C,3002,post_washout,test-0012
613984fa,axis1_access_vs_provenance_value-conflict_orderexp_A_then_C_seed3002,A_then_C,3002,post_washout,test-0013
5546c065,axis1_access_vs_provenance_value-conflict_orderexp_A_then_C_seed3002,A_then_C,3002,post_washout,test-0014
de060b7f,axis1_access_vs_provenance_value-conflict_orderexp_A_then_C_seed3002,A_then_C,3002,post_washout,test-0015
449d0cfc,axis1_access_vs_provenance_value-conflict_orderexp_A_then_C_seed3002,A_then_C,3002,post_washout,test-0016
64e1819d,axis1_access_vs_provenance_value-conflict_orderexp_A_then_C_seed3002,A_then_C,3002,post_washout,test-0017
fc1354d2,axis1_access_vs_provenance_value-conflict_orderexp_A_then_C_seed3002,A_then_C,3002,post_washout,test-0018
e9c9ec4c,axis1_access_vs_provenance_value-conflict_orderexp_A_then_C_seed3002,A_then_C,3002,post_washout,test-0019
74236501,axis1_access_vs_provenance_value-conflict_orderexp_A_then_C_seed3002,A_then_C,3002,post_washout,test-0020
d9458b59,axis1_access_vs_provenance_value-conflict_orderexp_A_then_C_seed3002,A_then_C,3002,post_washout,test-0021
33f7823d,axis1_access_vs_provenance_value-conflict_orderexp_A_then_C_seed3002,A_then_C,3002,post_washout,test-0022
5e61244e,axis1_access_vs_provenance_value-conflict_orderexp_A_then_C_seed3002,A_then_C,3002,post_washout,test-0023
9cadcdb7,axis1_access_vs_provenance_value-conflict_orderexp_A_then_C_seed3002,A_then_C,3002,post_washout,test-0024
f540479f,axis1_access_vs_provenance_value-conflict_orderexp_B_then_C_seed3002,B_then_C,3002,post_conflict,test-0001
8fa24fb9,axis1_access_vs_provenance_value-conflict_orderexp_B_then_C_seed3002,B_then_C,3002,post_conflict,test-0002
bb02b005,axis1_access_vs_provenance_value-conflict_orderexp_B_then_C_seed3002,B_then_C,3002,post_conflict,test-0003
1259fa09,axis1_access_vs_provenance_value-conflict_orderexp_B_then_C_seed3002,B_then_C,3002,post_conflict,test-0004
248279c4,axis1_access_vs_provenance_value-conflict_orderexp_B_then_C_seed3002,B_then_C,3002,post_conflict,test-0005
f459cc01,axis1_access_vs_provenance_value-conflict_orderexp_B_then_C_seed3002,B_then_C,3002,post_conflict,test-0006
fb4086d5,axis1_access_vs_provenance_value-conflict_orderexp_B_then_C_seed3002,B_then_C,3002,post_conflict,test-0007
b5ad1081,axis1_access_vs_provenance_value-conflict_orderexp_B_then_C_seed3002,B_then_C,3002,post_conflict,test-0008
a96f3e42,axis1_access_vs_provenance_value-conflict_orderexp_B_then_C_seed3002,B_then_C,3002,post_conflict,test-0009
dd1b6cab,axis1_access_vs_provenance_value-conflict_orderexp_B_then_C_seed3002,B_then_C,3002,post_conflict,test-0010
8b4337f1,axis1_access_vs_provenance_value-conflict_orderexp_B_then_C_seed3002,B_then_C,3002,post_conflict,test-0011
149b03f1,axis1_access_vs_provenance_value-conflict_orderexp_B_then_C_seed3002,B_then_C,3002,post_conflict,test-0012
d751b849,axis1_access_vs_provenance_value-conflict_orderexp_B_then_C_seed3002,B_then_C,3002,post_conflict,test-0013
5d9cbb3e,axis1_access_vs_provenance_value-conflict_orderexp_B_then_C_seed3002,B_then_C,3002,post_conflict,test-0014
1210f693,axis1_access_vs_provenance_value-conflict_orderexp_B_then_C_seed3002,B_then_C,3002,post_conflict,test-0015
7577861c,axis1_access_vs_provenance_value-conflict_orderexp_B_then_C_seed3002,B_then_C,3002,post_conflict,test-0016
fd87c482,axis1_access_vs_provenance_value-conflict_orderexp_B_then_C_seed3002,B_then_C,3002,post_conflict,test-0017
61a9ae8f,axis1_access_vs_provenance_value-conflict_orderexp_B_then_C_seed3002,B_then_C,3002,post_conflict,test-0018
c3c0f66f,axis1_access_vs_provenance_value-conflict_orderexp_B_then_C_seed3002,B_then_C,3002,post_conflict,test-0019
6b51dd61,axis1_access_vs_provenance_value-conflict_orderexp_B_then_C_seed3002,B_then_C,3002,post_conflict,test-0020
10eab951,axis1_access_vs_provenance_value-conflict_orderexp_B_then_C_seed3002,B_then_C,3002,post_conflict,test-0021
2e59c2db,axis1_access_vs_provenance_value-conflict_orderexp_B_then_C_seed3002,B_then_C,3002,post_conflict,test-0022
a75dc72a,axis1_access_vs_provenance_value-conflict_orderexp_B_then_C_seed3002,B_then_C,3002,post_conflict,test-0023
5cff5354,axis1_access_vs_provenance_value-conflict_orderexp_B_then_C_seed3002,B_then_C,3002,post_conflict,test-0024
48a5a74d,axis1_access_vs_provenance_value-conflict_orderexp_B_then_C_seed3002,B_then_C,3002,post_washout,test-0001
17f3427f,axis1_access_vs_provenance_value-conflict_orderexp_B_then_C_seed3002,B_then_C,3002,post_washout,test-0002
31da3086,axis1_access_vs_provenance_value-conflict_orderexp_B_then_C_seed3002,B_then_C,3002,post_washout,test-0003
70f04152,axis1_access_vs_provenance_value-conflict_orderexp_B_then_C_seed3002,B_then_C,3002,post_washout,test-0004
771217d8,axis1_access_vs_provenance_value-conflict_orderexp_B_then_C_seed3002,B_then_C,3002,post_washout,test-0005
b81b70d7,axis1_access_vs_provenance_value-conflict_orderexp_B_then_C_seed3002,B_then_C,3002,post_washout,test-0006
7e0d2a91,axis1_access_vs_provenance_value-conflict_orderexp_B_then_C_seed3002,B_then_C,3002,post_washout,test-0007
7bda3ffd,axis1_access_vs_provenance_value-conflict_orderexp_B_then_C_seed3002,B_then_C,3002,post_washout,test-0008
34c895d6,axis1_access_vs_provenance_value-conflict_orderexp_B_then_C_seed3002,B_then_C,3002,post_washout,test-0009
e5b503b4,axis1_access_vs_provenance_value-conflict_orderexp_B_then_C_seed3002,B_then_C,3002,post_washout,test-0010
d1e67148,axis1_access_vs_provenance_value-conflict_orderexp_B_then_C_seed3002,B_then_C,3002,post_washout,test-0011
add07c9f,axis1_access_vs_provenance_value-conflict_orderexp_B_then_C_seed3002,B_then_C,3002,post_washout,test-0012
f9fd7b1f,axis1_access_vs_provenance_value-conflict_orderexp_B_then_C_seed3002,B_then_C,3002,post_washout,test-0013
49e5a754,axis1_access_vs_provenance_value-conflict_orderexp_B_then_C_seed3002,B_then_C,3002,post_washout,test-0014
7dadd99d,axis1_access_vs_provenance_value-conflict_orderexp_B_then_C_seed3002,B_then_C,3002,post_washout,test-0015
7e5dc643,axis1_access_vs_provenance_value-conflict_orderexp_B_then_C_seed3002,B_then_C,3002,post_washout,test-0016
55e440c5,axis1_access_vs_provenance_value-conflict_orderexp_B_then_C_seed3002,B_then_C,3002,post_washout,test-0017
7961a16f,axis1_access_vs_provenance_value-conflict_orderexp_B_then_C_seed3002,B_then_C,3002,post_washout,test-0018
0509fda9,axis1_access_vs_provenance_value-conflict_orderexp_B_then_C_seed3002,B_then_C,3002,post_washout,test-0019
3b3ba066,axis1_access_vs_provenance_value-conflict_orderexp_B_then_C_seed3002,B_then_C,3002,post_washout,test-0020
0dc3daa2,axis1_access_vs_provenance_value-conflict_orderexp_B_then_C_seed3002,B_then_C,3002,post_washout,test-0021
20dc120d,axis1_access_vs_provenance_value-conflict_orderexp_B_then_C_seed3002,B_then_C,3002,post_washout,test-0022
8ca231d7,axis1_access_vs_provenance_value-conflict_orderexp_B_then_C_seed3002,B_then_C,3002,post_washout,test-0023
81bad10f,axis1_access_vs_provenance_value-conflict_orderexp_B_then_C_seed3002,B_then_C,3002,post_washout,test-0024
ac0117bb,axis1_access_vs_provenance_value-conflict_orderexp_A_then_C_seed3003,A_then_C,3003,post_conflict,test-0001
f1a5f9d9,axis1_access_vs_provenance_value-conflict_orderexp_A_then_C_seed3003,A_then_C,3003,post_conflict,test-0002
f4c2a4fc,axis1_access_vs_provenance_value-conflict_orderexp_A_then_C_seed3003,A_then_C,3003,post_conflict,test-0003
1af250de,axis1_access_vs_provenance_value-conflict_orderexp_A_then_C_seed3003,A_then_C,3003,post_conflict,test-0004
15c11bed,axis1_access_vs_provenance_value-conflict_orderexp_A_then_C_seed3003,A_then_C,3003,post_conflict,test-0005
e2262939,axis1_access_vs_provenance_value-conflict_orderexp_A_then_C_seed3003,A_then_C,3003,post_conflict,test-0006
1f80f703,axis1_access_vs_provenance_value-conflict_orderexp_A_then_C_seed3003,A_then_C,3003,post_conflict,test-0007
0772e8dd,axis1_access_vs_provenance_value-conflict_orderexp_A_then_C_seed3003,A_then_C,3003,post_conflict,test-0008
97d178c3,axis1_access_vs_provenance_value-conflict_orderexp_A_then_C_seed3003,A_then_C,3003,post_conflict,test-0009
b22f2f04,axis1_access_vs_provenance_value-conflict_orderexp_A_then_C_seed3003,A_then_C,3003,post_conflict,test-0010
58718793,axis1_access_vs_provenance_value-conflict_orderexp_A_then_C_seed3003,A_then_C,3003,post_conflict,test-0011
1e78cad2,axis1_access_vs_provenance_value-conflict_orderexp_A_then_C_seed3003,A_then_C,3003,post_conflict,test-0012
52c41b18,axis1_access_vs_provenance_value-conflict_orderexp_A_then_C_seed3003,A_then_C,3003,post_conflict,test-0013
ce63250c,axis1_access_vs_provenance_value-conflict_orderexp_A_then_C_seed3003,A_then_C,3003,post_conflict,test-0014
4f5b1e02,axis1_access_vs_provenance_value-conflict_orderexp_A_then_C_seed3003,A_then_C,3003,post_conflict,test-0015
aefa85ab,axis1_access_vs_provenance_value-conflict_orderexp_A_then_C_seed3003,A_then_C,3003,post_conflict,test-0016
b0c116a7,axis1_access_vs_provenance_value-conflict_orderexp_A_then_C_seed3003,A_then_C,3003,post_conflict,test-0017
27e81bea,axis1_access_vs_provenance_value-conflict_orderexp_A_then_C_seed3003,A_then_C,3003,post_conflict,test-0018
aa176849,axis1_access_vs_provenance_value-conflict_orderexp_A_then_C_seed3003,A_then_C,3003,post_conflict,test-0019
04fb6190,axis1_access_vs_provenance_value-conflict_orderexp_A_then_C_seed3003,A_then_C,3003,post_conflict,test-0020
8f971093,axis1_access_vs_provenance_value-conflict_orderexp_A_then_C_seed3003,A_then_C,3003,post_conflict,test-0021
e0185127,axis1_access_vs_provenance_value-conflict_orderexp_A_then_C_seed3003,A_then_C,3003,post_conflict,test-0022
68c39945,axis1_access_vs_provenance_value-conflict_orderexp_A_then_C_seed3003,A_then_C,3003,post_conflict,test-0023
3c807a95,axis1_access_vs_provenance_value-conflict_orderexp_A_then_C_seed3003,A_then_C,3003,post_conflict,test-0024
b6aa0b7f,axis1_access_vs_provenance_value-conflict_orderexp_A_then_C_seed3003,A_then_C,3003,post_washout,test-0001
9c5666f7,axis1_access_vs_provenance_value-conflict_orderexp_A_then_C_seed3003,A_then_C,3003,post_washout,test-0002
39d8507d,axis1_access_vs_provenance_value-conflict_orderexp_A_then_C_seed3003,A_then_C,3003,post_washout,test-0003
d180be74,axis1_access_vs_provenance_value-conflict_orderexp_A_then_C_seed3003,A_then_C,3003,post_washout,test-0004
48f5eea6,axis1_access_vs_provenance_value-conflict_orderexp_A_then_C_seed3003,A_then_C,3003,post_washout,test-0005
3aa54daf,axis1_access_vs_provenance_value-conflict_orderexp_A_then_C_seed3003,A_then_C,3003,post_washout,test-0006
e2e0bc63,axis1_access_vs_provenance_value-conflict_orderexp_A_then_C_seed3003,A_then_C,3003,post_washout,test-0007
0c878c62,axis1_access_vs_provenance_value-conflict_orderexp_A_then_C_seed3003,A_then_C,3003,post_washout,test-0008
8c1ddf32,axis1_access_vs_provenance_value-conflict_orderexp_A_then_C_seed3003,A_then_C,3003,post_washout,test-0009
b040200f,axis1_access_vs_provenance_value-conflict_orderexp_A_then_C_seed3003,A_then_C,3003,post_washout,test-0010
d514c6d4,axis1_access_vs_provenance_value-conflict_orderexp_A_then_C_seed3003,A_then_C,3003,post_washout,test-0011
1be80a2c,axis1_access_vs_provenance_value-conflict_orderexp_A_then_C_seed3003,A_then_C,3003,post_washout,test-0012
a2488b03,axis1_access_vs_provenance_value-conflict_orderexp_A_then_C_seed3003,A_then_C,3003,post_washout,test-0013
cc304b9a,axis1_access_vs_provenance_value-conflict_orderexp_A_then_C_seed3003,A_then_C,3003,post_washout,test-0014
ab2d7d70,axis1_access_vs_provenance_value-conflict_orderexp_A_then_C_seed3003,A_then_C,3003,post_washout,test-0015
125f9b32,axis1_access_vs_provenance_value-conflict_orderexp_A_then_C_seed3003,A_then_C,3003,post_washout,test-0016
7edb8fd2,axis1_access_vs_provenance_value-conflict_orderexp_A_then_C_seed3003,A_then_C,3003,post_washout,test-0017
d0c4bdb6,axis1_access_vs_provenance_value-conflict_orderexp_A_then_C_seed3003,A_then_C,3003,post_washout,test-0018
15a641e8,axis1_access_vs_provenance_value-conflict_orderexp_A_then_C_seed3003,A_then_C,3003,post_washout,test-0019
60b38699,axis1_access_vs_provenance_value-conflict_orderexp_A_then_C_seed3003,A_then_C,3003,post_washout,test-0020
7f011314,axis1_access_vs_provenance_value-conflict_orderexp_A_then_C_seed3003,A_then_C,3003,post_washout,test-0021
78afd0d6,axis1_access_vs_provenance_value-conflict_orderexp_A_then_C_seed3003,A_then_C,3003,post_washout,test-0022
4c5ec3ee,axis1_access_vs_provenance_value-conflict_orderexp_A_then_C_seed3003,A_then_C,3003,post_washout,test-0023
2e70c28a,axis1_access_vs_provenance_value-conflict_orderexp_A_then_C_seed3003,A_then_C,3003,post_washout,test-0024
6564c60e,axis1_access_vs_provenance_value-conflict_orderexp_B_then_C_seed3003,B_then_C,3003,post_conflict,test-0001
205c2a7c,axis1_access_vs_provenance_value-conflict_orderexp_B_then_C_seed3003,B_then_C,3003,post_conflict,test-0002
36baa866,axis1_access_vs_provenance_value-conflict_orderexp_B_then_C_seed3003,B_then_C,3003,post_conflict,test-0003
0882b4d2,axis1_access_vs_provenance_value-conflict_orderexp_B_then_C_seed3003,B_then_C,3003,post_conflict,test-0004
91c2e371,axis1_access_vs_provenance_value-conflict_orderexp_B_then_C_seed3003,B_then_C,3003,post_conflict,test-0005
e5b2dd53,axis1_access_vs_provenance_value-conflict_orderexp_B_then_C_seed3003,B_then_C,3003,post_conflict,test-0006
c8b544a2,axis1_access_vs_provenance_value-conflict_orderexp_B_then_C_seed3003,B_then_C,3003,post_conflict,test-0007
d2d5a847,axis1_access_vs_provenance_value-conflict_orderexp_B_then_C_seed3003,B_then_C,3003,post_conflict,test-0008
5c535d0a,axis1_access_vs_provenance_value-conflict_orderexp_B_then_C_seed3003,B_then_C,3003,post_conflict,test-0009
f6d03123,axis1_access_vs_provenance_value-conflict_orderexp_B_then_C_seed3003,B_then_C,3003,post_conflict,test-0010
6adeff10,axis1_access_vs_provenance_value-conflict_orderexp_B_then_C_seed3003,B_then_C,3003,post_conflict,test-0011
cfa58e6a,axis1_access_vs_provenance_value-conflict_orderexp_B_then_C_seed3003,B_then_C,3003,post_conflict,test-0012
27e4d624,axis1_access_vs_provenance_value-conflict_orderexp_B_then_C_seed3003,B_then_C,3003,post_conflict,test-0013
e9f50ec8,axis1_access_vs_provenance_value-conflict_orderexp_B_then_C_seed3003,B_then_C,3003,post_conflict,test-0014
fadecfb2,axis1_access_vs_provenance_value-conflict_orderexp_B_then_C_seed3003,B_then_C,3003,post_conflict,test-0015
5c298c90,axis1_access_vs_provenance_value-conflict_orderexp_B_then_C_seed3003,B_then_C,3003,post_conflict,test-0016
72f417d5,axis1_access_vs_provenance_value-conflict_orderexp_B_then_C_seed3003,B_then_C,3003,post_conflict,test-0017
d4f5da4d,axis1_access_vs_provenance_value-conflict_orderexp_B_then_C_seed3003,B_then_C,3003,post_conflict,test-0018
ba13ec94,axis1_access_vs_provenance_value-conflict_orderexp_B_then_C_seed3003,B_then_C,3003,post_conflict,test-0019
47e2debf,axis1_access_vs_provenance_value-conflict_orderexp_B_then_C_seed3003,B_then_C,3003,post_conflict,test-0020
49d58eee,axis1_access_vs_provenance_value-conflict_orderexp_B_then_C_seed3003,B_then_C,3003,post_conflict,test-0021
8582fb87,axis1_access_vs_provenance_value-conflict_orderexp_B_then_C_seed3003,B_then_C,3003,post_conflict,test-0022
6a1fbf80,axis1_access_vs_provenance_value-conflict_orderexp_B_then_C_seed3003,B_then_C,3003,post_conflict,test-0023
422dcde9,axis1_access_vs_provenance_value-conflict_orderexp_B_then_C_seed3003,B_then_C,3003,post_conflict,test-0024
fae0747e,axis1_access_vs_provenance_value-conflict_orderexp_B_then_C_seed3003,B_then_C,3003,post_washout,test-0001
fbbfb779,axis1_access_vs_provenance_value-conflict_orderexp_B_then_C_seed3003,B_then_C,3003,post_washout,test-0002
a066e6f2,axis1_access_vs_provenance_value-conflict_orderexp_B_then_C_seed3003,B_then_C,3003,post_washout,test-0003
4a67a85a,axis1_access_vs_provenance_value-conflict_orderexp_B_then_C_seed3003,B_then_C,3003,post_washout,test-0004
3e0f7b4f,axis1_access_vs_provenance_value-conflict_orderexp_B_then_C_seed3003,B_then_C,3003,post_washout,test-0005
4ffe96c0,axis1_access_vs_provenance_value-conflict_orderexp_B_then_C_seed3003,B_then_C,3003,post_washout,test-0006
9dbc7d52,axis1_access_vs_provenance_value-conflict_orderexp_B_then_C_seed3003,B_then_C,3003,post_washout,test-0007
e7b5ede8,axis1_access_vs_provenance_value-conflict_orderexp_B_then_C_seed3003,B_then_C,3003,post_washout,test-0008
0b13b6da,axis1_access_vs_provenance_value-conflict_orderexp_B_then_C_seed3003,B_then_C,3003,post_washout,test-0009
0542e20e,axis1_access_vs_provenance_value-conflict_orderexp_B_then_C_seed3003,B_then_C,3003,post_washout,test-0010
80c23132,axis1_access_vs_provenance_value-conflict_orderexp_B_then_C_seed3003,B_then_C,3003,post_washout,test-0011
0919994f,axis1_access_vs_provenance_value-conflict_orderexp_B_then_C_seed3003,B_then_C,3003,post_washout,test-0012
3a90f4c5,axis1_access_vs_provenance_value-conflict_orderexp_B_then_C_seed3003,B_then_C,3003,post_washout,test-0013
57b75e0b,axis1_access_vs_provenance_value-conflict_orderexp_B_then_C_seed3003,B_then_C,3003,post_washout,test-0014
ca8d9984,axis1_access_vs_provenance_value-conflict_orderexp_B_then_C_seed3003,B_then_C,3003,post_washout,test-0015
62a217b5,axis1_access_vs_provenance_value-conflict_orderexp_B_then_C_seed3003,B_then_C,3003,post_washout,test-0016
f0f9872a,axis1_access_vs_provenance_value-conflict_orderexp_B_then_C_seed3003,B_then_C,3003,post_washout,test-0017
c2ce6d4c,axis1_access_vs_provenance_value-conflict_orderexp_B_then_C_seed3003,B_then_C,3003,post_washout,test-0018
a8a78814,axis1_access_vs_provenance_value-conflict_orderexp_B_then_C_seed3003,B_then_C,3003,post_washout,test-0019
fb5ab43a,axis1_access_vs_provenance_value-conflict_orderexp_B_then_C_seed3003,B_then_C,3003,post_washout,test-0020
0477584c,axis1_access_vs_provenance_value-conflict_orderexp_B_then_C_seed3003,B_then_C,3003,post_washout,test-0021
7883f64a,axis1_access_vs_provenance_value-conflict_orderexp_B_then_C_seed3003,B_then_C,3003,post_washout,test-0022
14354d22,axis1_access_vs_provenance_value-conflict_orderexp_B_then_C_seed3003,B_then_C,3003,post_washout,test-0023
b44deffc,axis1_access_vs_provenance_value-conflict_orderexp_B_then_C_seed3003,B_then_C,3003,post_washout,test-0024
880f6d0e,axis1_access_vs_provenance_value-conflict_orderexp_A_then_C_seed3004,A_then_C,3004,post_conflict,test-0001
77776ac9,axis1_access_vs_provenance_value-conflict_orderexp_A_then_C_seed3004,A_then_C,3004,post_conflict,test-0002
03818dc3,axis1_access_vs_provenance_value-conflict_orderexp_A_then_C_seed3004,A_then_C,3004,post_conflict,test-0003
cf27ef16,axis1_access_vs_provenance_value-conflict_orderexp_A_then_C_seed3004,A_then_C,3004,post_conflict,test-0004
b925b30a,axis1_access_vs_provenance_value-conflict_orderexp_A_then_C_seed3004,A_then_C,3004,post_conflict,test-0005
1a79aa00,axis1_access_vs_provenance_value-conflict_orderexp_A_then_C_seed3004,A_then_C,3004,post_conflict,test-0006
3727bdaa,axis1_access_vs_provenance_value-conflict_orderexp_A_then_C_seed3004,A_then_C,3004,post_conflict,test-0007
bc3d7581,axis1_access_vs_provenance_value-conflict_orderexp_A_then_C_seed3004,A_then_C,3004,post_conflict,test-0008
2c1137d0,axis1_access_vs_provenance_value-conflict_orderexp_A_then_C_seed3004,A_then_C,3004,post_conflict,test-0009
5e882845,axis1_access_vs_provenance_value-conflict_orderexp_A_then_C_seed3004,A_then_C,3004,post_conflict,test-0010
a3048b05,axis1_access_vs_provenance_value-conflict_orderexp_A_then_C_seed3004,A_then_C,3004,post_conflict,test-0011
2343f081,axis1_access_vs_provenance_value-conflict_orderexp_A_then_C_seed3004,A_then_C,3004,post_conflict,test-0012
9f1f9644,axis1_access_vs_provenance_value-conflict_orderexp_A_then_C_seed3004,A_then_C,3004,post_conflict,test-0013
84ac98e0,axis1_access_vs_provenance_value-conflict_orderexp_A_then_C_seed3004,A_then_C,3004,post_conflict,test-0014
cb17e28d,axis1_access_vs_provenance_value-conflict_orderexp_A_then_C_seed3004,A_then_C,3004,post_conflict,test-0015
49118470,axis1_access_vs_provenance_value-conflict_orderexp_A_then_C_seed3004,A_then_C,3004,post_conflict,test-0016
515568d1,axis1_access_vs_provenance_value-conflict_orderexp_A_then_C_seed3004,A_then_C,3004,post_conflict,test-0017
a4d49f3f,axis1_access_vs_provenance_value-conflict_orderexp_A_then_C_seed3004,A_then_C,3004,post_conflict,test-0018
720d2553,axis1_access_vs_provenance_value-conflict_orderexp_A_then_C_seed3004,A_then_C,3004,post_conflict,test-0019
72ddf327,axis1_access_vs_provenance_value-conflict_orderexp_A_then_C_seed3004,A_then_C,3004,post_conflict,test-0020
479d4db2,axis1_access_vs_provenance_value-conflict_orderexp_A_then_C_seed3004,A_then_C,3004,post_conflict,test-0021
81c6f62b,axis1_access_vs_provenance_value-conflict_orderexp_A_then_C_seed3004,A_then_C,3004,post_conflict,test-0022
ea759686,axis1_access_vs_provenance_value-conflict_orderexp_A_then_C_seed3004,A_then_C,3004,post_conflict,test-0023
76fc8f9a,axis1_access_vs_provenance_value-conflict_orderexp_A_then_C_seed3004,A_then_C,3004,post_conflict,test-0024
d6a9f3ab,axis1_access_vs_provenance_value-conflict_orderexp_A_then_C_seed3004,A_then_C,3004,post_washout,test-0001
277a6770,axis1_access_vs_provenance_value-conflict_orderexp_A_then_C_seed3004,A_then_C,3004,post_washout,test-0002
289435c4,axis1_access_vs_provenance_value-conflict_orderexp_A_then_C_seed3004,A_then_C,3004,post_washout,test-0003
a8cb58de,axis1_access_vs_provenance_value-conflict_orderexp_A_then_C_seed3004,A_then_C,3004,post_washout,test-0004
51f7e6bc,axis1_access_vs_provenance_value-conflict_orderexp_A_then_C_seed3004,A_then_C,3004,post_washout,test-0005
391a8eca,axis1_access_vs_provenance_value-conflict_orderexp_A_then_C_seed3004,A_then_C,3004,post_washout,test-0006
14c69f50,axis1_access_vs_provenance_value-conflict_orderexp_A_then_C_seed3004,A_then_C,3004,post_washout,test-0007
88595cba,axis1_access_vs_provenance_value-conflict_orderexp_A_then_C_seed3004,A_then_C,3004,post_washout,test-0008
2b791a6e,axis1_access_vs_provenance_value-conflict_orderexp_A_then_C_seed3004,A_then_C,3004,post_washout,test-0009
209de8f3,axis1_access_vs_provenance_value-conflict_orderexp_A_then_C_seed3004,A_then_C,3004,post_washout,test-0010
da587d19,axis1_access_vs_provenance_value-conflict_orderexp_A_then_C_seed3004,A_then_C,3004,post_washout,test-0011
30e293e6,axis1_access_vs_provenance_value-conflict_orderexp_A_then_C_seed3004,A_then_C,3004,post_washout,test-0012
61305edd,axis1_access_vs_provenance_value-conflict_orderexp_A_then_C_seed3004,A_then_C,3004,post_washout,test-0013
3980851a,axis1_access_vs_provenance_value-conflict_orderexp_A_then_C_seed3004,A_then_C,3004,post_washout,test-0014
c4e6b0a1,axis1_access_vs_provenance_value-conflict_orderexp_A_then_C_seed3004,A_then_C,3004,post_washout,test-0015
e63bbf4a,axis1_access_vs_provenance_value-conflict_orderexp_A_then_C_seed3004,A_then_C,3004,post_washout,test-0016
929dd50a,axis1_access_vs_provenance_value-conflict_orderexp_A_then_C_seed3004,A_then_C,3004,post_washout,test-0017
f897a98c,axis1_access_vs_provenance_value-conflict_orderexp_A_then_C_seed3004,A_then_C,3004,post_washout,test-0018
a1ce149e,axis1_access_vs_provenance_value-conflict_orderexp_A_then_C_seed3004,A_then_C,3004,post_washout,test-0019
03035c17,axis1_access_vs_provenance_value-conflict_orderexp_A_then_C_seed3004,A_then_C,3004,post_washout,test-0020
7fe2d60c,axis1_access_vs_provenance_value-conflict_orderexp_A_then_C_seed3004,A_then_C,3004,post_washout,test-0021
c94bf8d3,axis1_access_vs_provenance_value-conflict_orderexp_A_then_C_seed3004,A_then_C,3004,post_washout,test-0022
5d2be395,axis1_access_vs_provenance_value-conflict_orderexp_A_then_C_seed3004,A_then_C,3004,post_washout,test-0023
409c2205,axis1_access_vs_provenance_value-conflict_orderexp_A_then_C_seed3004,A_then_C,3004,post_washout,test-0024
f0fac71c,axis1_access_vs_provenance_value-conflict_orderexp_B_then_C_seed3004,B_then_C,3004,post_conflict,test-0001
352700e6,axis1_access_vs_provenance_value-conflict_orderexp_B_then_C_seed3004,B_then_C,3004,post_conflict,test-0002
b0c03815,axis1_access_vs_provenance_value-conflict_orderexp_B_then_C_seed3004,B_then_C,3004,post_conflict,test-0003
b41494e8,axis1_access_vs_provenance_value-conflict_orderexp_B_then_C_seed3004,B_then_C,3004,post_conflict,test-0004
f6b9b9e4,axis1_access_vs_provenance_value-conflict_orderexp_B_then_C_seed3004,B_then_C,3004,post_conflict,test-0005
713dcea9,axis1_access_vs_provenance_value-conflict_orderexp_B_then_C_seed3004,B_then_C,3004,post_conflict,test-0006
9d76cafc,axis1_access_vs_provenance_value-conflict_orderexp_B_then_C_seed3004,B_then_C,3004,post_conflict,test-0007
f5ec0548,axis1_access_vs_provenance_value-conflict_orderexp_B_then_C_seed3004,B_then_C,3004,post_conflict,test-0008
c54e52d1,axis1_access_vs_provenance_value-conflict_orderexp_B_then_C_seed3004,B_then_C,3004,post_conflict,test-0009
c6514e8f,axis1_access_vs_provenance_value-conflict_orderexp_B_then_C_seed3004,B_then_C,3004,post_conflict,test-0010
f8fcb028,axis1_access_vs_provenance_value-conflict_orderexp_B_then_C_seed3004,B_then_C,3004,post_conflict,test-0011
ff35ce65,axis1_access_vs_provenance_value-conflict_orderexp_B_then_C_seed3004,B_then_C,3004,post_conflict,test-0012
96c65d02,axis1_access_vs_provenance_value-conflict_orderexp_B_then_C_seed3004,B_then_C,3004,post_conflict,test-0013
0acadb4d,axis1_access_vs_provenance_value-conflict_orderexp_B_then_C_seed3004,B_then_C,3004,post_conflict,test-0014
a4c6291b,axis1_access_vs_provenance_value-conflict_orderexp_B_then_C_seed3004,B_then_C,3004,post_conflict,test-0015
e869b548,axis1_access_vs_provenance_value-conflict_orderexp_B_then_C_seed3004,B_then_C,3004,post_conflict,test-0016
a7fd941a,axis1_access_vs_provenance_value-conflict_orderexp_B_then_C_seed3004,B_then_C,3004,post_conflict,test-0017
53764f22,axis1_access_vs_provenance_value-conflict_orderexp_B_then_C_seed3004,B_then_C,3004,post_conflict,test-0018
27e42b8c,axis1_access_vs_provenance_value-conflict_orderexp_B_then_C_seed3004,B_then_C,3004,post_conflict,test-0019
a374afbf,axis1_access_vs_provenance_value-conflict_orderexp_B_then_C_seed3004,B_then_C,3004,post_conflict,test-0020
924157ae,axis1_access_vs_provenance_value-conflict_orderexp_B_then_C_seed3004,B_then_C,3004,post_conflict,test-0021
2dba69c6,axis1_access_vs_provenance_value-conflict_orderexp_B_then_C_seed3004,B_then_C,3004,post_conflict,test-0022
46dc53ec,axis1_access_vs_provenance_value-conflict_orderexp_B_then_C_seed3004,B_then_C,3004,post_conflict,test-0023
1ea94bc7,axis1_access_vs_provenance_value-conflict_orderexp_B_then_C_seed3004,B_then_C,3004,post_conflict,test-0024
e679dbeb,axis1_access_vs_provenance_value-conflict_orderexp_B_then_C_seed3004,B_then_C,3004,post_washout,test-0001
5fe8304a,axis1_access_vs_provenance_value-conflict_orderexp_B_then_C_seed3004,B_then_C,3004,post_washout,test-0002
cb9eaef1,axis1_access_vs_provenance_value-conflict_orderexp_B_then_C_seed3004,B_then_C,3004,post_washout,test-0003
05299cf8,axis1_access_vs_provenance_value-conflict_orderexp_B_then_C_seed3004,B_then_C,3004,post_washout,test-0004
34a73b2f,axis1_access_vs_provenance_value-conflict_orderexp_B_then_C_seed3004,B_then_C,3004,post_washout,test-0005
e250cd00,axis1_access_vs_provenance_value-conflict_orderexp_B_then_C_seed3004,B_then_C,3004,post_washout,test-0006
d9333781,axis1_access_vs_provenance_value-conflict_orderexp_B_then_C_seed3004,B_then_C,3004,post_washout,test-0007
4ecc8c3b,axis1_access_vs_provenance_value-conflict_orderexp_B_then_C_seed3004,B_then_C,3004,post_washout,test-0008
51c158c5,axis1_access_vs_provenance_value-conflict_orderexp_B_then_C_seed3004,B_then_C,3004,post_washout,test-0009
559d630b,axis1_access_vs_provenance_value-conflict_orderexp_B_then_C_seed3004,B_then_C,3004,post_washout,test-0010
01f39901,axis1_access_vs_provenance_value-conflict_orderexp_B_then_C_seed3004,B_then_C,3004,post_washout,test-0011
6df8ad9b,axis1_access_vs_provenance_value-conflict_orderexp_B_then_C_seed3004,B_then_C,3004,post_washout,test-0012
124e1519,axis1_access_vs_provenance_value-conflict_orderexp_B_then_C_seed3004,B_then_C,3004,post_washout,test-0013
a6e1f825,axis1_access_vs_provenance_value-conflict_orderexp_B_then_C_seed3004,B_then_C,3004,post_washout,test-0014
ff8c25b2,axis1_access_vs_provenance_value-conflict_orderexp_B_then_C_seed3004,B_then_C,3004,post_washout,test-0015
8564b5a7,axis1_access_vs_provenance_value-conflict_orderexp_B_then_C_seed3004,B_then_C,3004,post_washout,test-0016
50a0fc0a,axis1_access_vs_provenance_value-conflict_orderexp_B_then_C_seed3004,B_then_C,3004,post_washout,test-0017
3d548a82,axis1_access_vs_provenance_value-conflict_orderexp_B_then_C_seed3004,B_then_C,3004,post_washout,test-0018
d162b499,axis1_access_vs_provenance_value-conflict_orderexp_B_then_C_seed3004,B_then_C,3004,post_washout,test-0019
ce8e7a39,axis1_access_vs_provenance_value-conflict_orderexp_B_then_C_seed3004,B_then_C,3004,post_washout,test-0020
272f3af1,axis1_access_vs_provenance_value-conflict_orderexp_B_then_C_seed3004,B_then_C,3004,post_washout,test-0021
2cd06552,axis1_access_vs_provenance_value-conflict_orderexp_B_then_C_seed3004,B_then_C,3004,post_washout,test-0022
799a51d4,axis1_access_vs_provenance_value-conflict_orderexp_B_then_C_seed3004,B_then_C,3004,post_washout,test-0023
47241876,axis1_access_vs_provenance_value-conflict_orderexp_B_then_C_seed3004,B_then_C,3004,post_washout,test-0024
1654cae0,axis1_access_vs_provenance_value-conflict_orderexp_A_then_C_seed3005,A_then_C,3005,post_conflict,test-0001
e18c9732,axis1_access_vs_provenance_value-conflict_orderexp_A_then_C_seed3005,A_then_C,3005,post_conflict,test-0002
0ef5b1a6,axis1_access_vs_provenance_value-conflict_orderexp_A_then_C_seed3005,A_then_C,3005,post_conflict,test-0003
89c81155,axis1_access_vs_provenance_value-conflict_orderexp_A_then_C_seed3005,A_then_C,3005,post_conflict,test-0004
d922a613,axis1_access_vs_provenance_value-conflict_orderexp_A_then_C_seed3005,A_then_C,3005,post_conflict,test-0005
fa5d4754,axis1_access_vs_provenance_value-conflict_orderexp_A_then_C_seed3005,A_then_C,3005,post_conflict,test-0006
d7fcd7d2,axis1_access_vs_provenance_value-conflict_orderexp_A_then_C_seed3005,A_then_C,3005,post_conflict,test-0007
9ca8843f,axis1_access_vs_provenance_value-conflict_orderexp_A_then_C_seed3005,A_then_C,3005,post_conflict,test-0008
917f7f7d,axis1_access_vs_provenance_value-conflict_orderexp_A_then_C_seed3005,A_then_C,3005,post_conflict,test-0009
fcbf4ec8,axis1_access_vs_provenance_value-conflict_orderexp_A_then_C_seed3005,A_then_C,3005,post_conflict,test-0010
3e3a5f2b,axis1_access_vs_provenance_value-conflict_orderexp_A_then_C_seed3005,A_then_C,3005,post_conflict,test-0011
9883acd3,axis1_access_vs_provenance_value-conflict_orderexp_A_then_C_seed3005,A_then_C,3005,post_conflict,test-0012
72c6d463,axis1_access_vs_provenance_value-conflict_orderexp_A_then_C_seed3005,A_then_C,3005,post_conflict,test-0013
05b337af,axis1_access_vs_provenance_value-conflict_orderexp_A_then_C_seed3005,A_then_C,3005,post_conflict,test-0014
1e52bb5d,axis1_access_vs_provenance_value-conflict_orderexp_A_then_C_seed3005,A_then_C,3005,post_conflict,test-0015
ec33e2a6,axis1_access_vs_provenance_value-conflict_orderexp_A_then_C_seed3005,A_then_C,3005,post_conflict,test-0016
87bfb075,axis1_access_vs_provenance_value-conflict_orderexp_A_then_C_seed3005,A_then_C,3005,post_conflict,test-0017
376749b5,axis1_access_vs_provenance_value-conflict_orderexp_A_then_C_seed3005,A_then_C,3005,post_conflict,test-0018
1704b4b4,axis1_access_vs_provenance_value-conflict_orderexp_A_then_C_seed3005,A_then_C,3005,post_conflict,test-0019
8038f81d,axis1_access_vs_provenance_value-conflict_orderexp_A_then_C_seed3005,A_then_C,3005,post_conflict,test-0020
d484b9d7,axis1_access_vs_provenance_value-conflict_orderexp_A_then_C_seed3005,A_then_C,3005,post_conflict,test-0021
09129a17,axis1_access_vs_provenance_value-conflict_orderexp_A_then_C_seed3005,A_then_C,3005,post_conflict,test-0022
462c45cb,axis1_access_vs_provenance_value-conflict_orderexp_A_then_C_seed3005,A_then_C,3005,post_conflict,test-0023
6ca25a86,axis1_access_vs_provenance_value-conflict_orderexp_A_then_C_seed3005,A_then_C,3005,post_conflict,test-0024
80250c1c,axis1_access_vs_provenance_value-conflict_orderexp_A_then_C_seed3005,A_then_C,3005,post_washout,test-0001
92b3e941,axis1_access_vs_provenance_value-conflict_orderexp_A_then_C_seed3005,A_then_C,3005,post_washout,test-0002
c0e7a12d,axis1_access_vs_provenance_value-conflict_orderexp_A_then_C_seed3005,A_then_C,3005,post_washout,test-0003
d1128992,axis1_access_vs_provenance_value-conflict_orderexp_A_then_C_seed3005,A_then_C,3005,post_washout,test-0004
59c2de55,axis1_access_vs_provenance_value-conflict_orderexp_A_then_C_seed3005,A_then_C,3005,post_washout,test-0005
09eb01fc,axis1_access_vs_provenance_value-conflict_orderexp_A_then_C_seed3005,A_then_C,3005,post_washout,test-0006
694aa127,axis1_access_vs_provenance_value-conflict_orderexp_A_then_C_seed3005,A_then_C,3005,post_washout,test-0007
26ccc9ac,axis1_access_vs_provenance_value-conflict_orderexp_A_then_C_seed3005,A_then_C,3005,post_washout,test-0008
d518463e,axis1_access_vs_provenance_value-conflict_orderexp_A_then_C_seed3005,A_then_C,3005,post_washout,test-0009
a71ab764,axis1_access_vs_provenance_value-conflict_orderexp_A_then_C_seed3005,A_then_C,3005,post_washout,test-0010
b36c106c,axis1_access_vs_provenance_value-conflict_orderexp_A_then_C_seed3005,A_then_C,3005,post_washout,test-0011
55bf9b60,axis1_access_vs_provenance_value-conflict_orderexp_A_then_C_seed3005,A_then_C,3005,post_washout,test-0012
4965df2c,axis1_access_vs_provenance_value-conflict_orderexp_A_then_C_seed3005,A_then_C,3005,post_washout,test-0013
128a08ea,axis1_access_vs_provenance_value-conflict_orderexp_A_then_C_seed3005,A_then_C,3005,post_washout,test-0014
71b3aea5,axis1_access_vs_provenance_value-conflict_orderexp_A_then_C_seed3005,A_then_C,3005,post_washout,test-0015
65358469,axis1_access_vs_provenance_value-conflict_orderexp_A_then_C_seed3005,A_then_C,3005,post_washout,test-0016
3e25eef7,axis1_access_vs_provenance_value-conflict_orderexp_A_then_C_seed3005,A_then_C,3005,post_washout,test-0017
74baa268,axis1_access_vs_provenance_value-conflict_orderexp_A_then_C_seed3005,A_then_C,3005,post_washout,test-0018
be1598fe,axis1_access_vs_provenance_value-conflict_orderexp_A_then_C_seed3005,A_then_C,3005,post_washout,test-0019
d243e741,axis1_access_vs_provenance_value-conflict_orderexp_A_then_C_seed3005,A_then_C,3005,post_washout,test-0020
d4d24eb1,axis1_access_vs_provenance_value-conflict_orderexp_A_then_C_seed3005,A_then_C,3005,post_washout,test-0021
7da34c9f,axis1_access_vs_provenance_value-conflict_orderexp_A_then_C_seed3005,A_then_C,3005,post_washout,test-0022
e786021e,axis1_access_vs_provenance_value-conflict_orderexp_A_then_C_seed3005,A_then_C,3005,post_washout,test-0023
288469f0,axis1_access_vs_provenance_value-conflict_orderexp_A_then_C_seed3005,A_then_C,3005,post_washout,test-0024
f96a1a37,axis1_access_vs_provenance_value-conflict_orderexp_B_then_C_seed3005,B_then_C,3005,post_conflict,test-0001
c4360d90,axis1_access_vs_provenance_value-conflict_orderexp_B_then_C_seed3005,B_then_C,3005,post_conflict,test-0002
4993441e,axis1_access_vs_provenance_value-conflict_orderexp_B_then_C_seed3005,B_then_C,3005,post_conflict,test-0003
53dfb63f,axis1_access_vs_provenance_value-conflict_orderexp_B_then_C_seed3005,B_then_C,3005,post_conflict,test-0004
41d0e908,axis1_access_vs_provenance_value-conflict_orderexp_B_then_C_seed3005,B_then_C,3005,post_conflict,test-0005
c473015d,axis1_access_vs_provenance_value-conflict_orderexp_B_then_C_seed3005,B_then_C,3005,post_conflict,test-0006
18d44da0,axis1_access_vs_provenance_value-conflict_orderexp_B_then_C_seed3005,B_then_C,3005,post_conflict,test-0007
d0993b9a,axis1_access_vs_provenance_value-conflict_orderexp_B_then_C_seed3005,B_then_C,3005,post_conflict,test-0008
3d357431,axis1_access_vs_provenance_value-conflict_orderexp_B_then_C_seed3005,B_then_C,3005,post_conflict,test-0009
8b22ebff,axis1_access_vs_provenance_value-conflict_orderexp_B_then_C_seed3005,B_then_C,3005,post_conflict,test-0010
2e05bd6b,axis1_access_vs_provenance_value-conflict_orderexp_B_then_C_seed3005,B_then_C,3005,post_conflict,test-0011
ba8a8643,axis1_access_vs_provenance_value-conflict_orderexp_B_then_C_seed3005,B_then_C,3005,post_conflict,test-0012
4aa21e6f,axis1_access_vs_provenance_value-conflict_orderexp_B_then_C_seed3005,B_then_C,3005,post_conflict,test-0013
ecdf15b1,axis1_access_vs_provenance_value-conflict_orderexp_B_then_C_seed3005,B_then_C,3005,post_conflict,test-0014
37361c3c,axis1_access_vs_provenance_value-conflict_orderexp_B_then_C_seed3005,B_then_C,3005,post_conflict,test-0015
a74ceb0e,axis1_access_vs_provenance_value-conflict_orderexp_B_then_C_seed3005,B_then_C,3005,post_conflict,test-0016
419dd19a,axis1_access_vs_provenance_value-conflict_orderexp_B_then_C_seed3005,B_then_C,3005,post_conflict,test-0017
cf66528d,axis1_access_vs_provenance_value-conflict_orderexp_B_then_C_seed3005,B_then_C,3005,post_conflict,test-0018
f814a0ff,axis1_access_vs_provenance_value-conflict_orderexp_B_then_C_seed3005,B_then_C,3005,post_conflict,test-0019
0cf59cff,axis1_access_vs_provenance_value-conflict_orderexp_B_then_C_seed3005,B_then_C,3005,post_conflict,test-0020
b78dab1d,axis1_access_vs_provenance_value-conflict_orderexp_B_then_C_seed3005,B_then_C,3005,post_conflict,test-0021
b95e6f11,axis1_access_vs_provenance_value-conflict_orderexp_B_then_C_seed3005,B_then_C,3005,post_conflict,test-0022
887a4deb,axis1_access_vs_provenance_value-conflict_orderexp_B_then_C_seed3005,B_then_C,3005,post_conflict,test-0023
b578d5a2,axis1_access_vs_provenance_value-conflict_orderexp_B_then_C_seed3005,B_then_C,3005,post_conflict,test-0024
07eba4dd,axis1_access_vs_provenance_value-conflict_orderexp_B_then_C_seed3005,B_then_C,3005,post_washout,test-0001
f9896213,axis1_access_vs_provenance_value-conflict_orderexp_B_then_C_seed3005,B_then_C,3005,post_washout,test-0002
acbbd208,axis1_access_vs_provenance_value-conflict_orderexp_B_then_C_seed3005,B_then_C,3005,post_washout,test-0003
a2ce7a52,axis1_access_vs_provenance_value-conflict_orderexp_B_then_C_seed3005,B_then_C,3005,post_washout,test-0004
b9db14e7,axis1_access_vs_provenance_value-conflict_orderexp_B_then_C_seed3005,B_then_C,3005,post_washout,test-0005
a4d81633,axis1_access_vs_provenance_value-conflict_orderexp_B_then_C_seed3005,B_then_C,3005,post_washout,test-0006
d2a81f7e,axis1_access_vs_provenance_value-conflict_orderexp_B_then_C_seed3005,B_then_C,3005,post_washout,test-0007
bdeae943,axis1_access_vs_provenance_value-conflict_orderexp_B_then_C_seed3005,B_then_C,3005,post_washout,test-0008
012506c7,axis1_access_vs_provenance_value-conflict_orderexp_B_then_C_seed3005,B_then_C,3005,post_washout,test-0009
7aea27a6,axis1_access_vs_provenance_value-conflict_orderexp_B_then_C_seed3005,B_then_C,3005,post_washout,test-0010
54a2d06d,axis1_access_vs_provenance_value-conflict_orderexp_B_then_C_seed3005,B_then_C,3005,post_washout,test-0011
151762e7,axis1_access_vs_provenance_value-conflict_orderexp_B_then_C_seed3005,B_then_C,3005,post_washout,test-0012
8b3d7326,axis1_access_vs_provenance_value-conflict_orderexp_B_then_C_seed3005,B_then_C,3005,post_washout,test-0013
2d6e57a2,axis1_access_vs_provenance_value-conflict_orderexp_B_then_C_seed3005,B_then_C,3005,post_washout,test-0014
80adad37,axis1_access_vs_provenance_value-conflict_orderexp_B_then_C_seed3005,B_then_C,3005,post_washout,test-0015
ab295c57,axis1_access_vs_provenance_value-conflict_orderexp_B_then_C_seed3005,B_then_C,3005,post_washout,test-0016
95ac33b4,axis1_access_vs_provenance_value-conflict_orderexp_B_then_C_seed3005,B_then_C,3005,post_washout,test-0017
9f47787b,axis1_access_vs_provenance_value-conflict_orderexp_B_then_C_seed3005,B_then_C,3005,post_washout,test-0018
4d9c12aa,axis1_access_vs_provenance_value-conflict_orderexp_B_then_C_seed3005,B_then_C,3005,post_washout,test-0019
448e3512,axis1_access_vs_provenance_value-conflict_orderexp_B_then_C_seed3005,B_then_C,3005,post_washout,test-0020
a4965cf4,axis1_access_vs_provenance_value-conflict_orderexp_B_then_C_seed3005,B_then_C,3005,post_washout,test-0021
a649887f,axis1_access_vs_provenance_value-conflict_orderexp_B_then_C_seed3005,B_then_C,3005,post_washout,test-0022
6e25ea50,axis1_access_vs_provenance_value-conflict_orderexp_B_then_C_seed3005,B_then_C,3005,post_washout,test-0023
356cad2f,axis1_access_vs_provenance_value-conflict_orderexp_B_then_C_seed3005,B_then_C,3005,post_washout,test-0024
a00094af,axis1_access_vs_provenance_value-conflict_orderexp_A_then_C_seed3006,A_then_C,3006,post_conflict,test-0001
cfd9e0fe,axis1_access_vs_provenance_value-conflict_orderexp_A_then_C_seed3006,A_then_C,3006,post_conflict,test-0002
7d8f9416,axis1_access_vs_provenance_value-conflict_orderexp_A_then_C_seed3006,A_then_C,3006,post_conflict,test-0003
2905a377,axis1_access_vs_provenance_value-conflict_orderexp_A_then_C_seed3006,A_then_C,3006,post_conflict,test-0004
0835da37,axis1_access_vs_provenance_value-conflict_orderexp_A_then_C_seed3006,A_then_C,3006,post_conflict,test-0005
85eaed28,axis1_access_vs_provenance_value-conflict_orderexp_A_then_C_seed3006,A_then_C,3006,post_conflict,test-0006
c28b76b0,axis1_access_vs_provenance_value-conflict_orderexp_A_then_C_seed3006,A_then_C,3006,post_conflict,test-0007
deb92646,axis1_access_vs_provenance_value-conflict_orderexp_A_then_C_seed3006,A_then_C,3006,post_conflict,test-0008
66e37751,axis1_access_vs_provenance_value-conflict_orderexp_A_then_C_seed3006,A_then_C,3006,post_conflict,test-0009
51cbd74a,axis1_access_vs_provenance_value-conflict_orderexp_A_then_C_seed3006,A_then_C,3006,post_conflict,test-0010
192c3e4e,axis1_access_vs_provenance_value-conflict_orderexp_A_then_C_seed3006,A_then_C,3006,post_conflict,test-0011
f221170d,axis1_access_vs_provenance_value-conflict_orderexp_A_then_C_seed3006,A_then_C,3006,post_conflict,test-0012
e7e20168,axis1_access_vs_provenance_value-conflict_orderexp_A_then_C_seed3006,A_then_C,3006,post_conflict,test-0013
3305b633,axis1_access_vs_provenance_value-conflict_orderexp_A_then_C_seed3006,A_then_C,3006,post_conflict,test-0014
11f006e0,axis1_access_vs_provenance_value-conflict_orderexp_A_then_C_seed3006,A_then_C,3006,post_conflict,test-0015
3c0c6630,axis1_access_vs_provenance_value-conflict_orderexp_A_then_C_seed3006,A_then_C,3006,post_conflict,test-0016
a26ddc26,axis1_access_vs_provenance_value-conflict_orderexp_A_then_C_seed3006,A_then_C,3006,post_conflict,test-0017
3c9b7a9d,axis1_access_vs_provenance_value-conflict_orderexp_A_then_C_seed3006,A_then_C,3006,post_conflict,test-0018
c3e7b3cb,axis1_access_vs_provenance_value-conflict_orderexp_A_then_C_seed3006,A_then_C,3006,post_conflict,test-0019
4f5e112d,axis1_access_vs_provenance_value-conflict_orderexp_A_then_C_seed3006,A_then_C,3006,post_conflict,test-0020
bc189f5e,axis1_access_vs_provenance_value-conflict_orderexp_A_then_C_seed3006,A_then_C,3006,post_conflict,test-0021
072a4c58,axis1_access_vs_provenance_value-conflict_orderexp_A_then_C_seed3006,A_then_C,3006,post_conflict,test-0022
121967ae,axis1_access_vs_provenance_value-conflict_orderexp_A_then_C_seed3006,A_then_C,3006,post_conflict,test-0023
cc4581c2,axis1_access_vs_provenance_value-conflict_orderexp_A_then_C_seed3006,A_then_C,3006,post_conflict,test-0024
8ed57fb8,axis1_access_vs_provenance_value-conflict_orderexp_A_then_C_seed3006,A_then_C,3006,post_washout,test-0001
887ecf55,axis1_access_vs_provenance_value-conflict_orderexp_A_then_C_seed3006,A_then_C,3006,post_washout,test-0002
62b0b4c0,axis1_access_vs_provenance_value-conflict_orderexp_A_then_C_seed3006,A_then_C,3006,post_washout,test-0003
4900a6a2,axis1_access_vs_provenance_value-conflict_orderexp_A_then_C_seed3006,A_then_C,3006,post_washout,test-0004
22b66c4d,axis1_access_vs_provenance_value-conflict_orderexp_A_then_C_seed3006,A_then_C,3006,post_washout,test-0005
37c96d7d,axis1_access_vs_provenance_value-conflict_orderexp_A_then_C_seed3006,A_then_C,3006,post_washout,test-0006
19bf4ebf,axis1_access_vs_provenance_value-conflict_orderexp_A_then_C_seed3006,A_then_C,3006,post_washout,test-0007
2d5405bc,axis1_access_vs_provenance_value-conflict_orderexp_A_then_C_seed3006,A_then_C,3006,post_washout,test-0008
5cb5bf9d,axis1_access_vs_provenance_value-conflict_orderexp_A_then_C_seed3006,A_then_C,3006,post_washout,test-0009
a1391b78,axis1_access_vs_provenance_value-conflict_orderexp_A_then_C_seed3006,A_then_C,3006,post_washout,test-0010
89b24a85,axis1_access_vs_provenance_value-conflict_orderexp_A_then_C_seed3006,A_then_C,3006,post_washout,test-0011
90d6ee96,axis1_access_vs_provenance_value-conflict_orderexp_A_then_C_seed3006,A_then_C,3006,post_washout,test-0012
bec39191,axis1_access_vs_provenance_value-conflict_orderexp_A_then_C_seed3006,A_then_C,3006,post_washout,test-0013
398a639c,axis1_access_vs_provenance_value-conflict_orderexp_A_then_C_seed3006,A_then_C,3006,post_washout,test-0014
b4499214,axis1_access_vs_provenance_value-conflict_orderexp_A_then_C_seed3006,A_then_C,3006,post_washout,test-0015
8c5b1d3d,axis1_access_vs_provenance_value-conflict_orderexp_A_then_C_seed3006,A_then_C,3006,post_washout,test-0016
56c2742f,axis1_access_vs_provenance_value-conflict_orderexp_A_then_C_seed3006,A_then_C,3006,post_washout,test-0017
73f68309,axis1_access_vs_provenance_value-conflict_orderexp_A_then_C_seed3006,A_then_C,3006,post_washout,test-0018
22580e28,axis1_access_vs_provenance_value-conflict_orderexp_A_then_C_seed3006,A_then_C,3006,post_washout,test-0019
e07e332a,axis1_access_vs_provenance_value-conflict_orderexp_A_then_C_seed3006,A_then_C,3006,post_washout,test-0020
e5359f94,axis1_access_vs_provenance_value-conflict_orderexp_A_then_C_seed3006,A_then_C,3006,post_washout,test-0021
aba8fad1,axis1_access_vs_provenance_value-conflict_orderexp_A_then_C_seed3006,A_then_C,3006,post_washout,test-0022
b04d3314,axis1_access_vs_provenance_value-conflict_orderexp_A_then_C_seed3006,A_then_C,3006,post_washout,test-0023
8b9a27a5,axis1_access_vs_provenance_value-conflict_orderexp_A_then_C_seed3006,A_then_C,3006,post_washout,test-0024
2ae0e582,axis1_access_vs_provenance_value-conflict_orderexp_B_then_C_seed3006,B_then_C,3006,post_conflict,test-0001
9b14580f,axis1_access_vs_provenance_value-conflict_orderexp_B_then_C_seed3006,B_then_C,3006,post_conflict,test-0002
5f2d22ba,axis1_access_vs_provenance_value-conflict_orderexp_B_then_C_seed3006,B_then_C,3006,post_conflict,test-0003
c4aa681a,axis1_access_vs_provenance_value-conflict_orderexp_B_then_C_seed3006,B_then_C,3006,post_conflict,test-0004
fde43e88,axis1_access_vs_provenance_value-conflict_orderexp_B_then_C_seed3006,B_then_C,3006,post_conflict,test-0005
1128c34b,axis1_access_vs_provenance_value-conflict_orderexp_B_then_C_seed3006,B_then_C,3006,post_conflict,test-0006
28227d8e,axis1_access_vs_provenance_value-conflict_orderexp_B_then_C_seed3006,B_then_C,3006,post_conflict,test-0007
27c4d49e,axis1_access_vs_provenance_value-conflict_orderexp_B_then_C_seed3006,B_then_C,3006,post_conflict,test-0008
10250ed8,axis1_access_vs_provenance_value-conflict_orderexp_B_then_C_seed3006,B_then_C,3006,post_conflict,test-0009
045aabd0,axis1_access_vs_provenance_value-conflict_orderexp_B_then_C_seed3006,B_then_C,3006,post_conflict,test-0010
d760e82e,axis1_access_vs_provenance_value-conflict_orderexp_B_then_C_seed3006,B_then_C,3006,post_conflict,test-0011
88ba78ae,axis1_access_vs_provenance_value-conflict_orderexp_B_then_C_seed3006,B_then_C,3006,post_conflict,test-0012
7c7403aa,axis1_access_vs_provenance_value-conflict_orderexp_B_then_C_seed3006,B_then_C,3006,post_conflict,test-0013
3ca0f90f,axis1_access_vs_provenance_value-conflict_orderexp_B_then_C_seed3006,B_then_C,3006,post_conflict,test-0014
df66a6cb,axis1_access_vs_provenance_value-conflict_orderexp_B_then_C_seed3006,B_then_C,3006,post_conflict,test-0015
e7a48a08,axis1_access_vs_provenance_value-conflict_orderexp_B_then_C_seed3006,B_then_C,3006,post_conflict,test-0016
e4d0cc14,axis1_access_vs_provenance_value-conflict_orderexp_B_then_C_seed3006,B_then_C,3006,post_conflict,test-0017
6591048f,axis1_access_vs_provenance_value-conflict_orderexp_B_then_C_seed3006,B_then_C,3006,post_conflict,test-0018
f0265d6b,axis1_access_vs_provenance_value-conflict_orderexp_B_then_C_seed3006,B_then_C,3006,post_conflict,test-0019
7d4e6fd3,axis1_access_vs_provenance_value-conflict_orderexp_B_then_C_seed3006,B_then_C,3006,post_conflict,test-0020
236f2acf,axis1_access_vs_provenance_value-conflict_orderexp_B_then_C_seed3006,B_then_C,3006,post_conflict,test-0021
a2acee2f,axis1_access_vs_provenance_value-conflict_orderexp_B_then_C_seed3006,B_then_C,3006,post_conflict,test-0022
eda59c3a,axis1_access_vs_provenance_value-conflict_orderexp_B_then_C_seed3006,B_then_C,3006,post_conflict,test-0023
f9bd23f4,axis1_access_vs_provenance_value-conflict_orderexp_B_then_C_seed3006,B_then_C,3006,post_conflict,test-0024
71e07fc5,axis1_access_vs_provenance_value-conflict_orderexp_B_then_C_seed3006,B_then_C,3006,post_washout,test-0001
345c3a5c,axis1_access_vs_provenance_value-conflict_orderexp_B_then_C_seed3006,B_then_C,3006,post_washout,test-0002
fd1cb21c,axis1_access_vs_provenance_value-conflict_orderexp_B_then_C_seed3006,B_then_C,3006,post_washout,test-0003
6bf49df3,axis1_access_vs_provenance_value-conflict_orderexp_B_then_C_seed3006,B_then_C,3006,post_washout,test-0004
4c7bc653,axis1_access_vs_provenance_value-conflict_orderexp_B_then_C_seed3006,B_then_C,3006,post_washout,test-0005
5863dc5e,axis1_access_vs_provenance_value-conflict_orderexp_B_then_C_seed3006,B_then_C,3006,post_washout,test-0006
7b06db93,axis1_access_vs_provenance_value-conflict_orderexp_B_then_C_seed3006,B_then_C,3006,post_washout,test-0007
3b4bad6d,axis1_access_vs_provenance_value-conflict_orderexp_B_then_C_seed3006,B_then_C,3006,post_washout,test-0008
5293b5ec,axis1_access_vs_provenance_value-conflict_orderexp_B_then_C_seed3006,B_then_C,3006,post_washout,test-0009
cbc16821,axis1_access_vs_provenance_value-conflict_orderexp_B_then_C_seed3006,B_then_C,3006,post_washout,test-0010
2eb4f3df,axis1_access_vs_provenance_value-conflict_orderexp_B_then_C_seed3006,B_then_C,3006,post_washout,test-0011
49a79579,axis1_access_vs_provenance_value-conflict_orderexp_B_then_C_seed3006,B_then_C,3006,post_washout,test-0012
2c2072f5,axis1_access_vs_provenance_value-conflict_orderexp_B_then_C_seed3006,B_then_C,3006,post_washout,test-0013
d36aa3c2,axis1_access_vs_provenance_value-conflict_orderexp_B_then_C_seed3006,B_then_C,3006,post_washout,test-0014
256362c6,axis1_access_vs_provenance_value-conflict_orderexp_B_then_C_seed3006,B_then_C,3006,post_washout,test-0015
3b77a7e0,axis1_access_vs_provenance_value-conflict_orderexp_B_then_C_seed3006,B_then_C,3006,post_washout,test-0016
145bcd96,axis1_access_vs_provenance_value-conflict_orderexp_B_then_C_seed3006,B_then_C,3006,post_washout,test-0017
c777abdc,axis1_access_vs_provenance_value-conflict_orderexp_B_then_C_seed3006,B_then_C,3006,post_washout,test-0018
d1b954c5,axis1_access_vs_provenance_value-conflict_orderexp_B_then_C_seed3006,B_then_C,3006,post_washout,test-0019
c0bcdb12,axis1_access_vs_provenance_value-conflict_orderexp_B_then_C_seed3006,B_then_C,3006,post_washout,test-0020
8722c234,axis1_access_vs_provenance_value-conflict_orderexp_B_then_C_seed3006,B_then_C,3006,post_washout,test-0021
5ca9f87c,axis1_access_vs_provenance_value-conflict_orderexp_B_then_C_seed3006,B_then_C,3006,post_washout,test-0022
d8288955,axis1_access_vs_provenance_value-conflict_orderexp_B_then_C_seed3006,B_then_C,3006,post_washout,test-0023
52bed824,axis1_access_vs_provenance_value-conflict_orderexp_B_then_C_seed3006,B_then_C,3006,post_washout,test-0024
5913bbb4,axis1_access_vs_provenance_value-conflict_orderexp_A_then_C_seed3007,A_then_C,3007,post_conflict,test-0001
04fd0e55,axis1_access_vs_provenance_value-conflict_orderexp_A_then_C_seed3007,A_then_C,3007,post_conflict,test-0002
113440db,axis1_access_vs_provenance_value-conflict_orderexp_A_then_C_seed3007,A_then_C,3007,post_conflict,test-0003
7feccefe,axis1_access_vs_provenance_value-conflict_orderexp_A_then_C_seed3007,A_then_C,3007,post_conflict,test-0004
598280ac,axis1_access_vs_provenance_value-conflict_orderexp_A_then_C_seed3007,A_then_C,3007,post_conflict,test-0005
26fc43ca,axis1_access_vs_provenance_value-conflict_orderexp_A_then_C_seed3007,A_then_C,3007,post_conflict,test-0006
eac9d3d1,axis1_access_vs_provenance_value-conflict_orderexp_A_then_C_seed3007,A_then_C,3007,post_conflict,test-0007
a25fe32b,axis1_access_vs_provenance_value-conflict_orderexp_A_then_C_seed3007,A_then_C,3007,post_conflict,test-0008
b8002bc1,axis1_access_vs_provenance_value-conflict_orderexp_A_then_C_seed3007,A_then_C,3007,post_conflict,test-0009
b4450818,axis1_access_vs_provenance_value-conflict_orderexp_A_then_C_seed3007,A_then_C,3007,post_conflict,test-0010
73afbdf4,axis1_access_vs_provenance_value-conflict_orderexp_A_then_C_seed3007,A_then_C,3007,post_conflict,test-0011
33125b1e,axis1_access_vs_provenance_value-conflict_orderexp_A_then_C_seed3007,A_then_C,3007,post_conflict,test-0012
375d63a4,axis1_access_vs_provenance_value-conflict_orderexp_A_then_C_seed3007,A_then_C,3007,post_conflict,test-0013
8c0a3be1,axis1_access_vs_provenance_value-conflict_orderexp_A_then_C_seed3007,A_then_C,3007,post_conflict,test-0014
d03d935c,axis1_access_vs_provenance_value-conflict_orderexp_A_then_C_seed3007,A_then_C,3007,post_conflict,test-0015
54a190a7,axis1_access_vs_provenance_value-conflict_orderexp_A_then_C_seed3007,A_then_C,3007,post_conflict,test-0016
dc4a56d4,axis1_access_vs_provenance_value-conflict_orderexp_A_then_C_seed3007,A_then_C,3007,post_conflict,test-0017
c50c74e2,axis1_access_vs_provenance_value-conflict_orderexp_A_then_C_seed3007,A_then_C,3007,post_conflict,test-0018
82720a5b,axis1_access_vs_provenance_value-conflict_orderexp_A_then_C_seed3007,A_then_C,3007,post_conflict,test-0019
b7a13837,axis1_access_vs_provenance_value-conflict_orderexp_A_then_C_seed3007,A_then_C,3007,post_conflict,test-0020
b779d1cd,axis1_access_vs_provenance_value-conflict_orderexp_A_then_C_seed3007,A_then_C,3007,post_conflict,test-0021
0817aaa9,axis1_access_vs_provenance_value-conflict_orderexp_A_then_C_seed3007,A_then_C,3007,post_conflict,test-0022
38d7f5a5,axis1_access_vs_provenance_value-conflict_orderexp_A_then_C_seed3007,A_then_C,3007,post_conflict,test-0023
b8f27bd4,axis1_access_vs_provenance_value-conflict_orderexp_A_then_C_seed3007,A_then_C,3007,post_conflict,test-0024
70e4e1e4,axis1_access_vs_provenance_value-conflict_orderexp_A_then_C_seed3007,A_then_C,3007,post_washout,test-0001
0b1322b9,axis1_access_vs_provenance_value-conflict_orderexp_A_then_C_seed3007,A_then_C,3007,post_washout,test-0002
877d0a2d,axis1_access_vs_provenance_value-conflict_orderexp_A_then_C_seed3007,A_then_C,3007,post_washout,test-0003
827175f9,axis1_access_vs_provenance_value-conflict_orderexp_A_then_C_seed3007,A_then_C,3007,post_washout,test-0004
fde4fcca,axis1_access_vs_provenance_value-conflict_orderexp_A_then_C_seed3007,A_then_C,3007,post_washout,test-0005
50762d1b,axis1_access_vs_provenance_value-conflict_orderexp_A_then_C_seed3007,A_then_C,3007,post_washout,test-0006
dfb48b6a,axis1_access_vs_provenance_value-conflict_orderexp_A_then_C_seed3007,A_then_C,3007,post_washout,test-0007
554d4d6d,axis1_access_vs_provenance_value-conflict_orderexp_A_then_C_seed3007,A_then_C,3007,post_washout,test-0008
d95c6168,axis1_access_vs_provenance_value-conflict_orderexp_A_then_C_seed3007,A_then_C,3007,post_washout,test-0009
7ce98147,axis1_access_vs_provenance_value-conflict_orderexp_A_then_C_seed3007,A_then_C,3007,post_washout,test-0010
db0e3ed4,axis1_access_vs_provenance_value-conflict_orderexp_A_then_C_seed3007,A_then_C,3007,post_washout,test-0011
8f0663a3,axis1_access_vs_provenance_value-conflict_orderexp_A_then_C_seed3007,A_then_C,3007,post_washout,test-0012
e6499d68,axis1_access_vs_provenance_value-conflict_orderexp_A_then_C_seed3007,A_then_C,3007,post_washout,test-0013
dae7803a,axis1_access_vs_provenance_value-conflict_orderexp_A_then_C_seed3007,A_then_C,3007,post_washout,test-0014
c3e64bd3,axis1_access_vs_provenance_value-conflict_orderexp_A_then_C_seed3007,A_then_C,3007,post_washout,test-0015
68ae9e9c,axis1_access_vs_provenance_value-conflict_orderexp_A_then_C_seed3007,A_then_C,3007,post_washout,test-0016
8debf9e5,axis1_access_vs_provenance_value-conflict_orderexp_A_then_C_seed3007,A_then_C,3007,post_washout,test-0017
1e26f804,axis1_access_vs_provenance_value-conflict_orderexp_A_then_C_seed3007,A_then_C,3007,post_washout,test-0018
a6d46a7f,axis1_access_vs_provenance_value-conflict_orderexp_A_then_C_seed3007,A_then_C,3007,post_washout,test-0019
fe2f5937,axis1_access_vs_provenance_value-conflict_orderexp_A_then_C_seed3007,A_then_C,3007,post_washout,test-0020
5a839661,axis1_access_vs_provenance_value-conflict_orderexp_A_then_C_seed3007,A_then_C,3007,post_washout,test-0021
c16990a8,axis1_access_vs_provenance_value-conflict_orderexp_A_then_C_seed3007,A_then_C,3007,post_washout,test-0022
40e49243,axis1_access_vs_provenance_value-conflict_orderexp_A_then_C_seed3007,A_then_C,3007,post_washout,test-0023
9b99dd5d,axis1_access_vs_provenance_value-conflict_orderexp_A_then_C_seed3007,A_then_C,3007,post_washout,test-0024
9176d8d9,axis1_access_vs_provenance_value-conflict_orderexp_B_then_C_seed3007,B_then_C,3007,post_conflict,test-0001
6821adf3,axis1_access_vs_provenance_value-conflict_orderexp_B_then_C_seed3007,B_then_C,3007,post_conflict,test-0002
35bed379,axis1_access_vs_provenance_value-conflict_orderexp_B_then_C_seed3007,B_then_C,3007,post_conflict,test-0003
9c03beb2,axis1_access_vs_provenance_value-conflict_orderexp_B_then_C_seed3007,B_then_C,3007,post_conflict,test-0004
f9354c0c,axis1_access_vs_provenance_value-conflict_orderexp_B_then_C_seed3007,B_then_C,3007,post_conflict,test-0005
bc51776f,axis1_access_vs_provenance_value-conflict_orderexp_B_then_C_seed3007,B_then_C,3007,post_conflict,test-0006
ffdbcce0,axis1_access_vs_provenance_value-conflict_orderexp_B_then_C_seed3007,B_then_C,3007,post_conflict,test-0007
32dd2ea8,axis1_access_vs_provenance_value-conflict_orderexp_B_then_C_seed3007,B_then_C,3007,post_conflict,test-0008
7855e30b,axis1_access_vs_provenance_value-conflict_orderexp_B_then_C_seed3007,B_then_C,3007,post_conflict,test-0009
202983ba,axis1_access_vs_provenance_value-conflict_orderexp_B_then_C_seed3007,B_then_C,3007,post_conflict,test-0010
1bd23c72,axis1_access_vs_provenance_value-conflict_orderexp_B_then_C_seed3007,B_then_C,3007,post_conflict,test-0011
30d968df,axis1_access_vs_provenance_value-conflict_orderexp_B_then_C_seed3007,B_then_C,3007,post_conflict,test-0012
011f0d11,axis1_access_vs_provenance_value-conflict_orderexp_B_then_C_seed3007,B_then_C,3007,post_conflict,test-0013
6d08117b,axis1_access_vs_provenance_value-conflict_orderexp_B_then_C_seed3007,B_then_C,3007,post_conflict,test-0014
e3a73136,axis1_access_vs_provenance_value-conflict_orderexp_B_then_C_seed3007,B_then_C,3007,post_conflict,test-0015
c1f9e90f,axis1_access_vs_provenance_value-conflict_orderexp_B_then_C_seed3007,B_then_C,3007,post_conflict,test-0016
fa8f8d40,axis1_access_vs_provenance_value-conflict_orderexp_B_then_C_seed3007,B_then_C,3007,post_conflict,test-0017
0b42ab36,axis1_access_vs_provenance_value-conflict_orderexp_B_then_C_seed3007,B_then_C,3007,post_conflict,test-0018
afab5cfa,axis1_access_vs_provenance_value-conflict_orderexp_B_then_C_seed3007,B_then_C,3007,post_conflict,test-0019
7d814419,axis1_access_vs_provenance_value-conflict_orderexp_B_then_C_seed3007,B_then_C,3007,post_conflict,test-0020
6a0e7a17,axis1_access_vs_provenance_value-conflict_orderexp_B_then_C_seed3007,B_then_C,3007,post_conflict,test-0021
41ea6c74,axis1_access_vs_provenance_value-conflict_orderexp_B_then_C_seed3007,B_then_C,3007,post_conflict,test-0022
6abac270,axis1_access_vs_provenance_value-conflict_orderexp_B_then_C_seed3007,B_then_C,3007,post_conflict,test-0023
c85c3c89,axis1_access_vs_provenance_value-conflict_orderexp_B_then_C_seed3007,B_then_C,3007,post_conflict,test-0024
0b89a870,axis1_access_vs_provenance_value-conflict_orderexp_B_then_C_seed3007,B_then_C,3007,post_washout,test-0001
41a819d4,axis1_access_vs_provenance_value-conflict_orderexp_B_then_C_seed3007,B_then_C,3007,post_washout,test-0002
ba79a826,axis1_access_vs_provenance_value-conflict_orderexp_B_then_C_seed3007,B_then_C,3007,post_washout,test-0003
8b0bc53e,axis1_access_vs_provenance_value-conflict_orderexp_B_then_C_seed3007,B_then_C,3007,post_washout,test-0004
97638e9c,axis1_access_vs_provenance_value-conflict_orderexp_B_then_C_seed3007,B_then_C,3007,post_washout,test-0005
5d1c0747,axis1_access_vs_provenance_value-conflict_orderexp_B_then_C_seed3007,B_then_C,3007,post_washout,test-0006
2e4c3522,axis1_access_vs_provenance_value-conflict_orderexp_B_then_C_seed3007,B_then_C,3007,post_washout,test-0007
af587df4,axis1_access_vs_provenance_value-conflict_orderexp_B_then_C_seed3007,B_then_C,3007,post_washout,test-0008
645243b7,axis1_access_vs_provenance_value-conflict_orderexp_B_then_C_seed3007,B_then_C,3007,post_washout,test-0009
b7475be6,axis1_access_vs_provenance_value-conflict_orderexp_B_then_C_seed3007,B_then_C,3007,post_washout,test-0010
b31d19ae,axis1_access_vs_provenance_value-conflict_orderexp_B_then_C_seed3007,B_then_C,3007,post_washout,test-0011
c2f4b8a6,axis1_access_vs_provenance_value-conflict_orderexp_B_then_C_seed3007,B_then_C,3007,post_washout,test-0012
6e7bfacf,axis1_access_vs_provenance_value-conflict_orderexp_B_then_C_seed3007,B_then_C,3007,post_washout,test-0013
fbce7cb1,axis1_access_vs_provenance_value-conflict_orderexp_B_then_C_seed3007,B_then_C,3007,post_washout,test-0014
5cd92481,axis1_access_vs_provenance_value-conflict_orderexp_B_then_C_seed3007,B_then_C,3007,post_washout,test-0015
2b579397,axis1_access_vs_provenance_value-conflict_orderexp_B_then_C_seed3007,B_then_C,3007,post_washout,test-0016
d8bebf4a,axis1_access_vs_provenance_value-conflict_orderexp_B_then_C_seed3007,B_then_C,3007,post_washout,test-0017
df08c6e9,axis1_access_vs_provenance_value-conflict_orderexp_B_then_C_seed3007,B_then_C,3007,post_washout,test-0018
93f7e5ca,axis1_access_vs_provenance_value-conflict_orderexp_B_then_C_seed3007,B_then_C,3007,post_washout,test-0019
d30690ef,axis1_access_vs_provenance_value-conflict_orderexp_B_then_C_seed3007,B_then_C,3007,post_washout,test-0020
a3a63f7f,axis1_access_vs_provenance_value-conflict_orderexp_B_then_C_seed3007,B_then_C,3007,post_washout,test-0021
e4d35e5e,axis1_access_vs_provenance_value-conflict_orderexp_B_then_C_seed3007,B_then_C,3007,post_washout,test-0022
923d73d0,axis1_access_vs_provenance_value-conflict_orderexp_B_then_C_seed3007,B_then_C,3007,post_washout,test-0023
c4d5ffe0,axis1_access_vs_provenance_value-conflict_orderexp_B_then_C_seed3007,B_then_C,3007,post_washout,test-0024
02188f0e,axis1_access_vs_provenance_value-conflict_orderexp_A_then_C_seed3008,A_then_C,3008,post_conflict,test-0001
8881e875,axis1_access_vs_provenance_value-conflict_orderexp_A_then_C_seed3008,A_then_C,3008,post_conflict,test-0002
28253e9d,axis1_access_vs_provenance_value-conflict_orderexp_A_then_C_seed3008,A_then_C,3008,post_conflict,test-0003
b491ae16,axis1_access_vs_provenance_value-conflict_orderexp_A_then_C_seed3008,A_then_C,3008,post_conflict,test-0004
ba8c8fbb,axis1_access_vs_provenance_value-conflict_orderexp_A_then_C_seed3008,A_then_C,3008,post_conflict,test-0005
b604cd05,axis1_access_vs_provenance_value-conflict_orderexp_A_then_C_seed3008,A_then_C,3008,post_conflict,test-0006
c20f4e32,axis1_access_vs_provenance_value-conflict_orderexp_A_then_C_seed3008,A_then_C,3008,post_conflict,test-0007
7f3eb9cf,axis1_access_vs_provenance_value-conflict_orderexp_A_then_C_seed3008,A_then_C,3008,post_conflict,test-0008
b3418e71,axis1_access_vs_provenance_value-conflict_orderexp_A_then_C_seed3008,A_then_C,3008,post_conflict,test-0009
1e84ad7b,axis1_access_vs_provenance_value-conflict_orderexp_A_then_C_seed3008,A_then_C,3008,post_conflict,test-0010
47ebb5ae,axis1_access_vs_provenance_value-conflict_orderexp_A_then_C_seed3008,A_then_C,3008,post_conflict,test-0011
e674518e,axis1_access_vs_provenance_value-conflict_orderexp_A_then_C_seed3008,A_then_C,3008,post_conflict,test-0012
4d13a314,axis1_access_vs_provenance_value-conflict_orderexp_A_then_C_seed3008,A_then_C,3008,post_conflict,test-0013
0c844fc7,axis1_access_vs_provenance_value-conflict_orderexp_A_then_C_seed3008,A_then_C,3008,post_conflict,test-0014
e529525e,axis1_access_vs_provenance_value-conflict_orderexp_A_then_C_seed3008,A_then_C,3008,post_conflict,test-0015
2708eb25,axis1_access_vs_provenance_value-conflict_orderexp_A_then_C_seed3008,A_then_C,3008,post_conflict,test-0016
6a234892,axis1_access_vs_provenance_value-conflict_orderexp_A_then_C_seed3008,A_then_C,3008,post_conflict,test-0017
867ae6ca,axis1_access_vs_provenance_value-conflict_orderexp_A_then_C_seed3008,A_then_C,3008,post_conflict,test-0018
00a2ca70,axis1_access_vs_provenance_value-conflict_orderexp_A_then_C_seed3008,A_then_C,3008,post_conflict,test-0019
af52d113,axis1_access_vs_provenance_value-conflict_orderexp_A_then_C_seed3008,A_then_C,3008,post_conflict,test-0020
68b3c136,axis1_access_vs_provenance_value-conflict_orderexp_A_then_C_seed3008,A_then_C,3008,post_conflict,test-0021
8617a99f,axis1_access_vs_provenance_value-conflict_orderexp_A_then_C_seed3008,A_then_C,3008,post_conflict,test-0022
6a167906,axis1_access_vs_provenance_value-conflict_orderexp_A_then_C_seed3008,A_then_C,3008,post_conflict,test-0023
b746b08b,axis1_access_vs_provenance_value-conflict_orderexp_A_then_C_seed3008,A_then_C,3008,post_conflict,test-0024
1a1b2fe6,axis1_access_vs_provenance_value-conflict_orderexp_A_then_C_seed3008,A_then_C,3008,post_washout,test-0001
c9b1e7be,axis1_access_vs_provenance_value-conflict_orderexp_A_then_C_seed3008,A_then_C,3008,post_washout,test-0002
1db07640,axis1_access_vs_provenance_value-conflict_orderexp_A_then_C_seed3008,A_then_C,3008,post_washout,test-0003
83975dbf,axis1_access_vs_provenance_value-conflict_orderexp_A_then_C_seed3008,A_then_C,3008,post_washout,test-0004
638d71e1,axis1_access_vs_provenance_value-conflict_orderexp_A_then_C_seed3008,A_then_C,3008,post_washout,test-0005
09cfd659,axis1_access_vs_provenance_value-conflict_orderexp_A_then_C_seed3008,A_then_C,3008,post_washout,test-0006
4f3bf84d,axis1_access_vs_provenance_value-conflict_orderexp_A_then_C_seed3008,A_then_C,3008,post_washout,test-0007
a432ed90,axis1_access_vs_provenance_value-conflict_orderexp_A_then_C_seed3008,A_then_C,3008,post_washout,test-0008
442c69c3,axis1_access_vs_provenance_value-conflict_orderexp_A_then_C_seed3008,A_then_C,3008,post_washout,test-0009
016b3cab,axis1_access_vs_provenance_value-conflict_orderexp_A_then_C_seed3008,A_then_C,3008,post_washout,test-0010
3083c300,axis1_access_vs_provenance_value-conflict_orderexp_A_then_C_seed3008,A_then_C,3008,post_washout,test-0011
0ff286f8,axis1_access_vs_provenance_value-conflict_orderexp_A_then_C_seed3008,A_then_C,3008,post_washout,test-0012
5ab558b6,axis1_access_vs_provenance_value-conflict_orderexp_A_then_C_seed3008,A_then_C,3008,post_washout,test-0013
8709afa3,axis1_access_vs_provenance_value-conflict_orderexp_A_then_C_seed3008,A_then_C,3008,post_washout,test-0014
364a35c2,axis1_access_vs_provenance_value-conflict_orderexp_A_then_C_seed3008,A_then_C,3008,post_washout,test-0015
893ac831,axis1_access_vs_provenance_value-conflict_orderexp_A_then_C_seed3008,A_then_C,3008,post_washout,test-0016
71f70748,axis1_access_vs_provenance_value-conflict_orderexp_A_then_C_seed3008,A_then_C,3008,post_washout,test-0017
f235d891,axis1_access_vs_provenance_value-conflict_orderexp_A_then_C_seed3008,A_then_C,3008,post_washout,test-0018
16e04c88,axis1_access_vs_provenance_value-conflict_orderexp_A_then_C_seed3008,A_then_C,3008,post_washout,test-0019
ecd6ef5f,axis1_access_vs_provenance_value-conflict_orderexp_A_then_C_seed3008,A_then_C,3008,post_washout,test-0020
b3cee2fd,axis1_access_vs_provenance_value-conflict_orderexp_A_then_C_seed3008,A_then_C,3008,post_washout,test-0021
eefbb81d,axis1_access_vs_provenance_value-conflict_orderexp_A_then_C_seed3008,A_then_C,3008,post_washout,test-0022
11e3ef70,axis1_access_vs_provenance_value-conflict_orderexp_A_then_C_seed3008,A_then_C,3008,post_washout,test-0023
1dbd1aa3,axis1_access_vs_provenance_value-conflict_orderexp_A_then_C_seed3008,A_then_C,3008,post_washout,test-0024
b603c082,axis1_access_vs_provenance_value-conflict_orderexp_B_then_C_seed3008,B_then_C,3008,post_conflict,test-0001
7c83576e,axis1_access_vs_provenance_value-conflict_orderexp_B_then_C_seed3008,B_then_C,3008,post_conflict,test-0002
065faf26,axis1_access_vs_provenance_value-conflict_orderexp_B_then_C_seed3008,B_then_C,3008,post_conflict,test-0003
c9ee3f61,axis1_access_vs_provenance_value-conflict_orderexp_B_then_C_seed3008,B_then_C,3008,post_conflict,test-0004
2385a939,axis1_access_vs_provenance_value-conflict_orderexp_B_then_C_seed3008,B_then_C,3008,post_conflict,test-0005
a1e7070c,axis1_access_vs_provenance_value-conflict_orderexp_B_then_C_seed3008,B_then_C,3008,post_conflict,test-0006
f563a4d1,axis1_access_vs_provenance_value-conflict_orderexp_B_then_C_seed3008,B_then_C,3008,post_conflict,test-0007
36524249,axis1_access_vs_provenance_value-conflict_orderexp_B_then_C_seed3008,B_then_C,3008,post_conflict,test-0008
7c7580ed,axis1_access_vs_provenance_value-conflict_orderexp_B_then_C_seed3008,B_then_C,3008,post_conflict,test-0009
bd0789ab,axis1_access_vs_provenance_value-conflict_orderexp_B_then_C_seed3008,B_then_C,3008,post_conflict,test-0010
57e369fd,axis1_access_vs_provenance_value-conflict_orderexp_B_then_C_seed3008,B_then_C,3008,post_conflict,test-0011
82f0550c,axis1_access_vs_provenance_value-conflict_orderexp_B_then_C_seed3008,B_then_C,3008,post_conflict,test-0012
bd4c7a36,axis1_access_vs_provenance_value-conflict_orderexp_B_then_C_seed3008,B_then_C,3008,post_conflict,test-0013
ea63372c,axis1_access_vs_provenance_value-conflict_orderexp_B_then_C_seed3008,B_then_C,3008,post_conflict,test-0014
69f6a9ef,axis1_access_vs_provenance_value-conflict_orderexp_B_then_C_seed3008,B_then_C,3008,post_conflict,test-0015
d61a1bee,axis1_access_vs_provenance_value-conflict_orderexp_B_then_C_seed3008,B_then_C,3008,post_conflict,test-0016
5fee45e5,axis1_access_vs_provenance_value-conflict_orderexp_B_then_C_seed3008,B_then_C,3008,post_conflict,test-0017
bc5cf89d,axis1_access_vs_provenance_value-conflict_orderexp_B_then_C_seed3008,B_then_C,3008,post_conflict,test-0018
a2a94033,axis1_access_vs_provenance_value-conflict_orderexp_B_then_C_seed3008,B_then_C,3008,post_conflict,test-0019
5be36869,axis1_access_vs_provenance_value-conflict_orderexp_B_then_C_seed3008,B_then_C,3008,post_conflict,test-0020
44ab3eb5,axis1_access_vs_provenance_value-conflict_orderexp_B_then_C_seed3008,B_then_C,3008,post_conflict,test-0021
1a38a628,axis1_access_vs_provenance_value-conflict_orderexp_B_then_C_seed3008,B_then_C,3008,post_conflict,test-0022
50df413c,axis1_access_vs_provenance_value-conflict_orderexp_B_then_C_seed3008,B_then_C,3008,post_conflict,test-0023
d032c6e8,axis1_access_vs_provenance_value-conflict_orderexp_B_then_C_seed3008,B_then_C,3008,post_conflict,test-0024
c2784f5e,axis1_access_vs_provenance_value-conflict_orderexp_B_then_C_seed3008,B_then_C,3008,post_washout,test-0001
c61026f7,axis1_access_vs_provenance_value-conflict_orderexp_B_then_C_seed3008,B_then_C,3008,post_washout,test-0002
7be06037,axis1_access_vs_provenance_value-conflict_orderexp_B_then_C_seed3008,B_then_C,3008,post_washout,test-0003
3b221418,axis1_access_vs_provenance_value-conflict_orderexp_B_then_C_seed3008,B_then_C,3008,post_washout,test-0004
a7df544a,axis1_access_vs_provenance_value-conflict_orderexp_B_then_C_seed3008,B_then_C,3008,post_washout,test-0005
5c45ef7b,axis1_access_vs_provenance_value-conflict_orderexp_B_then_C_seed3008,B_then_C,3008,post_washout,test-0006
cdb314a4,axis1_access_vs_provenance_value-conflict_orderexp_B_then_C_seed3008,B_then_C,3008,post_washout,test-0007
5d8e721a,axis1_access_vs_provenance_value-conflict_orderexp_B_then_C_seed3008,B_then_C,3008,post_washout,test-0008
2820ea4f,axis1_access_vs_provenance_value-conflict_orderexp_B_then_C_seed3008,B_then_C,3008,post_washout,test-0009
cd862fda,axis1_access_vs_provenance_value-conflict_orderexp_B_then_C_seed3008,B_then_C,3008,post_washout,test-0010
e79a7ae1,axis1_access_vs_provenance_value-conflict_orderexp_B_then_C_seed3008,B_then_C,3008,post_washout,test-0011
3971aacf,axis1_access_vs_provenance_value-conflict_orderexp_B_then_C_seed3008,B_then_C,3008,post_washout,test-0012
2468e461,axis1_access_vs_provenance_value-conflict_orderexp_B_then_C_seed3008,B_then_C,3008,post_washout,test-0013
1e9dc042,axis1_access_vs_provenance_value-conflict_orderexp_B_then_C_seed3008,B_then_C,3008,post_washout,test-0014
33ab125c,axis1_access_vs_provenance_value-conflict_orderexp_B_then_C_seed3008,B_then_C,3008,post_washout,test-0015
355b41b7,axis1_access_vs_provenance_value-conflict_orderexp_B_then_C_seed3008,B_then_C,3008,post_washout,test-0016
639ed97e,axis1_access_vs_provenance_value-conflict_orderexp_B_then_C_seed3008,B_then_C,3008,post_washout,test-0017
9fa8ce39,axis1_access_vs_provenance_value-conflict_orderexp_B_then_C_seed3008,B_then_C,3008,post_washout,test-0018
f4e89536,axis1_access_vs_provenance_value-conflict_orderexp_B_then_C_seed3008,B_then_C,3008,post_washout,test-0019
75ad12d7,axis1_access_vs_provenance_value-conflict_orderexp_B_then_C_seed3008,B_then_C,3008,post_washout,test-0020
ac6efaea,axis1_access_vs_provenance_value-conflict_orderexp_B_then_C_seed3008,B_then_C,3008,post_washout,test-0021
0ebfe968,axis1_access_vs_provenance_value-conflict_orderexp_B_then_C_seed3008,B_then_C,3008,post_washout,test-0022
d433837d,axis1_access_vs_provenance_value-conflict_orderexp_B_then_C_seed3008,B_then_C,3008,post_washout,test-0023
9151dbb9,axis1_access_vs_provenance_value-conflict_orderexp_B_then_C_seed3008,B_then_C,3008,post_washout,test-0024
c8a67523,axis1_access_vs_provenance_value-conflict_orderexp_A_then_C_seed3009,A_then_C,3009,post_conflict,test-0001
409c1b55,axis1_access_vs_provenance_value-conflict_orderexp_A_then_C_seed3009,A_then_C,3009,post_conflict,test-0002
5b6dc2ec,axis1_access_vs_provenance_value-conflict_orderexp_A_then_C_seed3009,A_then_C,3009,post_conflict,test-0003
37a3bd52,axis1_access_vs_provenance_value-conflict_orderexp_A_then_C_seed3009,A_then_C,3009,post_conflict,test-0004
442fb800,axis1_access_vs_provenance_value-conflict_orderexp_A_then_C_seed3009,A_then_C,3009,post_conflict,test-0005
ba83cf20,axis1_access_vs_provenance_value-conflict_orderexp_A_then_C_seed3009,A_then_C,3009,post_conflict,test-0006
f2828592,axis1_access_vs_provenance_value-conflict_orderexp_A_then_C_seed3009,A_then_C,3009,post_conflict,test-0007
bef99187,axis1_access_vs_provenance_value-conflict_orderexp_A_then_C_seed3009,A_then_C,3009,post_conflict,test-0008
a53cf8b3,axis1_access_vs_provenance_value-conflict_orderexp_A_then_C_seed3009,A_then_C,3009,post_conflict,test-0009
ccf38268,axis1_access_vs_provenance_value-conflict_orderexp_A_then_C_seed3009,A_then_C,3009,post_conflict,test-0010
cf3a1872,axis1_access_vs_provenance_value-conflict_orderexp_A_then_C_seed3009,A_then_C,3009,post_conflict,test-0011
92d4a7dd,axis1_access_vs_provenance_value-conflict_orderexp_A_then_C_seed3009,A_then_C,3009,post_conflict,test-0012
5b8105a6,axis1_access_vs_provenance_value-conflict_orderexp_A_then_C_seed3009,A_then_C,3009,post_conflict,test-0013
4089d4d8,axis1_access_vs_provenance_value-conflict_orderexp_A_then_C_seed3009,A_then_C,3009,post_conflict,test-0014
53e98a36,axis1_access_vs_provenance_value-conflict_orderexp_A_then_C_seed3009,A_then_C,3009,post_conflict,test-0015
32fa53c6,axis1_access_vs_provenance_value-conflict_orderexp_A_then_C_seed3009,A_then_C,3009,post_conflict,test-0016
bf38f953,axis1_access_vs_provenance_value-conflict_orderexp_A_then_C_seed3009,A_then_C,3009,post_conflict,test-0017
3d3a5241,axis1_access_vs_provenance_value-conflict_orderexp_A_then_C_seed3009,A_then_C,3009,post_conflict,test-0018
92ea13d2,axis1_access_vs_provenance_value-conflict_orderexp_A_then_C_seed3009,A_then_C,3009,post_conflict,test-0019
a36afb34,axis1_access_vs_provenance_value-conflict_orderexp_A_then_C_seed3009,A_then_C,3009,post_conflict,test-0020
5ef7a93d,axis1_access_vs_provenance_value-conflict_orderexp_A_then_C_seed3009,A_then_C,3009,post_conflict,test-0021
f49be355,axis1_access_vs_provenance_value-conflict_orderexp_A_then_C_seed3009,A_then_C,3009,post_conflict,test-0022
31e886bd,axis1_access_vs_provenance_value-conflict_orderexp_A_then_C_seed3009,A_then_C,3009,post_conflict,test-0023
694dfd00,axis1_access_vs_provenance_value-conflict_orderexp_A_then_C_seed3009,A_then_C,3009,post_conflict,test-0024
fb023bfd,axis1_access_vs_provenance_value-conflict_orderexp_A_then_C_seed3009,A_then_C,3009,post_washout,test-0001
1b0b18d2,axis1_access_vs_provenance_value-conflict_orderexp_A_then_C_seed3009,A_then_C,3009,post_washout,test-0002
bb780d74,axis1_access_vs_provenance_value-conflict_orderexp_A_then_C_seed3009,A_then_C,3009,post_washout,test-0003
9f136a08,axis1_access_vs_provenance_value-conflict_orderexp_A_then_C_seed3009,A_then_C,3009,post_washout,test-0004
913c2fae,axis1_access_vs_provenance_value-conflict_orderexp_A_then_C_seed3009,A_then_C,3009,post_washout,test-0005
8179d9c9,axis1_access_vs_provenance_value-conflict_orderexp_A_then_C_seed3009,A_then_C,3009,post_washout,test-0006
4fed54d3,axis1_access_vs_provenance_value-conflict_orderexp_A_then_C_seed3009,A_then_C,3009,post_washout,test-0007
b77b9ba8,axis1_access_vs_provenance_value-conflict_orderexp_A_then_C_seed3009,A_then_C,3009,post_washout,test-0008
0844bbbc,axis1_access_vs_provenance_value-conflict_orderexp_A_then_C_seed3009,A_then_C,3009,post_washout,test-0009
bc4dc1c0,axis1_access_vs_provenance_value-conflict_orderexp_A_then_C_seed3009,A_then_C,3009,post_washout,test-0010
e3c0e76b,axis1_access_vs_provenance_value-conflict_orderexp_A_then_C_seed3009,A_then_C,3009,post_washout,test-0011
c137e8a2,axis1_access_vs_provenance_value-conflict_orderexp_A_then_C_seed3009,A_then_C,3009,post_washout,test-0012
369328cb,axis1_access_vs_provenance_value-conflict_orderexp_A_then_C_seed3009,A_then_C,3009,post_washout,test-0013
5cffbda1,axis1_access_vs_provenance_value-conflict_orderexp_A_then_C_seed3009,A_then_C,3009,post_washout,test-0014
ebd9992d,axis1_access_vs_provenance_value-conflict_orderexp_A_then_C_seed3009,A_then_C,3009,post_washout,test-0015
18936bac,axis1_access_vs_provenance_value-conflict_orderexp_A_then_C_seed3009,A_then_C,3009,post_washout,test-0016
8703435e,axis1_access_vs_provenance_value-conflict_orderexp_A_then_C_seed3009,A_then_C,3009,post_washout,test-0017
ec174714,axis1_access_vs_provenance_value-conflict_orderexp_A_then_C_seed3009,A_then_C,3009,post_washout,test-0018
cf47edcd,axis1_access_vs_provenance_value-conflict_orderexp_A_then_C_seed3009,A_then_C,3009,post_washout,test-0019
53ce1650,axis1_access_vs_provenance_value-conflict_orderexp_A_then_C_seed3009,A_then_C,3009,post_washout,test-0020
ab8c6bd6,axis1_access_vs_provenance_value-conflict_orderexp_A_then_C_seed3009,A_then_C,3009,post_washout,test-0021
7b101e62,axis1_access_vs_provenance_value-conflict_orderexp_A_then_C_seed3009,A_then_C,3009,post_washout,test-0022
8d8c29d9,axis1_access_vs_provenance_value-conflict_orderexp_A_then_C_seed3009,A_then_C,3009,post_washout,test-0023
5ca7817b,axis1_access_vs_provenance_value-conflict_orderexp_A_then_C_seed3009,A_then_C,3009,post_washout,test-0024
1ec7d627,axis1_access_vs_provenance_value-conflict_orderexp_B_then_C_seed3009,B_then_C,3009,post_conflict,test-0001
6ec95ba5,axis1_access_vs_provenance_value-conflict_orderexp_B_then_C_seed3009,B_then_C,3009,post_conflict,test-0002
9b4e22d8,axis1_access_vs_provenance_value-conflict_orderexp_B_then_C_seed3009,B_then_C,3009,post_conflict,test-0003
60cde9d7,axis1_access_vs_provenance_value-conflict_orderexp_B_then_C_seed3009,B_then_C,3009,post_conflict,test-0004
1f076238,axis1_access_vs_provenance_value-conflict_orderexp_B_then_C_seed3009,B_then_C,3009,post_conflict,test-0005
1a146413,axis1_access_vs_provenance_value-conflict_orderexp_B_then_C_seed3009,B_then_C,3009,post_conflict,test-0006
eace2ef3,axis1_access_vs_provenance_value-conflict_orderexp_B_then_C_seed3009,B_then_C,3009,post_conflict,test-0007
661eabb1,axis1_access_vs_provenance_value-conflict_orderexp_B_then_C_seed3009,B_then_C,3009,post_conflict,test-0008
03f98162,axis1_access_vs_provenance_value-conflict_orderexp_B_then_C_seed3009,B_then_C,3009,post_conflict,test-0009
46c4a812,axis1_access_vs_provenance_value-conflict_orderexp_B_then_C_seed3009,B_then_C,3009,post_conflict,test-0010
4e2a2468,axis1_access_vs_provenance_value-conflict_orderexp_B_then_C_seed3009,B_then_C,3009,post_conflict,test-0011
e2903335,axis1_access_vs_provenance_value-conflict_orderexp_B_then_C_seed3009,B_then_C,3009,post_conflict,test-0012
dbfaff76,axis1_access_vs_provenance_value-conflict_orderexp_B_then_C_seed3009,B_then_C,3009,post_conflict,test-0013
4857eb0d,axis1_access_vs_provenance_value-conflict_orderexp_B_then_C_seed3009,B_then_C,3009,post_conflict,test-0014
da53a839,axis1_access_vs_provenance_value-conflict_orderexp_B_then_C_seed3009,B_then_C,3009,post_conflict,test-0015
165c135f,axis1_access_vs_provenance_value-conflict_orderexp_B_then_C_seed3009,B_then_C,3009,post_conflict,test-0016
c672a83b,axis1_access_vs_provenance_value-conflict_orderexp_B_then_C_seed3009,B_then_C,3009,post_conflict,test-0017
b8e5ec7c,axis1_access_vs_provenance_value-conflict_orderexp_B_then_C_seed3009,B_then_C,3009,post_conflict,test-0018
99dcd0f5,axis1_access_vs_provenance_value-conflict_orderexp_B_then_C_seed3009,B_then_C,3009,post_conflict,test-0019
ca6ef8e1,axis1_access_vs_provenance_value-conflict_orderexp_B_then_C_seed3009,B_then_C,3009,post_conflict,test-0020
661c863d,axis1_access_vs_provenance_value-conflict_orderexp_B_then_C_seed3009,B_then_C,3009,post_conflict,test-0021
97754b84,axis1_access_vs_provenance_value-conflict_orderexp_B_then_C_seed3009,B_then_C,3009,post_conflict,test-0022
b5211942,axis1_access_vs_provenance_value-conflict_orderexp_B_then_C_seed3009,B_then_C,3009,post_conflict,test-0023
ed4a3191,axis1_access_vs_provenance_value-conflict_orderexp_B_then_C_seed3009,B_then_C,3009,post_conflict,test-0024
0edaf2ac,axis1_access_vs_provenance_value-conflict_orderexp_B_then_C_seed3009,B_then_C,3009,post_washout,test-0001
752808b1,axis1_access_vs_provenance_value-conflict_orderexp_B_then_C_seed3009,B_then_C,3009,post_washout,test-0002
4652ce7a,axis1_access_vs_provenance_value-conflict_orderexp_B_then_C_seed3009,B_then_C,3009,post_washout,test-0003
7f6763e1,axis1_access_vs_provenance_value-conflict_orderexp_B_then_C_seed3009,B_then_C,3009,post_washout,test-0004
405b860f,axis1_access_vs_provenance_value-conflict_orderexp_B_then_C_seed3009,B_then_C,3009,post_washout,test-0005
a2e4b188,axis1_access_vs_provenance_value-conflict_orderexp_B_then_C_seed3009,B_then_C,3009,post_washout,test-0006
b1598935,axis1_access_vs_provenance_value-conflict_orderexp_B_then_C_seed3009,B_then_C,3009,post_washout,test-0007
67a48833,axis1_access_vs_provenance_value-conflict_orderexp_B_then_C_seed3009,B_then_C,3009,post_washout,test-0008
05817a5b,axis1_access_vs_provenance_value-conflict_orderexp_B_then_C_seed3009,B_then_C,3009,post_washout,test-0009
cbfe91ea,axis1_access_vs_provenance_value-conflict_orderexp_B_then_C_seed3009,B_then_C,3009,post_washout,test-0010
83f39cbe,axis1_access_vs_provenance_value-conflict_orderexp_B_then_C_seed3009,B_then_C,3009,post_washout,test-0011
3c8fa9ed,axis1_access_vs_provenance_value-conflict_orderexp_B_then_C_seed3009,B_then_C,3009,post_washout,test-0012
e708229c,axis1_access_vs_provenance_value-conflict_orderexp_B_then_C_seed3009,B_then_C,3009,post_washout,test-0013
a551aaa1,axis1_access_vs_provenance_value-conflict_orderexp_B_then_C_seed3009,B_then_C,3009,post_washout,test-0014
bc7b34f8,axis1_access_vs_provenance_value-conflict_orderexp_B_then_C_seed3009,B_then_C,3009,post_washout,test-0015
35f1bab3,axis1_access_vs_provenance_value-conflict_orderexp_B_then_C_seed3009,B_then_C,3009,post_washout,test-0016
f0eb4722,axis1_access_vs_provenance_value-conflict_orderexp_B_then_C_seed3009,B_then_C,3009,post_washout,test-0017
6a0cff0a,axis1_access_vs_provenance_value-conflict_orderexp_B_then_C_seed3009,B_then_C,3009,post_washout,test-0018
7ce7326e,axis1_access_vs_provenance_value-conflict_orderexp_B_then_C_seed3009,B_then_C,3009,post_washout,test-0019
95270679,axis1_access_vs_provenance_value-conflict_orderexp_B_then_C_seed3009,B_then_C,3009,post_washout,test-0020
63946b00,axis1_access_vs_provenance_value-conflict_orderexp_B_then_C_seed3009,B_then_C,3009,post_washout,test-0021
2eab9647,axis1_access_vs_provenance_value-conflict_orderexp_B_then_C_seed3009,B_then_C,3009,post_washout,test-0022
ec8b8b44,axis1_access_vs_provenance_value-conflict_orderexp_B_then_C_seed3009,B_then_C,3009,post_washout,test-0023
fcacbed1,axis1_access_vs_provenance_value-conflict_orderexp_B_then_C_seed3009,B_then_C,3009,post_washout,test-0024
4e0841db,axis1_access_vs_provenance_value-conflict_orderexp_A_then_C_seed3010,A_then_C,3010,post_conflict,test-0001
136359b1,axis1_access_vs_provenance_value-conflict_orderexp_A_then_C_seed3010,A_then_C,3010,post_conflict,test-0002
1ed37ab6,axis1_access_vs_provenance_value-conflict_orderexp_A_then_C_seed3010,A_then_C,3010,post_conflict,test-0003
2931ef0d,axis1_access_vs_provenance_value-conflict_orderexp_A_then_C_seed3010,A_then_C,3010,post_conflict,test-0004
bd905367,axis1_access_vs_provenance_value-conflict_orderexp_A_then_C_seed3010,A_then_C,3010,post_conflict,test-0005
e05fb6ac,axis1_access_vs_provenance_value-conflict_orderexp_A_then_C_seed3010,A_then_C,3010,post_conflict,test-0006
ab1e434c,axis1_access_vs_provenance_value-conflict_orderexp_A_then_C_seed3010,A_then_C,3010,post_conflict,test-0007
f0627c8d,axis1_access_vs_provenance_value-conflict_orderexp_A_then_C_seed3010,A_then_C,3010,post_conflict,test-0008
593a9783,axis1_access_vs_provenance_value-conflict_orderexp_A_then_C_seed3010,A_then_C,3010,post_conflict,test-0009
0e395539,axis1_access_vs_provenance_value-conflict_orderexp_A_then_C_seed3010,A_then_C,3010,post_conflict,test-0010
84ed4c25,axis1_access_vs_provenance_value-conflict_orderexp_A_then_C_seed3010,A_then_C,3010,post_conflict,test-0011
95f92938,axis1_access_vs_provenance_value-conflict_orderexp_A_then_C_seed3010,A_then_C,3010,post_conflict,test-0012
4c545d43,axis1_access_vs_provenance_value-conflict_orderexp_A_then_C_seed3010,A_then_C,3010,post_conflict,test-0013
e3c3f1f0,axis1_access_vs_provenance_value-conflict_orderexp_A_then_C_seed3010,A_then_C,3010,post_conflict,test-0014
33ed7d53,axis1_access_vs_provenance_value-conflict_orderexp_A_then_C_seed3010,A_then_C,3010,post_conflict,test-0015
7d2fbb5e,axis1_access_vs_provenance_value-conflict_orderexp_A_then_C_seed3010,A_then_C,3010,post_conflict,test-0016
cd037497,axis1_access_vs_provenance_value-conflict_orderexp_A_then_C_seed3010,A_then_C,3010,post_conflict,test-0017
d011d01f,axis1_access_vs_provenance_value-conflict_orderexp_A_then_C_seed3010,A_then_C,3010,post_conflict,test-0018
e761c52c,axis1_access_vs_provenance_value-conflict_orderexp_A_then_C_seed3010,A_then_C,3010,post_conflict,test-0019
8f892f8d,axis1_access_vs_provenance_value-conflict_orderexp_A_then_C_seed3010,A_then_C,3010,post_conflict,test-0020
512b97c2,axis1_access_vs_provenance_value-conflict_orderexp_A_then_C_seed3010,A_then_C,3010,post_conflict,test-0021
eb2caf7f,axis1_access_vs_provenance_value-conflict_orderexp_A_then_C_seed3010,A_then_C,3010,post_conflict,test-0022
aecdc064,axis1_access_vs_provenance_value-conflict_orderexp_A_then_C_seed3010,A_then_C,3010,post_conflict,test-0023
134ba887,axis1_access_vs_provenance_value-conflict_orderexp_A_then_C_seed3010,A_then_C,3010,post_conflict,test-0024
4bc312bc,axis1_access_vs_provenance_value-conflict_orderexp_A_then_C_seed3010,A_then_C,3010,post_washout,test-0001
3cbedd34,axis1_access_vs_provenance_value-conflict_orderexp_A_then_C_seed3010,A_then_C,3010,post_washout,test-0002
544b388c,axis1_access_vs_provenance_value-conflict_orderexp_A_then_C_seed3010,A_then_C,3010,post_washout,test-0003
e14bb166,axis1_access_vs_provenance_value-conflict_orderexp_A_then_C_seed3010,A_then_C,3010,post_washout,test-0004
df033af3,axis1_access_vs_provenance_value-conflict_orderexp_A_then_C_seed3010,A_then_C,3010,post_washout,test-0005
545e2ed3,axis1_access_vs_provenance_value-conflict_orderexp_A_then_C_seed3010,A_then_C,3010,post_washout,test-0006
71352d89,axis1_access_vs_provenance_value-conflict_orderexp_A_then_C_seed3010,A_then_C,3010,post_washout,test-0007
92f0dc02,axis1_access_vs_provenance_value-conflict_orderexp_A_then_C_seed3010,A_then_C,3010,post_washout,test-0008
fd6790f2,axis1_access_vs_provenance_value-conflict_orderexp_A_then_C_seed3010,A_then_C,3010,post_washout,test-0009
687d74cd,axis1_access_vs_provenance_value-conflict_orderexp_A_then_C_seed3010,A_then_C,3010,post_washout,test-0010
7071f3e9,axis1_access_vs_provenance_value-conflict_orderexp_A_then_C_seed3010,A_then_C,3010,post_washout,test-0011
4b1b505b,axis1_access_vs_provenance_value-conflict_orderexp_A_then_C_seed3010,A_then_C,3010,post_washout,test-0012
5c13f541,axis1_access_vs_provenance_value-conflict_orderexp_A_then_C_seed3010,A_then_C,3010,post_washout,test-0013
b8725575,axis1_access_vs_provenance_value-conflict_orderexp_A_then_C_seed3010,A_then_C,3010,post_washout,test-0014
009cf8dd,axis1_access_vs_provenance_value-conflict_orderexp_A_then_C_seed3010,A_then_C,3010,post_washout,test-0015
b2395eec,axis1_access_vs_provenance_value-conflict_orderexp_A_then_C_seed3010,A_then_C,3010,post_washout,test-0016
289d5396,axis1_access_vs_provenance_value-conflict_orderexp_A_then_C_seed3010,A_then_C,3010,post_washout,test-0017
5e36f09e,axis1_access_vs_provenance_value-conflict_orderexp_A_then_C_seed3010,A_then_C,3010,post_washout,test-0018
42a00465,axis1_access_vs_provenance_value-conflict_orderexp_A_then_C_seed3010,A_then_C,3010,post_washout,test-0019
a12f0c3c,axis1_access_vs_provenance_value-conflict_orderexp_A_then_C_seed3010,A_then_C,3010,post_washout,test-0020
911ccadf,axis1_access_vs_provenance_value-conflict_orderexp_A_then_C_seed3010,A_then_C,3010,post_washout,test-0021
f5b0a4d9,axis1_access_vs_provenance_value-conflict_orderexp_A_then_C_seed3010,A_then_C,3010,post_washout,test-0022
d43d8ca1,axis1_access_vs_provenance_value-conflict_orderexp_A_then_C_seed3010,A_then_C,3010,post_washout,test-0023
d3e56a6b,axis1_access_vs_provenance_value-conflict_orderexp_A_then_C_seed3010,A_then_C,3010,post_washout,test-0024
cc592143,axis1_access_vs_provenance_value-conflict_orderexp_B_then_C_seed3010,B_then_C,3010,post_conflict,test-0001
c876f64c,axis1_access_vs_provenance_value-conflict_orderexp_B_then_C_seed3010,B_then_C,3010,post_conflict,test-0002
33facebe,axis1_access_vs_provenance_value-conflict_orderexp_B_then_C_seed3010,B_then_C,3010,post_conflict,test-0003
a90bc9f4,axis1_access_vs_provenance_value-conflict_orderexp_B_then_C_seed3010,B_then_C,3010,post_conflict,test-0004
540645b0,axis1_access_vs_provenance_value-conflict_orderexp_B_then_C_seed3010,B_then_C,3010,post_conflict,test-0005
79271a2f,axis1_access_vs_provenance_value-conflict_orderexp_B_then_C_seed3010,B_then_C,3010,post_conflict,test-0006
ef9b01eb,axis1_access_vs_provenance_value-conflict_orderexp_B_then_C_seed3010,B_then_C,3010,post_conflict,test-0007
9d0f8f26,axis1_access_vs_provenance_value-conflict_orderexp_B_then_C_seed3010,B_then_C,3010,post_conflict,test-0008
82550037,axis1_access_vs_provenance_value-conflict_orderexp_B_then_C_seed3010,B_then_C,3010,post_conflict,test-0009
e1fb72bf,axis1_access_vs_provenance_value-conflict_orderexp_B_then_C_seed3010,B_then_C,3010,post_conflict,test-0010
b6e373c2,axis1_access_vs_provenance_value-conflict_orderexp_B_then_C_seed3010,B_then_C,3010,post_conflict,test-0011
afc18349,axis1_access_vs_provenance_value-conflict_orderexp_B_then_C_seed3010,B_then_C,3010,post_conflict,test-0012
e9ae9d63,axis1_access_vs_provenance_value-conflict_orderexp_B_then_C_seed3010,B_then_C,3010,post_conflict,test-0013
09d40ccd,axis1_access_vs_provenance_value-conflict_orderexp_B_then_C_seed3010,B_then_C,3010,post_conflict,test-0014
4b0e3ad8,axis1_access_vs_provenance_value-conflict_orderexp_B_then_C_seed3010,B_then_C,3010,post_conflict,test-0015
d354e845,axis1_access_vs_provenance_value-conflict_orderexp_B_then_C_seed3010,B_then_C,3010,post_conflict,test-0016
bcd55ae8,axis1_access_vs_provenance_value-conflict_orderexp_B_then_C_seed3010,B_then_C,3010,post_conflict,test-0017
4e65713c,axis1_access_vs_provenance_value-conflict_orderexp_B_then_C_seed3010,B_then_C,3010,post_conflict,test-0018
17051b13,axis1_access_vs_provenance_value-conflict_orderexp_B_then_C_seed3010,B_then_C,3010,post_conflict,test-0019
7d621538,axis1_access_vs_provenance_value-conflict_orderexp_B_then_C_seed3010,B_then_C,3010,post_conflict,test-0020
67eac754,axis1_access_vs_provenance_value-conflict_orderexp_B_then_C_seed3010,B_then_C,3010,post_conflict,test-0021
feeeef63,axis1_access_vs_provenance_value-conflict_orderexp_B_then_C_seed3010,B_then_C,3010,post_conflict,test-0022
1984c11c,axis1_access_vs_provenance_value-conflict_orderexp_B_then_C_seed3010,B_then_C,3010,post_conflict,test-0023
c164d971,axis1_access_vs_provenance_value-conflict_orderexp_B_then_C_seed3010,B_then_C,3010,post_conflict,test-0024
af230621,axis1_access_vs_provenance_value-conflict_orderexp_B_then_C_seed3010,B_then_C,3010,post_washout,test-0001
b8a175f1,axis1_access_vs_provenance_value-conflict_orderexp_B_then_C_seed3010,B_then_C,3010,post_washout,test-0002
21691679,axis1_access_vs_provenance_value-conflict_orderexp_B_then_C_seed3010,B_then_C,3010,post_washout,test-0003
9d4294f6,axis1_access_vs_provenance_value-conflict_orderexp_B_then_C_seed3010,B_then_C,3010,post_washout,test-0004
0e27cbe1,axis1_access_vs_provenance_value-conflict_orderexp_B_then_C_seed3010,B_then_C,3010,post_washout,test-0005
65ad925c,axis1_access_vs_provenance_value-conflict_orderexp_B_then_C_seed3010,B_then_C,3010,post_washout,test-0006
9d07b00a,axis1_access_vs_provenance_value-conflict_orderexp_B_then_C_seed3010,B_then_C,3010,post_washout,test-0007
c869e7a4,axis1_access_vs_provenance_value-conflict_orderexp_B_then_C_seed3010,B_then_C,3010,post_washout,test-0008
6f3d2a20,axis1_access_vs_provenance_value-conflict_orderexp_B_then_C_seed3010,B_then_C,3010,post_washout,test-0009
bbf570b2,axis1_access_vs_provenance_value-conflict_orderexp_B_then_C_seed3010,B_then_C,3010,post_washout,test-0010
20009c2b,axis1_access_vs_provenance_value-conflict_orderexp_B_then_C_seed3010,B_then_C,3010,post_washout,test-0011
842b1031,axis1_access_vs_provenance_value-conflict_orderexp_B_then_C_seed3010,B_then_C,3010,post_washout,test-0012
77127197,axis1_access_vs_provenance_value-conflict_orderexp_B_then_C_seed3010,B_then_C,3010,post_washout,test-0013
3e32ac19,axis1_access_vs_provenance_value-conflict_orderexp_B_then_C_seed3010,B_then_C,3010,post_washout,test-0014
59e68f9f,axis1_access_vs_provenance_value-conflict_orderexp_B_then_C_seed3010,B_then_C,3010,post_washout,test-0015
8d8c8fa1,axis1_access_vs_provenance_value-conflict_orderexp_B_then_C_seed3010,B_then_C,3010,post_washout,test-0016
a7c6bb71,axis1_access_vs_provenance_value-conflict_orderexp_B_then_C_seed3010,B_then_C,3010,post_washout,test-0017
e4baf06f,axis1_access_vs_provenance_value-conflict_orderexp_B_then_C_seed3010,B_then_C,3010,post_washout,test-0018
f83c4297,axis1_access_vs_provenance_value-conflict_orderexp_B_then_C_seed3010,B_then_C,3010,post_washout,test-0019
7817a783,axis1_access_vs_provenance_value-conflict_orderexp_B_then_C_seed3010,B_then_C,3010,post_washout,test-0020
fc2293e3,axis1_access_vs_provenance_value-conflict_orderexp_B_then_C_seed3010,B_then_C,3010,post_washout,test-0021
684c887e,axis1_access_vs_provenance_value-conflict_orderexp_B_then_C_seed3010,B_then_C,3010,post_washout,test-0022
9767f576,axis1_access_vs_provenance_value-conflict_orderexp_B_then_C_seed3010,B_then_C,3010,post_washout,test-0023
b3a1323b,axis1_access_vs_provenance_value-conflict_orderexp_B_then_C_seed3010,B_then_C,3010,post_washout,test-0024
