label_id,run_name,condition,seed,checkpoint_boundary,scenario_id
212c7a78,axis1_access_vs_provenance_value-conflict_orderexp_A_first_seed3001,A_first,3001,post_washout,test-0001
39c4a4ea,axis1_access_vs_provenance_value-conflict_orderexp_A_first_seed3001,A_first,3001,post_washout,test-0001
1c26248a,axis1_access_vs_provenance_value-conflict_orderexp_A_first_seed3001,A_first,3001,post_washout,test-0001
c41135a3,axis1_access_vs_provenance_value-conflict_orderexp_A_first_seed3001,A_first,3001,post_washout,test-0001
4bef0186,axis1_access_vs_provenance_value-conflict_orderexp_A_first_seed3001,A_first,3001,post_washout,test-0001
b68dd8d1,axis1_access_vs_provenance_value-conflict_orderexp_A_first_seed3001,A_first,3001,post_washout,test-0002
04c0ff8d,axis1_access_vs_provenance_value-conflict_orderexp_A_first_seed3001,A_first,3001,post_washout,test-0002
1e293912,axis1_access_vs_provenance_value-conflict_orderexp_A_first_seed3001,A_first,3001,post_washout,test-0002
6da90fc5,axis1_access_vs_provenance_value-conflict_orderexp_A_first_seed3001,A_first,3001,post_washout,test-0002
b058adbf,axis1_access_vs_provenance_value-conflict_orderexp_A_first_seed3001,A_first,3001,post_washout,test-0002
1fe6f734,axis1_access_vs_provenance_value-conflict_orderexp_A_first_seed3001,A_first,3001,post_washout,test-0003
7a2bff89,axis1_access_vs_provenance_value-conflict_orderexp_A_first_seed3001,A_first,3001,post_washout,test-0003
c8b4121e,axis1_access_vs_provenance_value-conflict_orderexp_A_first_seed3001,A_first,3001,post_washout,test-0003
c69e540b,axis1_access_vs_provenance_value-conflict_orderexp_A_first_seed3001,A_first,3001,post_washout,test-0003
3a5a3ead,axis1_access_vs_provenance_value-conflict_orderexp_A_first_seed3001,A_first,3001,post_washout,test-0003
69ac74ac,axis1_access_vs_provenance_value-conflict_orderexp_A_first_seed3001,A_first,3001,post_washout,test-0004
5113f2bd,axis1_access_vs_provenance_value-conflict_orderexp_A_first_seed3001,A_first,3001,post_washout,test-0004
ef57b2c6,axis1_access_vs_provenance_value-conflict_orderexp_A_first_seed3001,A_first,3001,post_washout,test-0004
4268fbf7,axis1_access_vs_provenance_value-conflict_orderexp_A_first_seed3001,A_first,3001,post_washout,test-0004
63db3975,axis1_access_vs_provenance_value-conflict_orderexp_A_first_seed3001,A_first,3001,post_washout,test-0004
0e260236,axis1_access_vs_provenance_value-conflict_orderexp_A_first_seed3001,A_first,3001,post_washout,test-0005
d040ed29,axis1_access_vs_provenance_value-conflict_orderexp_A_first_seed3001,A_first,3001,post_washout,test-0005
a9267bfc,axis1_access_vs_provenance_value-conflict_orderexp_A_first_seed3001,A_first,3001,post_washout,test-0005
74b49312,axis1_access_vs_provenance_value-conflict_orderexp_A_first_seed3001,A_first,3001,post_washout,test-0005
0e2fff01,axis1_access_vs_provenance_value-conflict_orderexp_A_first_seed3001,A_first,3001,post_washout,test-0005
7bdfa12f,axis1_access_vs_provenance_value-conflict_orderexp_A_first_seed3001,A_first,3001,post_washout,test-0006
bb03f162,axis1_access_vs_provenance_value-conflict_orderexp_A_first_seed3001,A_first,3001,post_washout,test-0006
78abd7ef,axis1_access_vs_provenance_value-conflict_orderexp_A_first_seed3001,A_first,3001,post_washout,test-0006
09198639,axis1_access_vs_provenance_value-conflict_orderexp_A_first_seed3001,A_first,3001,post_washout,test-0006
3769ccfb,axis1_access_vs_provenance_value-conflict_orderexp_A_first_seed3001,A_first,3001,post_washout,test-0006
a4c8c28b,axis1_access_vs_provenance_value-conflict_orderexp_A_first_seed3001,A_first,3001,post_washout,test-0007
2d9601c1,axis1_access_vs_provenance_value-conflict_orderexp_A_first_seed3001,A_first,3001,post_washout,test-0007
5125cb16,axis1_access_vs_provenance_value-conflict_orderexp_A_first_seed3001,A_first,3001,post_washout,test-0007
be8e3d71,axis1_access_vs_provenance_value-conflict_orderexp_A_first_seed3001,A_first,3001,post_washout,test-0007
7770aed6,axis1_access_vs_provenance_value-conflict_orderexp_A_first_seed3001,A_first,3001,post_washout,test-0007
bd4fff4b,axis1_access_vs_provenance_value-conflict_orderexp_A_first_seed3001,A_first,3001,post_washout,test-0008
36d48c61,axis1_access_vs_provenance_value-conflict_orderexp_A_first_seed3001,A_first,3001,post_washout,test-0008
2bf0f3cd,axis1_access_vs_provenance_value-conflict_orderexp_A_first_seed3001,A_first,3001,post_washout,test-0008
3dc51147,axis1_access_vs_provenance_value-conflict_orderexp_A_first_seed3001,A_first,3001,post_washout,test-0008
8ea77390,axis1_access_vs_provenance_value-conflict_orderexp_A_first_seed3001,A_first,3001,post_washout,test-0008
cd1773df,axis1_access_vs_provenance_value-conflict_orderexp_A_first_seed3001,A_first,3001,post_washout,test-0009
d3ed4d14,axis1_access_vs_provenance_value-conflict_orderexp_A_first_seed3001,A_first,3001,post_washout,test-0009
097b63e7,axis1_access_vs_provenance_value-conflict_orderexp_A_first_seed3001,A_first,3001,post_washout,test-0009
ac206dbe,axis1_access_vs_provenance_value-conflict_orderexp_A_first_seed3001,A_first,3001,post_washout,test-0009
8c18be89,axis1_access_vs_provenance_value-conflict_orderexp_A_first_seed3001,A_first,3001,post_washout,test-0009
9aecffb3,axis1_access_vs_provenance_value-conflict_orderexp_A_first_seed3001,A_first,3001,post_washout,test-0010
d67b625a,axis1_access_vs_provenance_value-conflict_orderexp_A_first_seed3001,A_first,3001,post_washout,test-0010
266c4a69,axis1_access_vs_provenance_value-conflict_orderexp_A_first_seed3001,A_first,3001,post_washout,test-0010
09d10561,axis1_access_vs_provenance_value-conflict_orderexp_A_first_seed3001,A_first,3001,post_washout,test-0010
9539a086,axis1_access_vs_provenance_value-conflict_orderexp_A_first_seed3001,A_first,3001,post_washout,test-0010
7d9e0237,axis1_access_vs_provenance_value-conflict_orderexp_A_first_seed3001,A_first,3001,post_washout,test-0011
105dfe4b,axis1_access_vs_provenance_value-conflict_orderexp_A_first_seed3001,A_first,3001,post_washout,test-0011
0bae2232,axis1_access_vs_provenance_value-conflict_orderexp_A_first_seed3001,A_first,3001,post_washout,test-0011
66f99081,axis1_access_vs_provenance_value-conflict_orderexp_A_first_seed3001,A_first,3001,post_washout,test-0011
b8a8f80d,axis1_access_vs_provenance_value-conflict_orderexp_A_first_seed3001,A_first,3001,post_washout,test-0011
d506e568,axis1_access_vs_provenance_value-conflict_orderexp_A_first_seed3001,A_first,3001,post_washout,test-0012
b0329c2e,axis1_access_vs_provenance_value-conflict_orderexp_A_first_seed3001,A_first,3001,post_washout,test-0012
c224a083,axis1_access_vs_provenance_value-conflict_orderexp_A_first_seed3001,A_first,3001,post_washout,test-0012
97723152,axis1_access_vs_provenance_value-conflict_orderexp_A_first_seed3001,A_first,3001,post_washout,test-0012
3e34efc7,axis1_access_vs_provenance_value-conflict_orderexp_A_first_seed3001,A_first,3001,post_washout,test-0012
60346784,axis1_access_vs_provenance_value-conflict_orderexp_A_first_seed3001,A_first,3001,post_washout,test-0013
1398f1f6,axis1_access_vs_provenance_value-conflict_orderexp_A_first_seed3001,A_first,3001,post_washout,test-0013
caa142e6,axis1_access_vs_provenance_value-conflict_orderexp_A_first_seed3001,A_first,3001,post_washout,test-0013
898ac4f6,axis1_access_vs_provenance_value-conflict_orderexp_A_first_seed3001,A_first,3001,post_washout,test-0013
d5b1db5d,axis1_access_vs_provenance_value-conflict_orderexp_A_first_seed3001,A_first,3001,post_washout,test-0013
358085ea,axis1_access_vs_provenance_value-conflict_orderexp_A_first_seed3001,A_first,3001,post_washout,test-0014
012c7483,axis1_access_vs_provenance_value-conflict_orderexp_A_first_seed3001,A_first,3001,post_washout,test-0014
ce6aee08,axis1_access_vs_provenance_value-conflict_orderexp_A_first_seed3001,A_first,3001,post_washout,test-0014
09512ac2,axis1_access_vs_provenance_value-conflict_orderexp_A_first_seed3001,A_first,3001,post_washout,test-0014
a13b7765,axis1_access_vs_provenance_value-conflict_orderexp_A_first_seed3001,A_first,3001,post_washout,test-0014
b6cc3b09,axis1_access_vs_provenance_value-conflict_orderexp_A_first_seed3001,A_first,3001,post_washout,test-0015
7f168d55,axis1_access_vs_provenance_value-conflict_orderexp_A_first_seed3001,A_first,3001,post_washout,test-0015
4b56fe86,axis1_access_vs_provenance_value-conflict_orderexp_A_first_seed3001,A_first,3001,post_washout,test-0015
9c9b49b1,axis1_access_vs_provenance_value-conflict_orderexp_A_first_seed3001,A_first,3001,post_washout,test-0015
2b4444fd,axis1_access_vs_provenance_value-conflict_orderexp_A_first_seed3001,A_first,3001,post_washout,test-0015
fd4435f9,axis1_access_vs_provenance_value-conflict_orderexp_A_first_seed3001,A_first,3001,post_washout,test-0016
c71d9359,axis1_access_vs_provenance_value-conflict_orderexp_A_first_seed3001,A_first,3001,post_washout,test-0016
0cba3f84,axis1_access_vs_provenance_value-conflict_orderexp_A_first_seed3001,A_first,3001,post_washout,test-0016
46ce6b16,axis1_access_vs_provenance_value-conflict_orderexp_A_first_seed3001,A_first,3001,post_washout,test-0016
47892fb2,axis1_access_vs_provenance_value-conflict_orderexp_A_first_seed3001,A_first,3001,post_washout,test-0016
c12158d4,axis1_access_vs_provenance_value-conflict_orderexp_A_first_seed3001,A_first,3001,post_washout,test-0017
b8cddb2d,axis1_access_vs_provenance_value-conflict_orderexp_A_first_seed3001,A_first,3001,post_washout,test-0017
daffd548,axis1_access_vs_provenance_value-conflict_orderexp_A_first_seed3001,A_first,3001,post_washout,test-0017
e1829b63,axis1_access_vs_provenance_value-conflict_orderexp_A_first_seed3001,A_first,3001,post_washout,test-0017
3cab301f,axis1_access_vs_provenance_value-conflict_orderexp_A_first_seed3001,A_first,3001,post_washout,test-0017
ae080d49,axis1_access_vs_provenance_value-conflict_orderexp_A_first_seed3001,A_first,3001,post_washout,test-0018
20e5d5c3,axis1_access_vs_provenance_value-conflict_orderexp_A_first_seed3001,A_first,3001,post_washout,test-0018
8dd45dc0,axis1_access_vs_provenance_value-conflict_orderexp_A_first_seed3001,A_first,3001,post_washout,test-0018
fe795e5b,axis1_access_vs_provenance_value-conflict_orderexp_A_first_seed3001,A_first,3001,post_washout,test-0018
633fb5ea,axis1_access_vs_provenance_value-conflict_orderexp_A_first_seed3001,A_first,3001,post_washout,test-0018
99dd897f,axis1_access_vs_provenance_value-conflict_orderexp_A_first_seed3001,A_first,3001,post_washout,test-0019
67e9d50c,axis1_access_vs_provenance_value-conflict_orderexp_A_first_seed3001,A_first,3001,post_washout,test-0019
4cbc345a,axis1_access_vs_provenance_value-conflict_orderexp_A_first_seed3001,A_first,3001,post_washout,test-0019
2e3adf48,axis1_access_vs_provenance_value-conflict_orderexp_A_first_seed3001,A_first,3001,post_washout,test-0019
aa6cb40a,axis1_access_vs_provenance_value-conflict_orderexp_A_first_seed3001,A_first,3001,post_washout,test-0019
a23ac587,axis1_access_vs_provenance_value-conflict_orderexp_A_first_seed3001,A_first,3001,post_washout,test-0020
a91f9e41,axis1_access_vs_provenance_value-conflict_orderexp_A_first_seed3001,A_first,3001,post_washout,test-0020
4665de00,axis1_access_vs_provenance_value-conflict_orderexp_A_first_seed3001,A_first,3001,post_washout,test-0020
4c155da6,axis1_access_vs_provenance_value-conflict_orderexp_A_first_seed3001,A_first,3001,post_washout,test-0020
e69408b6,axis1_access_vs_provenance_value-conflict_orderexp_A_first_seed3001,A_first,3001,post_washout,test-0020
d823cca8,axis1_access_vs_provenance_value-conflict_orderexp_A_first_seed3001,A_first,3001,post_washout,test-0021
f9e7fa67,axis1_access_vs_provenance_value-conflict_orderexp_A_first_seed3001,A_first,3001,post_washout,test-0021
954482bd,axis1_access_vs_provenance_value-conflict_orderexp_A_first_seed3001,A_first,3001,post_washout,test-0021
7a386121,axis1_access_vs_provenance_value-conflict_orderexp_A_first_seed3001,A_first,3001,post_washout,test-0021
67e712ff,axis1_access_vs_provenance_value-conflict_orderexp_A_first_seed3001,A_first,3001,post_washout,test-0021
fddacc06,axis1_access_vs_provenance_value-conflict_orderexp_A_first_seed3001,A_first,3001,post_washout,test-0022
3d07fb93,axis1_access_vs_provenance_value-conflict_orderexp_A_first_seed3001,A_first,3001,post_washout,test-0022
c377377e,axis1_access_vs_provenance_value-conflict_orderexp_A_first_seed3001,A_first,3001,post_washout,test-0022
77e581f3,axis1_access_vs_provenance_value-conflict_orderexp_A_first_seed3001,A_first,3001,post_washout,test-0022
6f1ec4e7,axis1_access_vs_provenance_value-conflict_orderexp_A_first_seed3001,A_first,3001,post_washout,test-0022
13b2e881,axis1_access_vs_provenance_value-conflict_orderexp_A_first_seed3001,A_first,3001,post_washout,test-0023
d2e967bb,axis1_access_vs_provenance_value-conflict_orderexp_A_first_seed3001,A_first,3001,post_washout,test-0023
9afa7f9a,axis1_access_vs_provenance_value-conflict_orderexp_A_first_seed3001,A_first,3001,post_washout,test-0023
adcbc92a,axis1_access_vs_provenance_value-conflict_orderexp_A_first_seed3001,A_first,3001,post_washout,test-0023
416928a4,axis1_access_vs_provenance_value-conflict_orderexp_A_first_seed3001,A_first,3001,post_washout,test-0023
fa80b26c,axis1_access_vs_provenance_value-conflict_orderexp_A_first_seed3001,A_first,3001,post_washout,test-0024
8cb97a6d,axis1_access_vs_provenance_value-conflict_orderexp_A_first_seed3001,A_first,3001,post_washout,test-0024
8c289abe,axis1_access_vs_provenance_value-conflict_orderexp_A_first_seed3001,A_first,3001,post_washout,test-0024
06bdf1ef,axis1_access_vs_provenance_value-conflict_orderexp_A_first_seed3001,A_first,3001,post_washout,test-0024
0330c06d,axis1_access_vs_provenance_value-conflict_orderexp_A_first_seed3001,A_first,3001,post_washout,test-0024
9bea961f,axis1_access_vs_provenance_value-conflict_orderexp_A_first_seed3002,A_first,3002,post_washout,test-0001
7ab5f6a1,axis1_access_vs_provenance_value-conflict_orderexp_A_first_seed3002,A_first,3002,post_washout,test-0001
6fcbee86,axis1_access_vs_provenance_value-conflict_orderexp_A_first_seed3002,A_first,3002,post_washout,test-0001
ce7eb4bb,axis1_access_vs_provenance_value-conflict_orderexp_A_first_seed3002,A_first,3002,post_washout,test-0001
e3e14767,axis1_access_vs_provenance_value-conflict_orderexp_A_first_seed3002,A_first,3002,post_washout,test-0001
1d476495,axis1_access_vs_provenance_value-conflict_orderexp_A_first_seed3002,A_first,3002,post_washout,test-0002
312d17ce,axis1_access_vs_provenance_value-conflict_orderexp_A_first_seed3002,A_first,3002,post_washout,test-0002
3a849e7a,axis1_access_vs_provenance_value-conflict_orderexp_A_first_seed3002,A_first,3002,post_washout,test-0002
48e3dd44,axis1_access_vs_provenance_value-conflict_orderexp_A_first_seed3002,A_first,3002,post_washout,test-0002
cfcc8b58,axis1_access_vs_provenance_value-conflict_orderexp_A_first_seed3002,A_first,3002,post_washout,test-0002
501c7e89,axis1_access_vs_provenance_value-conflict_orderexp_A_first_seed3002,A_first,3002,post_washout,test-0003
ecaa77c7,axis1_access_vs_provenance_value-conflict_orderexp_A_first_seed3002,A_first,3002,post_washout,test-0003
86a8c106,axis1_access_vs_provenance_value-conflict_orderexp_A_first_seed3002,A_first,3002,post_washout,test-0003
fcf111a4,axis1_access_vs_provenance_value-conflict_orderexp_A_first_seed3002,A_first,3002,post_washout,test-0003
ab7d4b3c,axis1_access_vs_provenance_value-conflict_orderexp_A_first_seed3002,A_first,3002,post_washout,test-0003
52b99794,axis1_access_vs_provenance_value-conflict_orderexp_A_first_seed3002,A_first,3002,post_washout,test-0004
a0cd8d74,axis1_access_vs_provenance_value-conflict_orderexp_A_first_seed3002,A_first,3002,post_washout,test-0004
89f2347e,axis1_access_vs_provenance_value-conflict_orderexp_A_first_seed3002,A_first,3002,post_washout,test-0004
88706e56,axis1_access_vs_provenance_value-conflict_orderexp_A_first_seed3002,A_first,3002,post_washout,test-0004
39b52874,axis1_access_vs_provenance_value-conflict_orderexp_A_first_seed3002,A_first,3002,post_washout,test-0004
a9033627,axis1_access_vs_provenance_value-conflict_orderexp_A_first_seed3002,A_first,3002,post_washout,test-0005
1c2abb1d,axis1_access_vs_provenance_value-conflict_orderexp_A_first_seed3002,A_first,3002,post_washout,test-0005
7b16e3ca,axis1_access_vs_provenance_value-conflict_orderexp_A_first_seed3002,A_first,3002,post_washout,test-0005
25789cf5,axis1_access_vs_provenance_value-conflict_orderexp_A_first_seed3002,A_first,3002,post_washout,test-0005
93dc2647,axis1_access_vs_provenance_value-conflict_orderexp_A_first_seed3002,A_first,3002,post_washout,test-0005
928d921c,axis1_access_vs_provenance_value-conflict_orderexp_A_first_seed3002,A_first,3002,post_washout,test-0006
d86aaeed,axis1_access_vs_provenance_value-conflict_orderexp_A_first_seed3002,A_first,3002,post_washout,test-0006
fff6fcbf,axis1_access_vs_provenance_value-conflict_orderexp_A_first_seed3002,A_first,3002,post_washout,test-0006
6f586400,axis1_access_vs_provenance_value-conflict_orderexp_A_first_seed3002,A_first,3002,post_washout,test-0006
4524e96c,axis1_access_vs_provenance_value-conflict_orderexp_A_first_seed3002,A_first,3002,post_washout,test-0006
fcb5de5d,axis1_access_vs_provenance_value-conflict_orderexp_A_first_seed3002,A_first,3002,post_washout,test-0007
c3e516bd,axis1_access_vs_provenance_value-conflict_orderexp_A_first_seed3002,A_first,3002,post_washout,test-0007
6683681c,axis1_access_vs_provenance_value-conflict_orderexp_A_first_seed3002,A_first,3002,post_washout,test-0007
f6cdf6b2,axis1_access_vs_provenance_value-conflict_orderexp_A_first_seed3002,A_first,3002,post_washout,test-0007
3596a87f,axis1_access_vs_provenance_value-conflict_orderexp_A_first_seed3002,A_first,3002,post_washout,test-0007
c4cfd70e,axis1_access_vs_provenance_value-conflict_orderexp_A_first_seed3002,A_first,3002,post_washout,test-0008
ee4fa682,axis1_access_vs_provenance_value-conflict_orderexp_A_first_seed3002,A_first,3002,post_washout,test-0008
46b8e643,axis1_access_vs_provenance_value-conflict_orderexp_A_first_seed3002,A_first,3002,post_washout,test-0008
7bce37a3,axis1_access_vs_provenance_value-conflict_orderexp_A_first_seed3002,A_first,3002,post_washout,test-0008
65fa537e,axis1_access_vs_provenance_value-conflict_orderexp_A_first_seed3002,A_first,3002,post_washout,test-0008
1ed6da85,axis1_access_vs_provenance_value-conflict_orderexp_A_first_seed3002,A_first,3002,post_washout,test-0009
b7060be5,axis1_access_vs_provenance_value-conflict_orderexp_A_first_seed3002,A_first,3002,post_washout,test-0009
e44f494a,axis1_access_vs_provenance_value-conflict_orderexp_A_first_seed3002,A_first,3002,post_washout,test-0009
6d432144,axis1_access_vs_provenance_value-conflict_orderexp_A_first_seed3002,A_first,3002,post_washout,test-0009
f242d453,axis1_access_vs_provenance_value-conflict_orderexp_A_first_seed3002,A_first,3002,post_washout,test-0009
2df0deb2,axis1_access_vs_provenance_value-conflict_orderexp_A_first_seed3002,A_first,3002,post_washout,test-0010
35a126c4,axis1_access_vs_provenance_value-conflict_orderexp_A_first_seed3002,A_first,3002,post_washout,test-0010
3c541dd2,axis1_access_vs_provenance_value-conflict_orderexp_A_first_seed3002,A_first,3002,post_washout,test-0010
0481b864,axis1_access_vs_provenance_value-conflict_orderexp_A_first_seed3002,A_first,3002,post_washout,test-0010
e5346dcc,axis1_access_vs_provenance_value-conflict_orderexp_A_first_seed3002,A_first,3002,post_washout,test-0010
e54d655e,axis1_access_vs_provenance_value-conflict_orderexp_A_first_seed3002,A_first,3002,post_washout,test-0011
6a5017cb,axis1_access_vs_provenance_value-conflict_orderexp_A_first_seed3002,A_first,3002,post_washout,test-0011
ffdf00d6,axis1_access_vs_provenance_value-conflict_orderexp_A_first_seed3002,A_first,3002,post_washout,test-0011
effdb8c0,axis1_access_vs_provenance_value-conflict_orderexp_A_first_seed3002,A_first,3002,post_washout,test-0011
8e77dc87,axis1_access_vs_provenance_value-conflict_orderexp_A_first_seed3002,A_first,3002,post_washout,test-0011
3456f5c9,axis1_access_vs_provenance_value-conflict_orderexp_A_first_seed3002,A_first,3002,post_washout,test-0012
8b8c6496,axis1_access_vs_provenance_value-conflict_orderexp_A_first_seed3002,A_first,3002,post_washout,test-0012
37b415b4,axis1_access_vs_provenance_value-conflict_orderexp_A_first_seed3002,A_first,3002,post_washout,test-0012
e04269cf,axis1_access_vs_provenance_value-conflict_orderexp_A_first_seed3002,A_first,3002,post_washout,test-0012
b49bf7a4,axis1_access_vs_provenance_value-conflict_orderexp_A_first_seed3002,A_first,3002,post_washout,test-0012
c9228467,axis1_access_vs_provenance_value-conflict_orderexp_A_first_seed3002,A_first,3002,post_washout,test-0013
308819b5,axis1_access_vs_provenance_value-conflict_orderexp_A_first_seed3002,A_first,3002,post_washout,test-0013
0d65fd06,axis1_access_vs_provenance_value-conflict_orderexp_A_first_seed3002,A_first,3002,post_washout,test-0013
26d67030,axis1_access_vs_provenance_value-conflict_orderexp_A_first_seed3002,A_first,3002,post_washout,test-0013
67a036f9,axis1_access_vs_provenance_value-conflict_orderexp_A_first_seed3002,A_first,3002,post_washout,test-0013
4eb75492,axis1_access_vs_provenance_value-conflict_orderexp_A_first_seed3002,A_first,3002,post_washout,test-0014
576a7619,axis1_access_vs_provenance_value-conflict_orderexp_A_first_seed3002,A_first,3002,post_washout,test-0014
f00b0297,axis1_access_vs_provenance_value-conflict_orderexp_A_first_seed3002,A_first,3002,post_washout,test-0014
d60ae522,axis1_access_vs_provenance_value-conflict_orderexp_A_first_seed3002,A_first,3002,post_washout,test-0014
be84c519,axis1_access_vs_provenance_value-conflict_orderexp_A_first_seed3002,A_first,3002,post_washout,test-0014
5fed3fc4,axis1_access_vs_provenance_value-conflict_orderexp_A_first_seed3002,A_first,3002,post_washout,test-0015
5290c390,axis1_access_vs_provenance_value-conflict_orderexp_A_first_seed3002,A_first,3002,post_washout,test-0015
7a7b2a99,axis1_access_vs_provenance_value-conflict_orderexp_A_first_seed3002,A_first,3002,post_washout,test-0015
a8ddcc36,axis1_access_vs_provenance_value-conflict_orderexp_A_first_seed3002,A_first,3002,post_washout,test-0015
325cf6e3,axis1_access_vs_provenance_value-conflict_orderexp_A_first_seed3002,A_first,3002,post_washout,test-0015
0a66a18d,axis1_access_vs_provenance_value-conflict_orderexp_A_first_seed3002,A_first,3002,post_washout,test-0016
4d80e7ac,axis1_access_vs_provenance_value-conflict_orderexp_A_first_seed3002,A_first,3002,post_washout,test-0016
7ad5472b,axis1_access_vs_provenance_value-conflict_orderexp_A_first_seed3002,A_first,3002,post_washout,test-0016
3e15029d,axis1_access_vs_provenance_value-conflict_orderexp_A_first_seed3002,A_first,3002,post_washout,test-0016
478adb6f,axis1_access_vs_provenance_value-conflict_orderexp_A_first_seed3002,A_first,3002,post_washout,test-0016
cad94be2,axis1_access_vs_provenance_value-conflict_orderexp_A_first_seed3002,A_first,3002,post_washout,test-0017
bd62e68a,axis1_access_vs_provenance_value-conflict_orderexp_A_first_seed3002,A_first,3002,post_washout,test-0017
eb6a023b,axis1_access_vs_provenance_value-conflict_orderexp_A_first_seed3002,A_first,3002,post_washout,test-0017
35645ef7,axis1_access_vs_provenance_value-conflict_orderexp_A_first_seed3002,A_first,3002,post_washout,test-0017
b8198650,axis1_access_vs_provenance_value-conflict_orderexp_A_first_seed3002,A_first,3002,post_washout,test-0017
4d4c6437,axis1_access_vs_provenance_value-conflict_orderexp_A_first_seed3002,A_first,3002,post_washout,test-0018
8154127e,axis1_access_vs_provenance_value-conflict_orderexp_A_first_seed3002,A_first,3002,post_washout,test-0018
1b426d08,axis1_access_vs_provenance_value-conflict_orderexp_A_first_seed3002,A_first,3002,post_washout,test-0018
0ce2ea90,axis1_access_vs_provenance_value-conflict_orderexp_A_first_seed3002,A_first,3002,post_washout,test-0018
aa41b75c,axis1_access_vs_provenance_value-conflict_orderexp_A_first_seed3002,A_first,3002,post_washout,test-0018
1386581a,axis1_access_vs_provenance_value-conflict_orderexp_A_first_seed3002,A_first,3002,post_washout,test-0019
e3a78ab7,axis1_access_vs_provenance_value-conflict_orderexp_A_first_seed3002,A_first,3002,post_washout,test-0019
00fb4c67,axis1_access_vs_provenance_value-conflict_orderexp_A_first_seed3002,A_first,3002,post_washout,test-0019
77d46675,axis1_access_vs_provenance_value-conflict_orderexp_A_first_seed3002,A_first,3002,post_washout,test-0019
3c4d3931,axis1_access_vs_provenance_value-conflict_orderexp_A_first_seed3002,A_first,3002,post_washout,test-0019
e5b9af2a,axis1_access_vs_provenance_value-conflict_orderexp_A_first_seed3002,A_first,3002,post_washout,test-0020
985bdeb1,axis1_access_vs_provenance_value-conflict_orderexp_A_first_seed3002,A_first,3002,post_washout,test-0020
d260f0d2,axis1_access_vs_provenance_value-conflict_orderexp_A_first_seed3002,A_first,3002,post_washout,test-0020
cd957a0b,axis1_access_vs_provenance_value-conflict_orderexp_A_first_seed3002,A_first,3002,post_washout,test-0020
157966a8,axis1_access_vs_provenance_value-conflict_orderexp_A_first_seed3002,A_first,3002,post_washout,test-0020
bebe8680,axis1_access_vs_provenance_value-conflict_orderexp_A_first_seed3002,A_first,3002,post_washout,test-0021
8f562240,axis1_access_vs_provenance_value-conflict_orderexp_A_first_seed3002,A_first,3002,post_washout,test-0021
663fb115,axis1_access_vs_provenance_value-conflict_orderexp_A_first_seed3002,A_first,3002,post_washout,test-0021
4f58f03f,axis1_access_vs_provenance_value-conflict_orderexp_A_first_seed3002,A_first,3002,post_washout,test-0021
09182a95,axis1_access_vs_provenance_value-conflict_orderexp_A_first_seed3002,A_first,3002,post_washout,test-0021
d051b61f,axis1_access_vs_provenance_value-conflict_orderexp_A_first_seed3002,A_first,3002,post_washout,test-0022
31b6a8ae,axis1_access_vs_provenance_value-conflict_orderexp_A_first_seed3002,A_first,3002,post_washout,test-0022
beef1271,axis1_access_vs_provenance_value-conflict_orderexp_A_first_seed3002,A_first,3002,post_washout,test-0022
ad3df482,axis1_access_vs_provenance_value-conflict_orderexp_A_first_seed3002,A_first,3002,post_washout,test-0022
56a4894e,axis1_access_vs_provenance_value-conflict_orderexp_A_first_seed3002,A_first,3002,post_washout,test-0022
00aff747,axis1_access_vs_provenance_value-conflict_orderexp_A_first_seed3002,A_first,3002,post_washout,test-0023
91d155ee,axis1_access_vs_provenance_value-conflict_orderexp_A_first_seed3002,A_first,3002,post_washout,test-0023
99429f0f,axis1_access_vs_provenance_value-conflict_orderexp_A_first_seed3002,A_first,3002,post_washout,test-0023
91e4c4c0,axis1_access_vs_provenance_value-conflict_orderexp_A_first_seed3002,A_first,3002,post_washout,test-0023
f56925cd,axis1_access_vs_provenance_value-conflict_orderexp_A_first_seed3002,A_first,3002,post_washout,test-0023
3935bd03,axis1_access_vs_provenance_value-conflict_orderexp_A_first_seed3002,A_first,3002,post_washout,test-0024
3ca63e6e,axis1_access_vs_provenance_value-conflict_orderexp_A_first_seed3002,A_first,3002,post_washout,test-0024
a33bf25d,axis1_access_vs_provenance_value-conflict_orderexp_A_first_seed3002,A_first,3002,post_washout,test-0024
48c62e93,axis1_access_vs_provenance_value-conflict_orderexp_A_first_seed3002,A_first,3002,post_washout,test-0024
f3f1f1b2,axis1_access_vs_provenance_value-conflict_orderexp_A_first_seed3002,A_first,3002,post_washout,test-0024
5e918928,axis1_access_vs_provenance_value-conflict_orderexp_A_first_seed3003,A_first,3003,post_washout,test-0001
ada88d5a,axis1_access_vs_provenance_value-conflict_orderexp_A_first_seed3003,A_first,3003,post_washout,test-0001
df761167,axis1_access_vs_provenance_value-conflict_orderexp_A_first_seed3003,A_first,3003,post_washout,test-0001
f118e1e2,axis1_access_vs_provenance_value-conflict_orderexp_A_first_seed3003,A_first,3003,post_washout,test-0001
56adfb3b,axis1_access_vs_provenance_value-conflict_orderexp_A_first_seed3003,A_first,3003,post_washout,test-0001
8e79a6f2,axis1_access_vs_provenance_value-conflict_orderexp_A_first_seed3003,A_first,3003,post_washout,test-0002
7a824cf0,axis1_access_vs_provenance_value-conflict_orderexp_A_first_seed3003,A_first,3003,post_washout,test-0002
e613e75b,axis1_access_vs_provenance_value-conflict_orderexp_A_first_seed3003,A_first,3003,post_washout,test-0002
17830c6a,axis1_access_vs_provenance_value-conflict_orderexp_A_first_seed3003,A_first,3003,post_washout,test-0002
ff3ba1e2,axis1_access_vs_provenance_value-conflict_orderexp_A_first_seed3003,A_first,3003,post_washout,test-0002
5d6b3d6c,axis1_access_vs_provenance_value-conflict_orderexp_A_first_seed3003,A_first,3003,post_washout,test-0003
f445732b,axis1_access_vs_provenance_value-conflict_orderexp_A_first_seed3003,A_first,3003,post_washout,test-0003
cb3477a5,axis1_access_vs_provenance_value-conflict_orderexp_A_first_seed3003,A_first,3003,post_washout,test-0003
1c9934ce,axis1_access_vs_provenance_value-conflict_orderexp_A_first_seed3003,A_first,3003,post_washout,test-0003
ba48db35,axis1_access_vs_provenance_value-conflict_orderexp_A_first_seed3003,A_first,3003,post_washout,test-0003
ca134f5a,axis1_access_vs_provenance_value-conflict_orderexp_A_first_seed3003,A_first,3003,post_washout,test-0004
4b309dfc,axis1_access_vs_provenance_value-conflict_orderexp_A_first_seed3003,A_first,3003,post_washout,test-0004
c4c8ef7c,axis1_access_vs_provenance_value-conflict_orderexp_A_first_seed3003,A_first,3003,post_washout,test-0004
5f296821,axis1_access_vs_provenance_value-conflict_orderexp_A_first_seed3003,A_first,3003,post_washout,test-0004
57aea335,axis1_access_vs_provenance_value-conflict_orderexp_A_first_seed3003,A_first,3003,post_washout,test-0004
82057a82,axis1_access_vs_provenance_value-conflict_orderexp_A_first_seed3003,A_first,3003,post_washout,test-0005
dec1db8a,axis1_access_vs_provenance_value-conflict_orderexp_A_first_seed3003,A_first,3003,post_washout,test-0005
e4d0499b,axis1_access_vs_provenance_value-conflict_orderexp_A_first_seed3003,A_first,3003,post_washout,test-0005
2348f032,axis1_access_vs_provenance_value-conflict_orderexp_A_first_seed3003,A_first,3003,post_washout,test-0005
208d4b37,axis1_access_vs_provenance_value-conflict_orderexp_A_first_seed3003,A_first,3003,post_washout,test-0005
f859e944,axis1_access_vs_provenance_value-conflict_orderexp_A_first_seed3003,A_first,3003,post_washout,test-0006
71c40a92,axis1_access_vs_provenance_value-conflict_orderexp_A_first_seed3003,A_first,3003,post_washout,test-0006
275bb64a,axis1_access_vs_provenance_value-conflict_orderexp_A_first_seed3003,A_first,3003,post_washout,test-0006
08b325b7,axis1_access_vs_provenance_value-conflict_orderexp_A_first_seed3003,A_first,3003,post_washout,test-0006
77034f22,axis1_access_vs_provenance_value-conflict_orderexp_A_first_seed3003,A_first,3003,post_washout,test-0006
517e4330,axis1_access_vs_provenance_value-conflict_orderexp_A_first_seed3003,A_first,3003,post_washout,test-0007
6e1cfec0,axis1_access_vs_provenance_value-conflict_orderexp_A_first_seed3003,A_first,3003,post_washout,test-0007
1e943690,axis1_access_vs_provenance_value-conflict_orderexp_A_first_seed3003,A_first,3003,post_washout,test-0007
45588569,axis1_access_vs_provenance_value-conflict_orderexp_A_first_seed3003,A_first,3003,post_washout,test-0007
a8a861db,axis1_access_vs_provenance_value-conflict_orderexp_A_first_seed3003,A_first,3003,post_washout,test-0007
cb2538b7,axis1_access_vs_provenance_value-conflict_orderexp_A_first_seed3003,A_first,3003,post_washout,test-0008
1d54b2ed,axis1_access_vs_provenance_value-conflict_orderexp_A_first_seed3003,A_first,3003,post_washout,test-0008
9eb021b2,axis1_access_vs_provenance_value-conflict_orderexp_A_first_seed3003,A_first,3003,post_washout,test-0008
14db3bd1,axis1_access_vs_provenance_value-conflict_orderexp_A_first_seed3003,A_first,3003,post_washout,test-0008
991c7dd5,axis1_access_vs_provenance_value-conflict_orderexp_A_first_seed3003,A_first,3003,post_washout,test-0008
cf56b3c1,axis1_access_vs_provenance_value-conflict_orderexp_A_first_seed3003,A_first,3003,post_washout,test-0009
f82609ff,axis1_access_vs_provenance_value-conflict_orderexp_A_first_seed3003,A_first,3003,post_washout,test-0009
0dfc7ec3,axis1_access_vs_provenance_value-conflict_orderexp_A_first_seed3003,A_first,3003,post_washout,test-0009
2768c1f6,axis1_access_vs_provenance_value-conflict_orderexp_A_first_seed3003,A_first,3003,post_washout,test-0009
4833b88d,axis1_access_vs_provenance_value-conflict_orderexp_A_first_seed3003,A_first,3003,post_washout,test-0009
71f11700,axis1_access_vs_provenance_value-conflict_orderexp_A_first_seed3003,A_first,3003,post_washout,test-0010
50a28b8f,axis1_access_vs_provenance_value-conflict_orderexp_A_first_seed3003,A_first,3003,post_washout,test-0010
55ad3ccd,axis1_access_vs_provenance_value-conflict_orderexp_A_first_seed3003,A_first,3003,post_washout,test-0010
24a45188,axis1_access_vs_provenance_value-conflict_orderexp_A_first_seed3003,A_first,3003,post_washout,test-0010
ccd460f7,axis1_access_vs_provenance_value-conflict_orderexp_A_first_seed3003,A_first,3003,post_washout,test-0010
29069b58,axis1_access_vs_provenance_value-conflict_orderexp_A_first_seed3003,A_first,3003,post_washout,test-0011
b7a5164f,axis1_access_vs_provenance_value-conflict_orderexp_A_first_seed3003,A_first,3003,post_washout,test-0011
20fea731,axis1_access_vs_provenance_value-conflict_orderexp_A_first_seed3003,A_first,3003,post_washout,test-0011
ede32e61,axis1_access_vs_provenance_value-conflict_orderexp_A_first_seed3003,A_first,3003,post_washout,test-0011
c66e0a7c,axis1_access_vs_provenance_value-conflict_orderexp_A_first_seed3003,A_first,3003,post_washout,test-0011
ea482329,axis1_access_vs_provenance_value-conflict_orderexp_A_first_seed3003,A_first,3003,post_washout,test-0012
f61aa9f1,axis1_access_vs_provenance_value-conflict_orderexp_A_first_seed3003,A_first,3003,post_washout,test-0012
db3e7f81,axis1_access_vs_provenance_value-conflict_orderexp_A_first_seed3003,A_first,3003,post_washout,test-0012
ccd29c01,axis1_access_vs_provenance_value-conflict_orderexp_A_first_seed3003,A_first,3003,post_washout,test-0012
b75615d5,axis1_access_vs_provenance_value-conflict_orderexp_A_first_seed3003,A_first,3003,post_washout,test-0012
b763ea76,axis1_access_vs_provenance_value-conflict_orderexp_A_first_seed3003,A_first,3003,post_washout,test-0013
c4a0dbe3,axis1_access_vs_provenance_value-conflict_orderexp_A_first_seed3003,A_first,3003,post_washout,test-0013
144f5d5e,axis1_access_vs_provenance_value-conflict_orderexp_A_first_seed3003,A_first,3003,post_washout,test-0013
46a9656c,axis1_access_vs_provenance_value-conflict_orderexp_A_first_seed3003,A_first,3003,post_washout,test-0013
73abcffe,axis1_access_vs_provenance_value-conflict_orderexp_A_first_seed3003,A_first,3003,post_washout,test-0013
1babc09e,axis1_access_vs_provenance_value-conflict_orderexp_A_first_seed3003,A_first,3003,post_washout,test-0014
8b4ba285,axis1_access_vs_provenance_value-conflict_orderexp_A_first_seed3003,A_first,3003,post_washout,test-0014
8ef7af46,axis1_access_vs_provenance_value-conflict_orderexp_A_first_seed3003,A_first,3003,post_washout,test-0014
5172faca,axis1_access_vs_provenance_value-conflict_orderexp_A_first_seed3003,A_first,3003,post_washout,test-0014
edc0f9e9,axis1_access_vs_provenance_value-conflict_orderexp_A_first_seed3003,A_first,3003,post_washout,test-0014
83107fe6,axis1_access_vs_provenance_value-conflict_orderexp_A_first_seed3003,A_first,3003,post_washout,test-0015
3b80e829,axis1_access_vs_provenance_value-conflict_orderexp_A_first_seed3003,A_first,3003,post_washout,test-0015
a9585f46,axis1_access_vs_provenance_value-conflict_orderexp_A_first_seed3003,A_first,3003,post_washout,test-0015
2e0b0d2b,axis1_access_vs_provenance_value-conflict_orderexp_A_first_seed3003,A_first,3003,post_washout,test-0015
9a1d51e0,axis1_access_vs_provenance_value-conflict_orderexp_A_first_seed3003,A_first,3003,post_washout,test-0015
8e841ade,axis1_access_vs_provenance_value-conflict_orderexp_A_first_seed3003,A_first,3003,post_washout,test-0016
5b26e122,axis1_access_vs_provenance_value-conflict_orderexp_A_first_seed3003,A_first,3003,post_washout,test-0016
6efd8bdf,axis1_access_vs_provenance_value-conflict_orderexp_A_first_seed3003,A_first,3003,post_washout,test-0016
a9fad64e,axis1_access_vs_provenance_value-conflict_orderexp_A_first_seed3003,A_first,3003,post_washout,test-0016
cb2b55c1,axis1_access_vs_provenance_value-conflict_orderexp_A_first_seed3003,A_first,3003,post_washout,test-0016
8b43ce50,axis1_access_vs_provenance_value-conflict_orderexp_A_first_seed3003,A_first,3003,post_washout,test-0017
d3a40c1a,axis1_access_vs_provenance_value-conflict_orderexp_A_first_seed3003,A_first,3003,post_washout,test-0017
c5a426c0,axis1_access_vs_provenance_value-conflict_orderexp_A_first_seed3003,A_first,3003,post_washout,test-0017
2949c87a,axis1_access_vs_provenance_value-conflict_orderexp_A_first_seed3003,A_first,3003,post_washout,test-0017
d183cf43,axis1_access_vs_provenance_value-conflict_orderexp_A_first_seed3003,A_first,3003,post_washout,test-0017
129fd30c,axis1_access_vs_provenance_value-conflict_orderexp_A_first_seed3003,A_first,3003,post_washout,test-0018
899e93bb,axis1_access_vs_provenance_value-conflict_orderexp_A_first_seed3003,A_first,3003,post_washout,test-0018
543bb084,axis1_access_vs_provenance_value-conflict_orderexp_A_first_seed3003,A_first,3003,post_washout,test-0018
625340bf,axis1_access_vs_provenance_value-conflict_orderexp_A_first_seed3003,A_first,3003,post_washout,test-0018
70cf31d9,axis1_access_vs_provenance_value-conflict_orderexp_A_first_seed3003,A_first,3003,post_washout,test-0018
97a7684e,axis1_access_vs_provenance_value-conflict_orderexp_A_first_seed3003,A_first,3003,post_washout,test-0019
f8c364e1,axis1_access_vs_provenance_value-conflict_orderexp_A_first_seed3003,A_first,3003,post_washout,test-0019
02da7320,axis1_access_vs_provenance_value-conflict_orderexp_A_first_seed3003,A_first,3003,post_washout,test-0019
21811ca0,axis1_access_vs_provenance_value-conflict_orderexp_A_first_seed3003,A_first,3003,post_washout,test-0019
0598bf7a,axis1_access_vs_provenance_value-conflict_orderexp_A_first_seed3003,A_first,3003,post_washout,test-0019
dcc0bf4d,axis1_access_vs_provenance_value-conflict_orderexp_A_first_seed3003,A_first,3003,post_washout,test-0020
2afa3f7a,axis1_access_vs_provenance_value-conflict_orderexp_A_first_seed3003,A_first,3003,post_washout,test-0020
cb34a1a7,axis1_access_vs_provenance_value-conflict_orderexp_A_first_seed3003,A_first,3003,post_washout,test-0020
b5b043fc,axis1_access_vs_provenance_value-conflict_orderexp_A_first_seed3003,A_first,3003,post_washout,test-0020
ca7a189e,axis1_access_vs_provenance_value-conflict_orderexp_A_first_seed3003,A_first,3003,post_washout,test-0020
ac839998,axis1_access_vs_provenance_value-conflict_orderexp_A_first_seed3003,A_first,3003,post_washout,test-0021
ffe2c324,axis1_access_vs_provenance_value-conflict_orderexp_A_first_seed3003,A_first,3003,post_washout,test-0021
acd4db50,axis1_access_vs_provenance_value-conflict_orderexp_A_first_seed3003,A_first,3003,post_washout,test-0021
02450eaa,axis1_access_vs_provenance_value-conflict_orderexp_A_first_seed3003,A_first,3003,post_washout,test-0021
bc4db523,axis1_access_vs_provenance_value-conflict_orderexp_A_first_seed3003,A_first,3003,post_washout,test-0021
7b59fbc7,axis1_access_vs_provenance_value-conflict_orderexp_A_first_seed3003,A_first,3003,post_washout,test-0022
0788f6e3,axis1_access_vs_provenance_value-conflict_orderexp_A_first_seed3003,A_first,3003,post_washout,test-0022
9705b5b5,axis1_access_vs_provenance_value-conflict_orderexp_A_first_seed3003,A_first,3003,post_washout,test-0022
fbf5f673,axis1_access_vs_provenance_value-conflict_orderexp_A_first_seed3003,A_first,3003,post_washout,test-0022
25005440,axis1_access_vs_provenance_value-conflict_orderexp_A_first_seed3003,A_first,3003,post_washout,test-0022
470c9a62,axis1_access_vs_provenance_value-conflict_orderexp_A_first_seed3003,A_first,3003,post_washout,test-0023
933c98e5,axis1_access_vs_provenance_value-conflict_orderexp_A_first_seed3003,A_first,3003,post_washout,test-0023
85f21b9c,axis1_access_vs_provenance_value-conflict_orderexp_A_first_seed3003,A_first,3003,post_washout,test-0023
e313ecaf,axis1_access_vs_provenance_value-conflict_orderexp_A_first_seed3003,A_first,3003,post_washout,test-0023
202f2170,axis1_access_vs_provenance_value-conflict_orderexp_A_first_seed3003,A_first,3003,post_washout,test-0023
8a174d29,axis1_access_vs_provenance_value-conflict_orderexp_A_first_seed3003,A_first,3003,post_washout,test-0024
b48dc477,axis1_access_vs_provenance_value-conflict_orderexp_A_first_seed3003,A_first,3003,post_washout,test-0024
a530e1bd,axis1_access_vs_provenance_value-conflict_orderexp_A_first_seed3003,A_first,3003,post_washout,test-0024
ecf15294,axis1_access_vs_provenance_value-conflict_orderexp_A_first_seed3003,A_first,3003,post_washout,test-0024
efeea741,axis1_access_vs_provenance_value-conflict_orderexp_A_first_seed3003,A_first,3003,post_washout,test-0024
7181d646,axis1_access_vs_provenance_value-conflict_orderexp_A_first_seed3004,A_first,3004,post_washout,test-0001
de30b6b7,axis1_access_vs_provenance_value-conflict_orderexp_A_first_seed3004,A_first,3004,post_washout,test-0001
6650fe81,axis1_access_vs_provenance_value-conflict_orderexp_A_first_seed3004,A_first,3004,post_washout,test-0001
5fcfce1a,axis1_access_vs_provenance_value-conflict_orderexp_A_first_seed3004,A_first,3004,post_washout,test-0001
db500cca,axis1_access_vs_provenance_value-conflict_orderexp_A_first_seed3004,A_first,3004,post_washout,test-0001
12f790d7,axis1_access_vs_provenance_value-conflict_orderexp_A_first_seed3004,A_first,3004,post_washout,test-0002
972a1718,axis1_access_vs_provenance_value-conflict_orderexp_A_first_seed3004,A_first,3004,post_washout,test-0002
012db54a,axis1_access_vs_provenance_value-conflict_orderexp_A_first_seed3004,A_first,3004,post_washout,test-0002
52ce9467,axis1_access_vs_provenance_value-conflict_orderexp_A_first_seed3004,A_first,3004,post_washout,test-0002
f8fed801,axis1_access_vs_provenance_value-conflict_orderexp_A_first_seed3004,A_first,3004,post_washout,test-0002
181b86cf,axis1_access_vs_provenance_value-conflict_orderexp_A_first_seed3004,A_first,3004,post_washout,test-0003
1d22d21f,axis1_access_vs_provenance_value-conflict_orderexp_A_first_seed3004,A_first,3004,post_washout,test-0003
3e433e07,axis1_access_vs_provenance_value-conflict_orderexp_A_first_seed3004,A_first,3004,post_washout,test-0003
76b615d1,axis1_access_vs_provenance_value-conflict_orderexp_A_first_seed3004,A_first,3004,post_washout,test-0003
dfe5bd05,axis1_access_vs_provenance_value-conflict_orderexp_A_first_seed3004,A_first,3004,post_washout,test-0003
3e6305be,axis1_access_vs_provenance_value-conflict_orderexp_A_first_seed3004,A_first,3004,post_washout,test-0004
e6ec2298,axis1_access_vs_provenance_value-conflict_orderexp_A_first_seed3004,A_first,3004,post_washout,test-0004
11d751f1,axis1_access_vs_provenance_value-conflict_orderexp_A_first_seed3004,A_first,3004,post_washout,test-0004
fa7196f8,axis1_access_vs_provenance_value-conflict_orderexp_A_first_seed3004,A_first,3004,post_washout,test-0004
a0ddb9d6,axis1_access_vs_provenance_value-conflict_orderexp_A_first_seed3004,A_first,3004,post_washout,test-0004
5f11e6dd,axis1_access_vs_provenance_value-conflict_orderexp_A_first_seed3004,A_first,3004,post_washout,test-0005
decdbee4,axis1_access_vs_provenance_value-conflict_orderexp_A_first_seed3004,A_first,3004,post_washout,test-0005
5429dcc2,axis1_access_vs_provenance_value-conflict_orderexp_A_first_seed3004,A_first,3004,post_washout,test-0005
469d4cd2,axis1_access_vs_provenance_value-conflict_orderexp_A_first_seed3004,A_first,3004,post_washout,test-0005
d78b5404,axis1_access_vs_provenance_value-conflict_orderexp_A_first_seed3004,A_first,3004,post_washout,test-0005
f66ecf38,axis1_access_vs_provenance_value-conflict_orderexp_A_first_seed3004,A_first,3004,post_washout,test-0006
7021a24d,axis1_access_vs_provenance_value-conflict_orderexp_A_first_seed3004,A_first,3004,post_washout,test-0006
4ccefcd3,axis1_access_vs_provenance_value-conflict_orderexp_A_first_seed3004,A_first,3004,post_washout,test-0006
f37673b2,axis1_access_vs_provenance_value-conflict_orderexp_A_first_seed3004,A_first,3004,post_washout,test-0006
a0fee656,axis1_access_vs_provenance_value-conflict_orderexp_A_first_seed3004,A_first,3004,post_washout,test-0006
6e070e76,axis1_access_vs_provenance_value-conflict_orderexp_A_first_seed3004,A_first,3004,post_washout,test-0007
1a2b282e,axis1_access_vs_provenance_value-conflict_orderexp_A_first_seed3004,A_first,3004,post_washout,test-0007
a5f83337,axis1_access_vs_provenance_value-conflict_orderexp_A_first_seed3004,A_first,3004,post_washout,test-0007
2f295bb4,axis1_access_vs_provenance_value-conflict_orderexp_A_first_seed3004,A_first,3004,post_washout,test-0007
3cbb06ea,axis1_access_vs_provenance_value-conflict_orderexp_A_first_seed3004,A_first,3004,post_washout,test-0007
195a439d,axis1_access_vs_provenance_value-conflict_orderexp_A_first_seed3004,A_first,3004,post_washout,test-0008
631deaa6,axis1_access_vs_provenance_value-conflict_orderexp_A_first_seed3004,A_first,3004,post_washout,test-0008
134f061f,axis1_access_vs_provenance_value-conflict_orderexp_A_first_seed3004,A_first,3004,post_washout,test-0008
faa05efc,axis1_access_vs_provenance_value-conflict_orderexp_A_first_seed3004,A_first,3004,post_washout,test-0008
b15f501a,axis1_access_vs_provenance_value-conflict_orderexp_A_first_seed3004,A_first,3004,post_washout,test-0008
b7a1e780,axis1_access_vs_provenance_value-conflict_orderexp_A_first_seed3004,A_first,3004,post_washout,test-0009
3f23f82a,axis1_access_vs_provenance_value-conflict_orderexp_A_first_seed3004,A_first,3004,post_washout,test-0009
a1c0f11a,axis1_access_vs_provenance_value-conflict_orderexp_A_first_seed3004,A_first,3004,post_washout,test-0009
60e32674,axis1_access_vs_provenance_value-conflict_orderexp_A_first_seed3004,A_first,3004,post_washout,test-0009
0e64d2f5,axis1_access_vs_provenance_value-conflict_orderexp_A_first_seed3004,A_first,3004,post_washout,test-0009
cfa36e72,axis1_access_vs_provenance_value-conflict_orderexp_A_first_seed3004,A_first,3004,post_washout,test-0010
380d7ff4,axis1_access_vs_provenance_value-conflict_orderexp_A_first_seed3004,A_first,3004,post_washout,test-0010
8f95b75e,axis1_access_vs_provenance_value-conflict_orderexp_A_first_seed3004,A_first,3004,post_washout,test-0010
a3a762e7,axis1_access_vs_provenance_value-conflict_orderexp_A_first_seed3004,A_first,3004,post_washout,test-0010
679007b9,axis1_access_vs_provenance_value-conflict_orderexp_A_first_seed3004,A_first,3004,post_washout,test-0010
eba8cb88,axis1_access_vs_provenance_value-conflict_orderexp_A_first_seed3004,A_first,3004,post_washout,test-0011
6498c3fc,axis1_access_vs_provenance_value-conflict_orderexp_A_first_seed3004,A_first,3004,post_washout,test-0011
cc5923a1,axis1_access_vs_provenance_value-conflict_orderexp_A_first_seed3004,A_first,3004,post_washout,test-0011
22282f21,axis1_access_vs_provenance_value-conflict_orderexp_A_first_seed3004,A_first,3004,post_washout,test-0011
2061de05,axis1_access_vs_provenance_value-conflict_orderexp_A_first_seed3004,A_first,3004,post_washout,test-0011
82c348c3,axis1_access_vs_provenance_value-conflict_orderexp_A_first_seed3004,A_first,3004,post_washout,test-0012
ad1578dc,axis1_access_vs_provenance_value-conflict_orderexp_A_first_seed3004,A_first,3004,post_washout,test-0012
4be68438,axis1_access_vs_provenance_value-conflict_orderexp_A_first_seed3004,A_first,3004,post_washout,test-0012
b873bb7d,axis1_access_vs_provenance_value-conflict_orderexp_A_first_seed3004,A_first,3004,post_washout,test-0012
62f22c17,axis1_access_vs_provenance_value-conflict_orderexp_A_first_seed3004,A_first,3004,post_washout,test-0012
e3b80147,axis1_access_vs_provenance_value-conflict_orderexp_A_first_seed3004,A_first,3004,post_washout,test-0013
a92868db,axis1_access_vs_provenance_value-conflict_orderexp_A_first_seed3004,A_first,3004,post_washout,test-0013
99ed1ecb,axis1_access_vs_provenance_value-conflict_orderexp_A_first_seed3004,A_first,3004,post_washout,test-0013
89ce0170,axis1_access_vs_provenance_value-conflict_orderexp_A_first_seed3004,A_first,3004,post_washout,test-0013
e9eb22f6,axis1_access_vs_provenance_value-conflict_orderexp_A_first_seed3004,A_first,3004,post_washout,test-0013
c7f20b5b,axis1_access_vs_provenance_value-conflict_orderexp_A_first_seed3004,A_first,3004,post_washout,test-0014
721bf562,axis1_access_vs_provenance_value-conflict_orderexp_A_first_seed3004,A_first,3004,post_washout,test-0014
7f588d3b,axis1_access_vs_provenance_value-conflict_orderexp_A_first_seed3004,A_first,3004,post_washout,test-0014
6ae166db,axis1_access_vs_provenance_value-conflict_orderexp_A_first_seed3004,A_first,3004,post_washout,test-0014
3ea5ce57,axis1_access_vs_provenance_value-conflict_orderexp_A_first_seed3004,A_first,3004,post_washout,test-0014
e26f902e,axis1_access_vs_provenance_value-conflict_orderexp_A_first_seed3004,A_first,3004,post_washout,test-0015
8d16d916,axis1_access_vs_provenance_value-conflict_orderexp_A_first_seed3004,A_first,3004,post_washout,test-0015
6da91c59,axis1_access_vs_provenance_value-conflict_orderexp_A_first_seed3004,A_first,3004,post_washout,test-0015
cd3c50b9,axis1_access_vs_provenance_value-conflict_orderexp_A_first_seed3004,A_first,3004,post_washout,test-0015
fc5b3e1c,axis1_access_vs_provenance_value-conflict_orderexp_A_first_seed3004,A_first,3004,post_washout,test-0015
e2493433,axis1_access_vs_provenance_value-conflict_orderexp_A_first_seed3004,A_first,3004,post_washout,test-0016
4e6adb8f,axis1_access_vs_provenance_value-conflict_orderexp_A_first_seed3004,A_first,3004,post_washout,test-0016
48bd4d3b,axis1_access_vs_provenance_value-conflict_orderexp_A_first_seed3004,A_first,3004,post_washout,test-0016
5723d4fc,axis1_access_vs_provenance_value-conflict_orderexp_A_first_seed3004,A_first,3004,post_washout,test-0016
7c5cf015,axis1_access_vs_provenance_value-conflict_orderexp_A_first_seed3004,A_first,3004,post_washout,test-0016
c80b24ce,axis1_access_vs_provenance_value-conflict_orderexp_A_first_seed3004,A_first,3004,post_washout,test-0017
d28afd9d,axis1_access_vs_provenance_value-conflict_orderexp_A_first_seed3004,A_first,3004,post_washout,test-0017
402467a7,axis1_access_vs_provenance_value-conflict_orderexp_A_first_seed3004,A_first,3004,post_washout,test-0017
7c86c4ee,axis1_access_vs_provenance_value-conflict_orderexp_A_first_seed3004,A_first,3004,post_washout,test-0017
b17f2b93,axis1_access_vs_provenance_value-conflict_orderexp_A_first_seed3004,A_first,3004,post_washout,test-0017
8a73bda9,axis1_access_vs_provenance_value-conflict_orderexp_A_first_seed3004,A_first,3004,post_washout,test-0018
f3c2ab1c,axis1_access_vs_provenance_value-conflict_orderexp_A_first_seed3004,A_first,3004,post_washout,test-0018
a5c686aa,axis1_access_vs_provenance_value-conflict_orderexp_A_first_seed3004,A_first,3004,post_washout,test-0018
757f75ce,axis1_access_vs_provenance_value-conflict_orderexp_A_first_seed3004,A_first,3004,post_washout,test-0018
7c8ec612,axis1_access_vs_provenance_value-conflict_orderexp_A_first_seed3004,A_first,3004,post_washout,test-0018
1f5d805f,axis1_access_vs_provenance_value-conflict_orderexp_A_first_seed3004,A_first,3004,post_washout,test-0019
9d0f1ba2,axis1_access_vs_provenance_value-conflict_orderexp_A_first_seed3004,A_first,3004,post_washout,test-0019
969ad61e,axis1_access_vs_provenance_value-conflict_orderexp_A_first_seed3004,A_first,3004,post_washout,test-0019
996e5a81,axis1_access_vs_provenance_value-conflict_orderexp_A_first_seed3004,A_first,3004,post_washout,test-0019
b3b1fb62,axis1_access_vs_provenance_value-conflict_orderexp_A_first_seed3004,A_first,3004,post_washout,test-0019
a135638d,axis1_access_vs_provenance_value-conflict_orderexp_A_first_seed3004,A_first,3004,post_washout,test-0020
fe9066f9,axis1_access_vs_provenance_value-conflict_orderexp_A_first_seed3004,A_first,3004,post_washout,test-0020
d7db8eed,axis1_access_vs_provenance_value-conflict_orderexp_A_first_seed3004,A_first,3004,post_washout,test-0020
901b9a54,axis1_access_vs_provenance_value-conflict_orderexp_A_first_seed3004,A_first,3004,post_washout,test-0020
5e8fbc9e,axis1_access_vs_provenance_value-conflict_orderexp_A_first_seed3004,A_first,3004,post_washout,test-0020
8820cad0,axis1_access_vs_provenance_value-conflict_orderexp_A_first_seed3004,A_first,3004,post_washout,test-0021
92f5bc81,axis1_access_vs_provenance_value-conflict_orderexp_A_first_seed3004,A_first,3004,post_washout,test-0021
7cf05ef2,axis1_access_vs_provenance_value-conflict_orderexp_A_first_seed3004,A_first,3004,post_washout,test-0021
3a9bf556,axis1_access_vs_provenance_value-conflict_orderexp_A_first_seed3004,A_first,3004,post_washout,test-0021
3781ceb0,axis1_access_vs_provenance_value-conflict_orderexp_A_first_seed3004,A_first,3004,post_washout,test-0021
9d4de7e8,axis1_access_vs_provenance_value-conflict_orderexp_A_first_seed3004,A_first,3004,post_washout,test-0022
a87a0aef,axis1_access_vs_provenance_value-conflict_orderexp_A_first_seed3004,A_first,3004,post_washout,test-0022
2c4fdf96,axis1_access_vs_provenance_value-conflict_orderexp_A_first_seed3004,A_first,3004,post_washout,test-0022
e6ed60dc,axis1_access_vs_provenance_value-conflict_orderexp_A_first_seed3004,A_first,3004,post_washout,test-0022
831aaacd,axis1_access_vs_provenance_value-conflict_orderexp_A_first_seed3004,A_first,3004,post_washout,test-0022
1a2f0df6,axis1_access_vs_provenance_value-conflict_orderexp_A_first_seed3004,A_first,3004,post_washout,test-0023
0945b5d2,axis1_access_vs_provenance_value-conflict_orderexp_A_first_seed3004,A_first,3004,post_washout,test-0023
1d93373b,axis1_access_vs_provenance_value-conflict_orderexp_A_first_seed3004,A_first,3004,post_washout,test-0023
b6e6298f,axis1_access_vs_provenance_value-conflict_orderexp_A_first_seed3004,A_first,3004,post_washout,test-0023
c15fc9e4,axis1_access_vs_provenance_value-conflict_orderexp_A_first_seed3004,A_first,3004,post_washout,test-0023
70e5362e,axis1_access_vs_provenance_value-conflict_orderexp_A_first_seed3004,A_first,3004,post_washout,test-0024
a2c3dad9,axis1_access_vs_provenance_value-conflict_orderexp_A_first_seed3004,A_first,3004,post_washout,test-0024
e71f2f38,axis1_access_vs_provenance_value-conflict_orderexp_A_first_seed3004,A_first,3004,post_washout,test-0024
c36082ac,axis1_access_vs_provenance_value-conflict_orderexp_A_first_seed3004,A_first,3004,post_washout,test-0024
956af6d9,axis1_access_vs_provenance_value-conflict_orderexp_A_first_seed3004,A_first,3004,post_washout,test-0024
a4435abc,axis1_access_vs_provenance_value-conflict_orderexp_A_first_seed3005,A_first,3005,post_washout,test-0001
05b91d2d,axis1_access_vs_provenance_value-conflict_orderexp_A_first_seed3005,A_first,3005,post_washout,test-0001
f219b7f5,axis1_access_vs_provenance_value-conflict_orderexp_A_first_seed3005,A_first,3005,post_washout,test-0001
25236277,axis1_access_vs_provenance_value-conflict_orderexp_A_first_seed3005,A_first,3005,post_washout,test-0001
9ed90d7d,axis1_access_vs_provenance_value-conflict_orderexp_A_first_seed3005,A_first,3005,post_washout,test-0001
9cbc8f50,axis1_access_vs_provenance_value-conflict_orderexp_A_first_seed3005,A_first,3005,post_washout,test-0002
0fd79d4e,axis1_access_vs_provenance_value-conflict_orderexp_A_first_seed3005,A_first,3005,post_washout,test-0002
a732a057,axis1_access_vs_provenance_value-conflict_orderexp_A_first_seed3005,A_first,3005,post_washout,test-0002
ab77038c,axis1_access_vs_provenance_value-conflict_orderexp_A_first_seed3005,A_first,3005,post_washout,test-0002
6dca302d,axis1_access_vs_provenance_value-conflict_orderexp_A_first_seed3005,A_first,3005,post_washout,test-0002
023e622a,axis1_access_vs_provenance_value-conflict_orderexp_A_first_seed3005,A_first,3005,post_washout,test-0003
5f01e229,axis1_access_vs_provenance_value-conflict_orderexp_A_first_seed3005,A_first,3005,post_washout,test-0003
d2bb8ccf,axis1_access_vs_provenance_value-conflict_orderexp_A_first_seed3005,A_first,3005,post_washout,test-0003
88bbcc1e,axis1_access_vs_provenance_value-conflict_orderexp_A_first_seed3005,A_first,3005,post_washout,test-0003
4c25ad0d,axis1_access_vs_provenance_value-conflict_orderexp_A_first_seed3005,A_first,3005,post_washout,test-0003
e52c539c,axis1_access_vs_provenance_value-conflict_orderexp_A_first_seed3005,A_first,3005,post_washout,test-0004
4e109c00,axis1_access_vs_provenance_value-conflict_orderexp_A_first_seed3005,A_first,3005,post_washout,test-0004
65d340c8,axis1_access_vs_provenance_value-conflict_orderexp_A_first_seed3005,A_first,3005,post_washout,test-0004
d8b7781d,axis1_access_vs_provenance_value-conflict_orderexp_A_first_seed3005,A_first,3005,post_washout,test-0004
4420cc94,axis1_access_vs_provenance_value-conflict_orderexp_A_first_seed3005,A_first,3005,post_washout,test-0004
134e6260,axis1_access_vs_provenance_value-conflict_orderexp_A_first_seed3005,A_first,3005,post_washout,test-0005
6db22278,axis1_access_vs_provenance_value-conflict_orderexp_A_first_seed3005,A_first,3005,post_washout,test-0005
24b81339,axis1_access_vs_provenance_value-conflict_orderexp_A_first_seed3005,A_first,3005,post_washout,test-0005
6a7609ab,axis1_access_vs_provenance_value-conflict_orderexp_A_first_seed3005,A_first,3005,post_washout,test-0005
2dff0c0e,axis1_access_vs_provenance_value-conflict_orderexp_A_first_seed3005,A_first,3005,post_washout,test-0005
b5d87a92,axis1_access_vs_provenance_value-conflict_orderexp_A_first_seed3005,A_first,3005,post_washout,test-0006
7a68c2cb,axis1_access_vs_provenance_value-conflict_orderexp_A_first_seed3005,A_first,3005,post_washout,test-0006
affc0186,axis1_access_vs_provenance_value-conflict_orderexp_A_first_seed3005,A_first,3005,post_washout,test-0006
96fdd1e9,axis1_access_vs_provenance_value-conflict_orderexp_A_first_seed3005,A_first,3005,post_washout,test-0006
eafaf32a,axis1_access_vs_provenance_value-conflict_orderexp_A_first_seed3005,A_first,3005,post_washout,test-0006
45401d27,axis1_access_vs_provenance_value-conflict_orderexp_A_first_seed3005,A_first,3005,post_washout,test-0007
b67f20b3,axis1_access_vs_provenance_value-conflict_orderexp_A_first_seed3005,A_first,3005,post_washout,test-0007
a78d1fd7,axis1_access_vs_provenance_value-conflict_orderexp_A_first_seed3005,A_first,3005,post_washout,test-0007
8a625810,axis1_access_vs_provenance_value-conflict_orderexp_A_first_seed3005,A_first,3005,post_washout,test-0007
9e9e07a4,axis1_access_vs_provenance_value-conflict_orderexp_A_first_seed3005,A_first,3005,post_washout,test-0007
d33c7eb3,axis1_access_vs_provenance_value-conflict_orderexp_A_first_seed3005,A_first,3005,post_washout,test-0008
bcdfc69e,axis1_access_vs_provenance_value-conflict_orderexp_A_first_seed3005,A_first,3005,post_washout,test-0008
157eac82,axis1_access_vs_provenance_value-conflict_orderexp_A_first_seed3005,A_first,3005,post_washout,test-0008
8d98f3c6,axis1_access_vs_provenance_value-conflict_orderexp_A_first_seed3005,A_first,3005,post_washout,test-0008
53670c24,axis1_access_vs_provenance_value-conflict_orderexp_A_first_seed3005,A_first,3005,post_washout,test-0008
51d21a60,axis1_access_vs_provenance_value-conflict_orderexp_A_first_seed3005,A_first,3005,post_washout,test-0009
091e12cd,axis1_access_vs_provenance_value-conflict_orderexp_A_first_seed3005,A_first,3005,post_washout,test-0009
cf3eeeb4,axis1_access_vs_provenance_value-conflict_orderexp_A_first_seed3005,A_first,3005,post_washout,test-0009
e2a44077,axis1_access_vs_provenance_value-conflict_orderexp_A_first_seed3005,A_first,3005,post_washout,test-0009
5ee59108,axis1_access_vs_provenance_value-conflict_orderexp_A_first_seed3005,A_first,3005,post_washout,test-0009
6a710108,axis1_access_vs_provenance_value-conflict_orderexp_A_first_seed3005,A_first,3005,post_washout,test-0010
8dfd5033,axis1_access_vs_provenance_value-conflict_orderexp_A_first_seed3005,A_first,3005,post_washout,test-0010
11673166,axis1_access_vs_provenance_value-conflict_orderexp_A_first_seed3005,A_first,3005,post_washout,test-0010
794bb760,axis1_access_vs_provenance_value-conflict_orderexp_A_first_seed3005,A_first,3005,post_washout,test-0010
107d3dc9,axis1_access_vs_provenance_value-conflict_orderexp_A_first_seed3005,A_first,3005,post_washout,test-0010
80503fe5,axis1_access_vs_provenance_value-conflict_orderexp_A_first_seed3005,A_first,3005,post_washout,test-0011
fe49af1e,axis1_access_vs_provenance_value-conflict_orderexp_A_first_seed3005,A_first,3005,post_washout,test-0011
ebc0b0e9,axis1_access_vs_provenance_value-conflict_orderexp_A_first_seed3005,A_first,3005,post_washout,test-0011
55d766a8,axis1_access_vs_provenance_value-conflict_orderexp_A_first_seed3005,A_first,3005,post_washout,test-0011
7c39c0c9,axis1_access_vs_provenance_value-conflict_orderexp_A_first_seed3005,A_first,3005,post_washout,test-0011
1096244f,axis1_access_vs_provenance_value-conflict_orderexp_A_first_seed3005,A_first,3005,post_washout,test-0012
b9e1f159,axis1_access_vs_provenance_value-conflict_orderexp_A_first_seed3005,A_first,3005,post_washout,test-0012
e5e08dba,axis1_access_vs_provenance_value-conflict_orderexp_A_first_seed3005,A_first,3005,post_washout,test-0012
2d0c00a2,axis1_access_vs_provenance_value-conflict_orderexp_A_first_seed3005,A_first,3005,post_washout,test-0012
237472f6,axis1_access_vs_provenance_value-conflict_orderexp_A_first_seed3005,A_first,3005,post_washout,test-0012
6a20c94f,axis1_access_vs_provenance_value-conflict_orderexp_A_first_seed3005,A_first,3005,post_washout,test-0013
d12cdfe9,axis1_access_vs_provenance_value-conflict_orderexp_A_first_seed3005,A_first,3005,post_washout,test-0013
fbebf714,axis1_access_vs_provenance_value-conflict_orderexp_A_first_seed3005,A_first,3005,post_washout,test-0013
f5dcc116,axis1_access_vs_provenance_value-conflict_orderexp_A_first_seed3005,A_first,3005,post_washout,test-0013
10fa14c5,axis1_access_vs_provenance_value-conflict_orderexp_A_first_seed3005,A_first,3005,post_washout,test-0013
26e3b401,axis1_access_vs_provenance_value-conflict_orderexp_A_first_seed3005,A_first,3005,post_washout,test-0014
3d1171a6,axis1_access_vs_provenance_value-conflict_orderexp_A_first_seed3005,A_first,3005,post_washout,test-0014
9a4d3afa,axis1_access_vs_provenance_value-conflict_orderexp_A_first_seed3005,A_first,3005,post_washout,test-0014
2b3a669b,axis1_access_vs_provenance_value-conflict_orderexp_A_first_seed3005,A_first,3005,post_washout,test-0014
88858306,axis1_access_vs_provenance_value-conflict_orderexp_A_first_seed3005,A_first,3005,post_washout,test-0014
0329eba7,axis1_access_vs_provenance_value-conflict_orderexp_A_first_seed3005,A_first,3005,post_washout,test-0015
86ba1111,axis1_access_vs_provenance_value-conflict_orderexp_A_first_seed3005,A_first,3005,post_washout,test-0015
0c534efe,axis1_access_vs_provenance_value-conflict_orderexp_A_first_seed3005,A_first,3005,post_washout,test-0015
388bd744,axis1_access_vs_provenance_value-conflict_orderexp_A_first_seed3005,A_first,3005,post_washout,test-0015
48b1d469,axis1_access_vs_provenance_value-conflict_orderexp_A_first_seed3005,A_first,3005,post_washout,test-0015
4faf176b,axis1_access_vs_provenance_value-conflict_orderexp_A_first_seed3005,A_first,3005,post_washout,test-0016
e586e90b,axis1_access_vs_provenance_value-conflict_orderexp_A_first_seed3005,A_first,3005,post_washout,test-0016
a4a29c46,axis1_access_vs_provenance_value-conflict_orderexp_A_first_seed3005,A_first,3005,post_washout,test-0016
a4fb0fa2,axis1_access_vs_provenance_value-conflict_orderexp_A_first_seed3005,A_first,3005,post_washout,test-0016
9d766fc4,axis1_access_vs_provenance_value-conflict_orderexp_A_first_seed3005,A_first,3005,post_washout,test-0016
23ce1340,axis1_access_vs_provenance_value-conflict_orderexp_A_first_seed3005,A_first,3005,post_washout,test-0017
52131ac0,axis1_access_vs_provenance_value-conflict_orderexp_A_first_seed3005,A_first,3005,post_washout,test-0017
c54f8815,axis1_access_vs_provenance_value-conflict_orderexp_A_first_seed3005,A_first,3005,post_washout,test-0017
a0a18828,axis1_access_vs_provenance_value-conflict_orderexp_A_first_seed3005,A_first,3005,post_washout,test-0017
a5f6fb2b,axis1_access_vs_provenance_value-conflict_orderexp_A_first_seed3005,A_first,3005,post_washout,test-0017
3ab7bff4,axis1_access_vs_provenance_value-conflict_orderexp_A_first_seed3005,A_first,3005,post_washout,test-0018
42c752e6,axis1_access_vs_provenance_value-conflict_orderexp_A_first_seed3005,A_first,3005,post_washout,test-0018
2ff81cc6,axis1_access_vs_provenance_value-conflict_orderexp_A_first_seed3005,A_first,3005,post_washout,test-0018
1c842c01,axis1_access_vs_provenance_value-conflict_orderexp_A_first_seed3005,A_first,3005,post_washout,test-0018
5bd70ee6,axis1_access_vs_provenance_value-conflict_orderexp_A_first_seed3005,A_first,3005,post_washout,test-0018
ff847d17,axis1_access_vs_provenance_value-conflict_orderexp_A_first_seed3005,A_first,3005,post_washout,test-0019
0aa8f28d,axis1_access_vs_provenance_value-conflict_orderexp_A_first_seed3005,A_first,3005,post_washout,test-0019
25b42676,axis1_access_vs_provenance_value-conflict_orderexp_A_first_seed3005,A_first,3005,post_washout,test-0019
13617ec3,axis1_access_vs_provenance_value-conflict_orderexp_A_first_seed3005,A_first,3005,post_washout,test-0019
7cd7b263,axis1_access_vs_provenance_value-conflict_orderexp_A_first_seed3005,A_first,3005,post_washout,test-0019
512e0061,axis1_access_vs_provenance_value-conflict_orderexp_A_first_seed3005,A_first,3005,post_washout,test-0020
e8c9d180,axis1_access_vs_provenance_value-conflict_orderexp_A_first_seed3005,A_first,3005,post_washout,test-0020
85427259,axis1_access_vs_provenance_value-conflict_orderexp_A_first_seed3005,A_first,3005,post_washout,test-0020
2adbd684,axis1_access_vs_provenance_value-conflict_orderexp_A_first_seed3005,A_first,3005,post_washout,test-0020
d484c0e8,axis1_access_vs_provenance_value-conflict_orderexp_A_first_seed3005,A_first,3005,post_washout,test-0020
2c948321,axis1_access_vs_provenance_value-conflict_orderexp_A_first_seed3005,A_first,3005,post_washout,test-0021
a55d87b4,axis1_access_vs_provenance_value-conflict_orderexp_A_first_seed3005,A_first,3005,post_washout,test-0021
988b8b2b,axis1_access_vs_provenance_value-conflict_orderexp_A_first_seed3005,A_first,3005,post_washout,test-0021
17b0ddc1,axis1_access_vs_provenance_value-conflict_orderexp_A_first_seed3005,A_first,3005,post_washout,test-0021
958bd909,axis1_access_vs_provenance_value-conflict_orderexp_A_first_seed3005,A_first,3005,post_washout,test-0021
72b4638c,axis1_access_vs_provenance_value-conflict_orderexp_A_first_seed3005,A_first,3005,post_washout,test-0022
d0a26767,axis1_access_vs_provenance_value-conflict_orderexp_A_first_seed3005,A_first,3005,post_washout,test-0022
cdbb0c5a,axis1_access_vs_provenance_value-conflict_orderexp_A_first_seed3005,A_first,3005,post_washout,test-0022
4ea74087,axis1_access_vs_provenance_value-conflict_orderexp_A_first_seed3005,A_first,3005,post_washout,test-0022
22ea6615,axis1_access_vs_provenance_value-conflict_orderexp_A_first_seed3005,A_first,3005,post_washout,test-0022
ae853a22,axis1_access_vs_provenance_value-conflict_orderexp_A_first_seed3005,A_first,3005,post_washout,test-0023
b771cc21,axis1_access_vs_provenance_value-conflict_orderexp_A_first_seed3005,A_first,3005,post_washout,test-0023
bf6cbd20,axis1_access_vs_provenance_value-conflict_orderexp_A_first_seed3005,A_first,3005,post_washout,test-0023
29c1861d,axis1_access_vs_provenance_value-conflict_orderexp_A_first_seed3005,A_first,3005,post_washout,test-0023
3afdfb9c,axis1_access_vs_provenance_value-conflict_orderexp_A_first_seed3005,A_first,3005,post_washout,test-0023
eab4e56f,axis1_access_vs_provenance_value-conflict_orderexp_A_first_seed3005,A_first,3005,post_washout,test-0024
e1dbc034,axis1_access_vs_provenance_value-conflict_orderexp_A_first_seed3005,A_first,3005,post_washout,test-0024
d3ba9b89,axis1_access_vs_provenance_value-conflict_orderexp_A_first_seed3005,A_first,3005,post_washout,test-0024
5ff7a330,axis1_access_vs_provenance_value-conflict_orderexp_A_first_seed3005,A_first,3005,post_washout,test-0024
bff107fc,axis1_access_vs_provenance_value-conflict_orderexp_A_first_seed3005,A_first,3005,post_washout,test-0024
7ada1a32,axis1_access_vs_provenance_value-conflict_orderexp_A_first_seed3006,A_first,3006,post_washout,test-0001
f287e4fd,axis1_access_vs_provenance_value-conflict_orderexp_A_first_seed3006,A_first,3006,post_washout,test-0001
7299e53e,axis1_access_vs_provenance_value-conflict_orderexp_A_first_seed3006,A_first,3006,post_washout,test-0001
17de2bd8,axis1_access_vs_provenance_value-conflict_orderexp_A_first_seed3006,A_first,3006,post_washout,test-0001
2817e72a,axis1_access_vs_provenance_value-conflict_orderexp_A_first_seed3006,A_first,3006,post_washout,test-0001
fa848dcc,axis1_access_vs_provenance_value-conflict_orderexp_A_first_seed3006,A_first,3006,post_washout,test-0002
b0c8c150,axis1_access_vs_provenance_value-conflict_orderexp_A_first_seed3006,A_first,3006,post_washout,test-0002
db4dc442,axis1_access_vs_provenance_value-conflict_orderexp_A_first_seed3006,A_first,3006,post_washout,test-0002
317fc3a6,axis1_access_vs_provenance_value-conflict_orderexp_A_first_seed3006,A_first,3006,post_washout,test-0002
dcb003ba,axis1_access_vs_provenance_value-conflict_orderexp_A_first_seed3006,A_first,3006,post_washout,test-0002
9e8d83ed,axis1_access_vs_provenance_value-conflict_orderexp_A_first_seed3006,A_first,3006,post_washout,test-0003
683d1065,axis1_access_vs_provenance_value-conflict_orderexp_A_first_seed3006,A_first,3006,post_washout,test-0003
d43f0109,axis1_access_vs_provenance_value-conflict_orderexp_A_first_seed3006,A_first,3006,post_washout,test-0003
716d1bfe,axis1_access_vs_provenance_value-conflict_orderexp_A_first_seed3006,A_first,3006,post_washout,test-0003
bcf79821,axis1_access_vs_provenance_value-conflict_orderexp_A_first_seed3006,A_first,3006,post_washout,test-0003
7049b633,axis1_access_vs_provenance_value-conflict_orderexp_A_first_seed3006,A_first,3006,post_washout,test-0004
6fe96240,axis1_access_vs_provenance_value-conflict_orderexp_A_first_seed3006,A_first,3006,post_washout,test-0004
0b54ba3e,axis1_access_vs_provenance_value-conflict_orderexp_A_first_seed3006,A_first,3006,post_washout,test-0004
c263a105,axis1_access_vs_provenance_value-conflict_orderexp_A_first_seed3006,A_first,3006,post_washout,test-0004
ee0b4011,axis1_access_vs_provenance_value-conflict_orderexp_A_first_seed3006,A_first,3006,post_washout,test-0004
47b7c1a5,axis1_access_vs_provenance_value-conflict_orderexp_A_first_seed3006,A_first,3006,post_washout,test-0005
516c9380,axis1_access_vs_provenance_value-conflict_orderexp_A_first_seed3006,A_first,3006,post_washout,test-0005
f954b50f,axis1_access_vs_provenance_value-conflict_orderexp_A_first_seed3006,A_first,3006,post_washout,test-0005
026a483b,axis1_access_vs_provenance_value-conflict_orderexp_A_first_seed3006,A_first,3006,post_washout,test-0005
097cba03,axis1_access_vs_provenance_value-conflict_orderexp_A_first_seed3006,A_first,3006,post_washout,test-0005
e4504fe2,axis1_access_vs_provenance_value-conflict_orderexp_A_first_seed3006,A_first,3006,post_washout,test-0006
54f49f6f,axis1_access_vs_provenance_value-conflict_orderexp_A_first_seed3006,A_first,3006,post_washout,test-0006
96484127,axis1_access_vs_provenance_value-conflict_orderexp_A_first_seed3006,A_first,3006,post_washout,test-0006
7b7153aa,axis1_access_vs_provenance_value-conflict_orderexp_A_first_seed3006,A_first,3006,post_washout,test-0006
612fffb4,axis1_access_vs_provenance_value-conflict_orderexp_A_first_seed3006,A_first,3006,post_washout,test-0006
a8b06ea5,axis1_access_vs_provenance_value-conflict_orderexp_A_first_seed3006,A_first,3006,post_washout,test-0007
dc2ad277,axis1_access_vs_provenance_value-conflict_orderexp_A_first_seed3006,A_first,3006,post_washout,test-0007
f9bd7df5,axis1_access_vs_provenance_value-conflict_orderexp_A_first_seed3006,A_first,3006,post_washout,test-0007
1bd3d36a,axis1_access_vs_provenance_value-conflict_orderexp_A_first_seed3006,A_first,3006,post_washout,test-0007
d0212296,axis1_access_vs_provenance_value-conflict_orderexp_A_first_seed3006,A_first,3006,post_washout,test-0007
28ec8074,axis1_access_vs_provenance_value-conflict_orderexp_A_first_seed3006,A_first,3006,post_washout,test-0008
60ea550e,axis1_access_vs_provenance_value-conflict_orderexp_A_first_seed3006,A_first,3006,post_washout,test-0008
59f9694d,axis1_access_vs_provenance_value-conflict_orderexp_A_first_seed3006,A_first,3006,post_washout,test-0008
9c805fa9,axis1_access_vs_provenance_value-conflict_orderexp_A_first_seed3006,A_first,3006,post_washout,test-0008
d4a82f52,axis1_access_vs_provenance_value-conflict_orderexp_A_first_seed3006,A_first,3006,post_washout,test-0008
98e18f2f,axis1_access_vs_provenance_value-conflict_orderexp_A_first_seed3006,A_first,3006,post_washout,test-0009
3f04e9ea,axis1_access_vs_provenance_value-conflict_orderexp_A_first_seed3006,A_first,3006,post_washout,test-0009
26c5d82f,axis1_access_vs_provenance_value-conflict_orderexp_A_first_seed3006,A_first,3006,post_washout,test-0009
223ab367,axis1_access_vs_provenance_value-conflict_orderexp_A_first_seed3006,A_first,3006,post_washout,test-0009
c550edcc,axis1_access_vs_provenance_value-conflict_orderexp_A_first_seed3006,A_first,3006,post_washout,test-0009
844b9fe5,axis1_access_vs_provenance_value-conflict_orderexp_A_first_seed3006,A_first,3006,post_washout,test-0010
2194e459,axis1_access_vs_provenance_value-conflict_orderexp_A_first_seed3006,A_first,3006,post_washout,test-0010
31ed47bd,axis1_access_vs_provenance_value-conflict_orderexp_A_first_seed3006,A_first,3006,post_washout,test-0010
21426575,axis1_access_vs_provenance_value-conflict_orderexp_A_first_seed3006,A_first,3006,post_washout,test-0010
d33a0a68,axis1_access_vs_provenance_value-conflict_orderexp_A_first_seed3006,A_first,3006,post_washout,test-0010
3655c12f,axis1_access_vs_provenance_value-conflict_orderexp_A_first_seed3006,A_first,3006,post_washout,test-0011
e21cfb28,axis1_access_vs_provenance_value-conflict_orderexp_A_first_seed3006,A_first,3006,post_washout,test-0011
70c60b91,axis1_access_vs_provenance_value-conflict_orderexp_A_first_seed3006,A_first,3006,post_washout,test-0011
3c2e4c9a,axis1_access_vs_provenance_value-conflict_orderexp_A_first_seed3006,A_first,3006,post_washout,test-0011
3e8eb1c5,axis1_access_vs_provenance_value-conflict_orderexp_A_first_seed3006,A_first,3006,post_washout,test-0011
d2cede10,axis1_access_vs_provenance_value-conflict_orderexp_A_first_seed3006,A_first,3006,post_washout,test-0012
126ba693,axis1_access_vs_provenance_value-conflict_orderexp_A_first_seed3006,A_first,3006,post_washout,test-0012
12e3f6c1,axis1_access_vs_provenance_value-conflict_orderexp_A_first_seed3006,A_first,3006,post_washout,test-0012
9c7065bb,axis1_access_vs_provenance_value-conflict_orderexp_A_first_seed3006,A_first,3006,post_washout,test-0012
d08d94a0,axis1_access_vs_provenance_value-conflict_orderexp_A_first_seed3006,A_first,3006,post_washout,test-0012
8d5e9b8f,axis1_access_vs_provenance_value-conflict_orderexp_A_first_seed3006,A_first,3006,post_washout,test-0013
96e39458,axis1_access_vs_provenance_value-conflict_orderexp_A_first_seed3006,A_first,3006,post_washout,test-0013
7572ee7c,axis1_access_vs_provenance_value-conflict_orderexp_A_first_seed3006,A_first,3006,post_washout,test-0013
709edf8b,axis1_access_vs_provenance_value-conflict_orderexp_A_first_seed3006,A_first,3006,post_washout,test-0013
1ba03edf,axis1_access_vs_provenance_value-conflict_orderexp_A_first_seed3006,A_first,3006,post_washout,test-0013
dc6ca68e,axis1_access_vs_provenance_value-conflict_orderexp_A_first_seed3006,A_first,3006,post_washout,test-0014
2ab0e0b9,axis1_access_vs_provenance_value-conflict_orderexp_A_first_seed3006,A_first,3006,post_washout,test-0014
0b924cef,axis1_access_vs_provenance_value-conflict_orderexp_A_first_seed3006,A_first,3006,post_washout,test-0014
1a10c4b3,axis1_access_vs_provenance_value-conflict_orderexp_A_first_seed3006,A_first,3006,post_washout,test-0014
0dc3333b,axis1_access_vs_provenance_value-conflict_orderexp_A_first_seed3006,A_first,3006,post_washout,test-0014
5e82d231,axis1_access_vs_provenance_value-conflict_orderexp_A_first_seed3006,A_first,3006,post_washout,test-0015
765838e3,axis1_access_vs_provenance_value-conflict_orderexp_A_first_seed3006,A_first,3006,post_washout,test-0015
b87aa038,axis1_access_vs_provenance_value-conflict_orderexp_A_first_seed3006,A_first,3006,post_washout,test-0015
cfdf2758,axis1_access_vs_provenance_value-conflict_orderexp_A_first_seed3006,A_first,3006,post_washout,test-0015
937f8f82,axis1_access_vs_provenance_value-conflict_orderexp_A_first_seed3006,A_first,3006,post_washout,test-0015
d88ec83d,axis1_access_vs_provenance_value-conflict_orderexp_A_first_seed3006,A_first,3006,post_washout,test-0016
77638312,axis1_access_vs_provenance_value-conflict_orderexp_A_first_seed3006,A_first,3006,post_washout,test-0016
64bfa537,axis1_access_vs_provenance_value-conflict_orderexp_A_first_seed3006,A_first,3006,post_washout,test-0016
ed6d5198,axis1_access_vs_provenance_value-conflict_orderexp_A_first_seed3006,A_first,3006,post_washout,test-0016
d9bfaede,axis1_access_vs_provenance_value-conflict_orderexp_A_first_seed3006,A_first,3006,post_washout,test-0016
731f131a,axis1_access_vs_provenance_value-conflict_orderexp_A_first_seed3006,A_first,3006,post_washout,test-0017
8b843163,axis1_access_vs_provenance_value-conflict_orderexp_A_first_seed3006,A_first,3006,post_washout,test-0017
ccb21b96,axis1_access_vs_provenance_value-conflict_orderexp_A_first_seed3006,A_first,3006,post_washout,test-0017
9d890386,axis1_access_vs_provenance_value-conflict_orderexp_A_first_seed3006,A_first,3006,post_washout,test-0017
ead1900c,axis1_access_vs_provenance_value-conflict_orderexp_A_first_seed3006,A_first,3006,post_washout,test-0017
868fe29f,axis1_access_vs_provenance_value-conflict_orderexp_A_first_seed3006,A_first,3006,post_washout,test-0018
035e90a7,axis1_access_vs_provenance_value-conflict_orderexp_A_first_seed3006,A_first,3006,post_washout,test-0018
db01c4a3,axis1_access_vs_provenance_value-conflict_orderexp_A_first_seed3006,A_first,3006,post_washout,test-0018
70b79a6c,axis1_access_vs_provenance_value-conflict_orderexp_A_first_seed3006,A_first,3006,post_washout,test-0018
67f4f701,axis1_access_vs_provenance_value-conflict_orderexp_A_first_seed3006,A_first,3006,post_washout,test-0018
c792e5eb,axis1_access_vs_provenance_value-conflict_orderexp_A_first_seed3006,A_first,3006,post_washout,test-0019
4b1902fc,axis1_access_vs_provenance_value-conflict_orderexp_A_first_seed3006,A_first,3006,post_washout,test-0019
ec872037,axis1_access_vs_provenance_value-conflict_orderexp_A_first_seed3006,A_first,3006,post_washout,test-0019
4ebd3f60,axis1_access_vs_provenance_value-conflict_orderexp_A_first_seed3006,A_first,3006,post_washout,test-0019
e520b676,axis1_access_vs_provenance_value-conflict_orderexp_A_first_seed3006,A_first,3006,post_washout,test-0019
fcf2cf5f,axis1_access_vs_provenance_value-conflict_orderexp_A_first_seed3006,A_first,3006,post_washout,test-0020
6fe57334,axis1_access_vs_provenance_value-conflict_orderexp_A_first_seed3006,A_first,3006,post_washout,test-0020
b19b911d,axis1_access_vs_provenance_value-conflict_orderexp_A_first_seed3006,A_first,3006,post_washout,test-0020
78923da7,axis1_access_vs_provenance_value-conflict_orderexp_A_first_seed3006,A_first,3006,post_washout,test-0020
73c5f9af,axis1_access_vs_provenance_value-conflict_orderexp_A_first_seed3006,A_first,3006,post_washout,test-0020
10303f0a,axis1_access_vs_provenance_value-conflict_orderexp_A_first_seed3006,A_first,3006,post_washout,test-0021
8839fc1a,axis1_access_vs_provenance_value-conflict_orderexp_A_first_seed3006,A_first,3006,post_washout,test-0021
9abe77b9,axis1_access_vs_provenance_value-conflict_orderexp_A_first_seed3006,A_first,3006,post_washout,test-0021
48469038,axis1_access_vs_provenance_value-conflict_orderexp_A_first_seed3006,A_first,3006,post_washout,test-0021
a8ca13e9,axis1_access_vs_provenance_value-conflict_orderexp_A_first_seed3006,A_first,3006,post_washout,test-0021
56c1fb37,axis1_access_vs_provenance_value-conflict_orderexp_A_first_seed3006,A_first,3006,post_washout,test-0022
beeedb60,axis1_access_vs_provenance_value-conflict_orderexp_A_first_seed3006,A_first,3006,post_washout,test-0022
93c9f1fe,axis1_access_vs_provenance_value-conflict_orderexp_A_first_seed3006,A_first,3006,post_washout,test-0022
4a171493,axis1_access_vs_provenance_value-conflict_orderexp_A_first_seed3006,A_first,3006,post_washout,test-0022
af60dd67,axis1_access_vs_provenance_value-conflict_orderexp_A_first_seed3006,A_first,3006,post_washout,test-0022
032f76bb,axis1_access_vs_provenance_value-conflict_orderexp_A_first_seed3006,A_first,3006,post_washout,test-0023
14d97c52,axis1_access_vs_provenance_value-conflict_orderexp_A_first_seed3006,A_first,3006,post_washout,test-0023
40887e4e,axis1_access_vs_provenance_value-conflict_orderexp_A_first_seed3006,A_first,3006,post_washout,test-0023
bf29224f,axis1_access_vs_provenance_value-conflict_orderexp_A_first_seed3006,A_first,3006,post_washout,test-0023
0b8fd69f,axis1_access_vs_provenance_value-conflict_orderexp_A_first_seed3006,A_first,3006,post_washout,test-0023
915eebb2,axis1_access_vs_provenance_value-conflict_orderexp_A_first_seed3006,A_first,3006,post_washout,test-0024
24799b0a,axis1_access_vs_provenance_value-conflict_orderexp_A_first_seed3006,A_first,3006,post_washout,test-0024
08a1a540,axis1_access_vs_provenance_value-conflict_orderexp_A_first_seed3006,A_first,3006,post_washout,test-0024
36f45b91,axis1_access_vs_provenance_value-conflict_orderexp_A_first_seed3006,A_first,3006,post_washout,test-0024
7c095ac7,axis1_access_vs_provenance_value-conflict_orderexp_A_first_seed3006,A_first,3006,post_washout,test-0024
7e46fb05,axis1_access_vs_provenance_value-conflict_orderexp_A_first_seed3007,A_first,3007,post_washout,test-0001
4c6b1170,axis1_access_vs_provenance_value-conflict_orderexp_A_first_seed3007,A_first,3007,post_washout,test-0001
ecc100be,axis1_access_vs_provenance_value-conflict_orderexp_A_first_seed3007,A_first,3007,post_washout,test-0001
95f11fdd,axis1_access_vs_provenance_value-conflict_orderexp_A_first_seed3007,A_first,3007,post_washout,test-0001
732fd0ee,axis1_access_vs_provenance_value-conflict_orderexp_A_first_seed3007,A_first,3007,post_washout,test-0001
cef8d869,axis1_access_vs_provenance_value-conflict_orderexp_A_first_seed3007,A_first,3007,post_washout,test-0002
30dfb1ac,axis1_access_vs_provenance_value-conflict_orderexp_A_first_seed3007,A_first,3007,post_washout,test-0002
9dfe6f65,axis1_access_vs_provenance_value-conflict_orderexp_A_first_seed3007,A_first,3007,post_washout,test-0002
82ffc9d5,axis1_access_vs_provenance_value-conflict_orderexp_A_first_seed3007,A_first,3007,post_washout,test-0002
efd428bd,axis1_access_vs_provenance_value-conflict_orderexp_A_first_seed3007,A_first,3007,post_washout,test-0002
c39c455f,axis1_access_vs_provenance_value-conflict_orderexp_A_first_seed3007,A_first,3007,post_washout,test-0003
65727bfc,axis1_access_vs_provenance_value-conflict_orderexp_A_first_seed3007,A_first,3007,post_washout,test-0003
794c5d84,axis1_access_vs_provenance_value-conflict_orderexp_A_first_seed3007,A_first,3007,post_washout,test-0003
814f4598,axis1_access_vs_provenance_value-conflict_orderexp_A_first_seed3007,A_first,3007,post_washout,test-0003
31fdcaaf,axis1_access_vs_provenance_value-conflict_orderexp_A_first_seed3007,A_first,3007,post_washout,test-0003
440c7635,axis1_access_vs_provenance_value-conflict_orderexp_A_first_seed3007,A_first,3007,post_washout,test-0004
20d90962,axis1_access_vs_provenance_value-conflict_orderexp_A_first_seed3007,A_first,3007,post_washout,test-0004
6ff44fc0,axis1_access_vs_provenance_value-conflict_orderexp_A_first_seed3007,A_first,3007,post_washout,test-0004
994761f3,axis1_access_vs_provenance_value-conflict_orderexp_A_first_seed3007,A_first,3007,post_washout,test-0004
93d620f3,axis1_access_vs_provenance_value-conflict_orderexp_A_first_seed3007,A_first,3007,post_washout,test-0004
75400498,axis1_access_vs_provenance_value-conflict_orderexp_A_first_seed3007,A_first,3007,post_washout,test-0005
443f138b,axis1_access_vs_provenance_value-conflict_orderexp_A_first_seed3007,A_first,3007,post_washout,test-0005
4d7c8c0c,axis1_access_vs_provenance_value-conflict_orderexp_A_first_seed3007,A_first,3007,post_washout,test-0005
dd7eda15,axis1_access_vs_provenance_value-conflict_orderexp_A_first_seed3007,A_first,3007,post_washout,test-0005
12e9dd6b,axis1_access_vs_provenance_value-conflict_orderexp_A_first_seed3007,A_first,3007,post_washout,test-0005
348a9fc6,axis1_access_vs_provenance_value-conflict_orderexp_A_first_seed3007,A_first,3007,post_washout,test-0006
5f556886,axis1_access_vs_provenance_value-conflict_orderexp_A_first_seed3007,A_first,3007,post_washout,test-0006
9bc93ce5,axis1_access_vs_provenance_value-conflict_orderexp_A_first_seed3007,A_first,3007,post_washout,test-0006
26343fb8,axis1_access_vs_provenance_value-conflict_orderexp_A_first_seed3007,A_first,3007,post_washout,test-0006
f48062df,axis1_access_vs_provenance_value-conflict_orderexp_A_first_seed3007,A_first,3007,post_washout,test-0006
8930aced,axis1_access_vs_provenance_value-conflict_orderexp_A_first_seed3007,A_first,3007,post_washout,test-0007
19624b27,axis1_access_vs_provenance_value-conflict_orderexp_A_first_seed3007,A_first,3007,post_washout,test-0007
033f2f78,axis1_access_vs_provenance_value-conflict_orderexp_A_first_seed3007,A_first,3007,post_washout,test-0007
aca953aa,axis1_access_vs_provenance_value-conflict_orderexp_A_first_seed3007,A_first,3007,post_washout,test-0007
47d3a243,axis1_access_vs_provenance_value-conflict_orderexp_A_first_seed3007,A_first,3007,post_washout,test-0007
a7d0f7f7,axis1_access_vs_provenance_value-conflict_orderexp_A_first_seed3007,A_first,3007,post_washout,test-0008
b81b84e2,axis1_access_vs_provenance_value-conflict_orderexp_A_first_seed3007,A_first,3007,post_washout,test-0008
54c26bdb,axis1_access_vs_provenance_value-conflict_orderexp_A_first_seed3007,A_first,3007,post_washout,test-0008
f28cd446,axis1_access_vs_provenance_value-conflict_orderexp_A_first_seed3007,A_first,3007,post_washout,test-0008
0ff18547,axis1_access_vs_provenance_value-conflict_orderexp_A_first_seed3007,A_first,3007,post_washout,test-0008
ee3cf354,axis1_access_vs_provenance_value-conflict_orderexp_A_first_seed3007,A_first,3007,post_washout,test-0009
112e8596,axis1_access_vs_provenance_value-conflict_orderexp_A_first_seed3007,A_first,3007,post_washout,test-0009
c7a5c01a,axis1_access_vs_provenance_value-conflict_orderexp_A_first_seed3007,A_first,3007,post_washout,test-0009
eee0110b,axis1_access_vs_provenance_value-conflict_orderexp_A_first_seed3007,A_first,3007,post_washout,test-0009
9bb21d88,axis1_access_vs_provenance_value-conflict_orderexp_A_first_seed3007,A_first,3007,post_washout,test-0009
fa9145c3,axis1_access_vs_provenance_value-conflict_orderexp_A_first_seed3007,A_first,3007,post_washout,test-0010
a24fb02e,axis1_access_vs_provenance_value-conflict_orderexp_A_first_seed3007,A_first,3007,post_washout,test-0010
99716031,axis1_access_vs_provenance_value-conflict_orderexp_A_first_seed3007,A_first,3007,post_washout,test-0010
f4db72b5,axis1_access_vs_provenance_value-conflict_orderexp_A_first_seed3007,A_first,3007,post_washout,test-0010
3c3c3614,axis1_access_vs_provenance_value-conflict_orderexp_A_first_seed3007,A_first,3007,post_washout,test-0010
228cb17c,axis1_access_vs_provenance_value-conflict_orderexp_A_first_seed3007,A_first,3007,post_washout,test-0011
61324b13,axis1_access_vs_provenance_value-conflict_orderexp_A_first_seed3007,A_first,3007,post_washout,test-0011
ac992120,axis1_access_vs_provenance_value-conflict_orderexp_A_first_seed3007,A_first,3007,post_washout,test-0011
7f5cd6ea,axis1_access_vs_provenance_value-conflict_orderexp_A_first_seed3007,A_first,3007,post_washout,test-0011
2db548d0,axis1_access_vs_provenance_value-conflict_orderexp_A_first_seed3007,A_first,3007,post_washout,test-0011
31f9f960,axis1_access_vs_provenance_value-conflict_orderexp_A_first_seed3007,A_first,3007,post_washout,test-0012
d7c5a0e8,axis1_access_vs_provenance_value-conflict_orderexp_A_first_seed3007,A_first,3007,post_washout,test-0012
8a21636f,axis1_access_vs_provenance_value-conflict_orderexp_A_first_seed3007,A_first,3007,post_washout,test-0012
a875c9d2,axis1_access_vs_provenance_value-conflict_orderexp_A_first_seed3007,A_first,3007,post_washout,test-0012
b0a4f2f1,axis1_access_vs_provenance_value-conflict_orderexp_A_first_seed3007,A_first,3007,post_washout,test-0012
e0b0fc22,axis1_access_vs_provenance_value-conflict_orderexp_A_first_seed3007,A_first,3007,post_washout,test-0013
f3fa43c6,axis1_access_vs_provenance_value-conflict_orderexp_A_first_seed3007,A_first,3007,post_washout,test-0013
4cb9ea04,axis1_access_vs_provenance_value-conflict_orderexp_A_first_seed3007,A_first,3007,post_washout,test-0013
9182b77f,axis1_access_vs_provenance_value-conflict_orderexp_A_first_seed3007,A_first,3007,post_washout,test-0013
030c4362,axis1_access_vs_provenance_value-conflict_orderexp_A_first_seed3007,A_first,3007,post_washout,test-0013
0ee37669,axis1_access_vs_provenance_value-conflict_orderexp_A_first_seed3007,A_first,3007,post_washout,test-0014
704b58af,axis1_access_vs_provenance_value-conflict_orderexp_A_first_seed3007,A_first,3007,post_washout,test-0014
7b2ec302,axis1_access_vs_provenance_value-conflict_orderexp_A_first_seed3007,A_first,3007,post_washout,test-0014
2fdd6ee4,axis1_access_vs_provenance_value-conflict_orderexp_A_first_seed3007,A_first,3007,post_washout,test-0014
5d44b42c,axis1_access_vs_provenance_value-conflict_orderexp_A_first_seed3007,A_first,3007,post_washout,test-0014
d7fb7e18,axis1_access_vs_provenance_value-conflict_orderexp_A_first_seed3007,A_first,3007,post_washout,test-0015
2733b45a,axis1_access_vs_provenance_value-conflict_orderexp_A_first_seed3007,A_first,3007,post_washout,test-0015
ead551ac,axis1_access_vs_provenance_value-conflict_orderexp_A_first_seed3007,A_first,3007,post_washout,test-0015
acf70b83,axis1_access_vs_provenance_value-conflict_orderexp_A_first_seed3007,A_first,3007,post_washout,test-0015
8ce9da27,axis1_access_vs_provenance_value-conflict_orderexp_A_first_seed3007,A_first,3007,post_washout,test-0015
d646992a,axis1_access_vs_provenance_value-conflict_orderexp_A_first_seed3007,A_first,3007,post_washout,test-0016
11bd0621,axis1_access_vs_provenance_value-conflict_orderexp_A_first_seed3007,A_first,3007,post_washout,test-0016
c4a02e65,axis1_access_vs_provenance_value-conflict_orderexp_A_first_seed3007,A_first,3007,post_washout,test-0016
8fef2cc6,axis1_access_vs_provenance_value-conflict_orderexp_A_first_seed3007,A_first,3007,post_washout,test-0016
819805f9,axis1_access_vs_provenance_value-conflict_orderexp_A_first_seed3007,A_first,3007,post_washout,test-0016
e13d619f,axis1_access_vs_provenance_value-conflict_orderexp_A_first_seed3007,A_first,3007,post_washout,test-0017
364e774d,axis1_access_vs_provenance_value-conflict_orderexp_A_first_seed3007,A_first,3007,post_washout,test-0017
d9f757f4,axis1_access_vs_provenance_value-conflict_orderexp_A_first_seed3007,A_first,3007,post_washout,test-0017
2b9d0126,axis1_access_vs_provenance_value-conflict_orderexp_A_first_seed3007,A_first,3007,post_washout,test-0017
959fa033,axis1_access_vs_provenance_value-conflict_orderexp_A_first_seed3007,A_first,3007,post_washout,test-0017
f735154d,axis1_access_vs_provenance_value-conflict_orderexp_A_first_seed3007,A_first,3007,post_washout,test-0018
2000c0ce,axis1_access_vs_provenance_value-conflict_orderexp_A_first_seed3007,A_first,3007,post_washout,test-0018
ed54d094,axis1_access_vs_provenance_value-conflict_orderexp_A_first_seed3007,A_first,3007,post_washout,test-0018
61cd4000,axis1_access_vs_provenance_value-conflict_orderexp_A_first_seed3007,A_first,3007,post_washout,test-0018
14b8abad,axis1_access_vs_provenance_value-conflict_orderexp_A_first_seed3007,A_first,3007,post_washout,test-0018
13299f29,axis1_access_vs_provenance_value-conflict_orderexp_A_first_seed3007,A_first,3007,post_washout,test-0019
aee653bd,axis1_access_vs_provenance_value-conflict_orderexp_A_first_seed3007,A_first,3007,post_washout,test-0019
5657b845,axis1_access_vs_provenance_value-conflict_orderexp_A_first_seed3007,A_first,3007,post_washout,test-0019
1678115e,axis1_access_vs_provenance_value-conflict_orderexp_A_first_seed3007,A_first,3007,post_washout,test-0019
b1361def,axis1_access_vs_provenance_value-conflict_orderexp_A_first_seed3007,A_first,3007,post_washout,test-0019
b85e16a1,axis1_access_vs_provenance_value-conflict_orderexp_A_first_seed3007,A_first,3007,post_washout,test-0020
6ab40b47,axis1_access_vs_provenance_value-conflict_orderexp_A_first_seed3007,A_first,3007,post_washout,test-0020
4b666cbb,axis1_access_vs_provenance_value-conflict_orderexp_A_first_seed3007,A_first,3007,post_washout,test-0020
3e7f1d3b,axis1_access_vs_provenance_value-conflict_orderexp_A_first_seed3007,A_first,3007,post_washout,test-0020
f872fb77,axis1_access_vs_provenance_value-conflict_orderexp_A_first_seed3007,A_first,3007,post_washout,test-0020
ba31a852,axis1_access_vs_provenance_value-conflict_orderexp_A_first_seed3007,A_first,3007,post_washout,test-0021
ef97c45e,axis1_access_vs_provenance_value-conflict_orderexp_A_first_seed3007,A_first,3007,post_washout,test-0021
04035a58,axis1_access_vs_provenance_value-conflict_orderexp_A_first_seed3007,A_first,3007,post_washout,test-0021
e8ba7d40,axis1_access_vs_provenance_value-conflict_orderexp_A_first_seed3007,A_first,3007,post_washout,test-0021
ef128419,axis1_access_vs_provenance_value-conflict_orderexp_A_first_seed3007,A_first,3007,post_washout,test-0021
de23b19b,axis1_access_vs_provenance_value-conflict_orderexp_A_first_seed3007,A_first,3007,post_washout,test-0022
eff37d84,axis1_access_vs_provenance_value-conflict_orderexp_A_first_seed3007,A_first,3007,post_washout,test-0022
a357acd4,axis1_access_vs_provenance_value-conflict_orderexp_A_first_seed3007,A_first,3007,post_washout,test-0022
b7954961,axis1_access_vs_provenance_value-conflict_orderexp_A_first_seed3007,A_first,3007,post_washout,test-0022
ab3e6865,axis1_access_vs_provenance_value-conflict_orderexp_A_first_seed3007,A_first,3007,post_washout,test-0022
2c436341,axis1_access_vs_provenance_value-conflict_orderexp_A_first_seed3007,A_first,3007,post_washout,test-0023
8b94dbed,axis1_access_vs_provenance_value-conflict_orderexp_A_first_seed3007,A_first,3007,post_washout,test-0023
25049ebd,axis1_access_vs_provenance_value-conflict_orderexp_A_first_seed3007,A_first,3007,post_washout,test-0023
8e40be26,axis1_access_vs_provenance_value-conflict_orderexp_A_first_seed3007,A_first,3007,post_washout,test-0023
30f47f0d,axis1_access_vs_provenance_value-conflict_orderexp_A_first_seed3007,A_first,3007,post_washout,test-0023
8d222ea9,axis1_access_vs_provenance_value-conflict_orderexp_A_first_seed3007,A_first,3007,post_washout,test-0024
a48e519d,axis1_access_vs_provenance_value-conflict_orderexp_A_first_seed3007,A_first,3007,post_washout,test-0024
dd7ea4a7,axis1_access_vs_provenance_value-conflict_orderexp_A_first_seed3007,A_first,3007,post_washout,test-0024
cb732c63,axis1_access_vs_provenance_value-conflict_orderexp_A_first_seed3007,A_first,3007,post_washout,test-0024
b04170f5,axis1_access_vs_provenance_value-conflict_orderexp_A_first_seed3007,A_first,3007,post_washout,test-0024
5f23f1aa,axis1_access_vs_provenance_value-conflict_orderexp_A_first_seed3008,A_first,3008,post_washout,test-0001
2e5732ed,axis1_access_vs_provenance_value-conflict_orderexp_A_first_seed3008,A_first,3008,post_washout,test-0001
799c3442,axis1_access_vs_provenance_value-conflict_orderexp_A_first_seed3008,A_first,3008,post_washout,test-0001
14d2e1e0,axis1_access_vs_provenance_value-conflict_orderexp_A_first_seed3008,A_first,3008,post_washout,test-0001
53749276,axis1_access_vs_provenance_value-conflict_orderexp_A_first_seed3008,A_first,3008,post_washout,test-0001
47de136c,axis1_access_vs_provenance_value-conflict_orderexp_A_first_seed3008,A_first,3008,post_washout,test-0002
fd32c5a3,axis1_access_vs_provenance_value-conflict_orderexp_A_first_seed3008,A_first,3008,post_washout,test-0002
f1f39ab3,axis1_access_vs_provenance_value-conflict_orderexp_A_first_seed3008,A_first,3008,post_washout,test-0002
691e7f4e,axis1_access_vs_provenance_value-conflict_orderexp_A_first_seed3008,A_first,3008,post_washout,test-0002
5167b8af,axis1_access_vs_provenance_value-conflict_orderexp_A_first_seed3008,A_first,3008,post_washout,test-0002
15e29f70,axis1_access_vs_provenance_value-conflict_orderexp_A_first_seed3008,A_first,3008,post_washout,test-0003
7964f8d6,axis1_access_vs_provenance_value-conflict_orderexp_A_first_seed3008,A_first,3008,post_washout,test-0003
204f582c,axis1_access_vs_provenance_value-conflict_orderexp_A_first_seed3008,A_first,3008,post_washout,test-0003
c76c21a5,axis1_access_vs_provenance_value-conflict_orderexp_A_first_seed3008,A_first,3008,post_washout,test-0003
f0eaa6b9,axis1_access_vs_provenance_value-conflict_orderexp_A_first_seed3008,A_first,3008,post_washout,test-0003
5b916e5e,axis1_access_vs_provenance_value-conflict_orderexp_A_first_seed3008,A_first,3008,post_washout,test-0004
c60321e1,axis1_access_vs_provenance_value-conflict_orderexp_A_first_seed3008,A_first,3008,post_washout,test-0004
5182bff9,axis1_access_vs_provenance_value-conflict_orderexp_A_first_seed3008,A_first,3008,post_washout,test-0004
0a007f52,axis1_access_vs_provenance_value-conflict_orderexp_A_first_seed3008,A_first,3008,post_washout,test-0004
2833e1c2,axis1_access_vs_provenance_value-conflict_orderexp_A_first_seed3008,A_first,3008,post_washout,test-0004
f22f81ad,axis1_access_vs_provenance_value-conflict_orderexp_A_first_seed3008,A_first,3008,post_washout,test-0005
041a9de1,axis1_access_vs_provenance_value-conflict_orderexp_A_first_seed3008,A_first,3008,post_washout,test-0005
4353122a,axis1_access_vs_provenance_value-conflict_orderexp_A_first_seed3008,A_first,3008,post_washout,test-0005
90f47e04,axis1_access_vs_provenance_value-conflict_orderexp_A_first_seed3008,A_first,3008,post_washout,test-0005
cac9344b,axis1_access_vs_provenance_value-conflict_orderexp_A_first_seed3008,A_first,3008,post_washout,test-0005
d367a5b0,axis1_access_vs_provenance_value-conflict_orderexp_A_first_seed3008,A_first,3008,post_washout,test-0006
3b4c2b11,axis1_access_vs_provenance_value-conflict_orderexp_A_first_seed3008,A_first,3008,post_washout,test-0006
f0312bf3,axis1_access_vs_provenance_value-conflict_orderexp_A_first_seed3008,A_first,3008,post_washout,test-0006
71a3cfee,axis1_access_vs_provenance_value-conflict_orderexp_A_first_seed3008,A_first,3008,post_washout,test-0006
b53ae7ea,axis1_access_vs_provenance_value-conflict_orderexp_A_first_seed3008,A_first,3008,post_washout,test-0006
63919cf6,axis1_access_vs_provenance_value-conflict_orderexp_A_first_seed3008,A_first,3008,post_washout,test-0007
fee179d9,axis1_access_vs_provenance_value-conflict_orderexp_A_first_seed3008,A_first,3008,post_washout,test-0007
dc3249ff,axis1_access_vs_provenance_value-conflict_orderexp_A_first_seed3008,A_first,3008,post_washout,test-0007
bd1d2372,axis1_access_vs_provenance_value-conflict_orderexp_A_first_seed3008,A_first,3008,post_washout,test-0007
000883cc,axis1_access_vs_provenance_value-conflict_orderexp_A_first_seed3008,A_first,3008,post_washout,test-0007
420f63d2,axis1_access_vs_provenance_value-conflict_orderexp_A_first_seed3008,A_first,3008,post_washout,test-0008
ac757920,axis1_access_vs_provenance_value-conflict_orderexp_A_first_seed3008,A_first,3008,post_washout,test-0008
38870beb,axis1_access_vs_provenance_value-conflict_orderexp_A_first_seed3008,A_first,3008,post_washout,test-0008
6c3bcb37,axis1_access_vs_provenance_value-conflict_orderexp_A_first_seed3008,A_first,3008,post_washout,test-0008
a11e3fb5,axis1_access_vs_provenance_value-conflict_orderexp_A_first_seed3008,A_first,3008,post_washout,test-0008
7a357d8b,axis1_access_vs_provenance_value-conflict_orderexp_A_first_seed3008,A_first,3008,post_washout,test-0009
5ff4a193,axis1_access_vs_provenance_value-conflict_orderexp_A_first_seed3008,A_first,3008,post_washout,test-0009
c7a31cdd,axis1_access_vs_provenance_value-conflict_orderexp_A_first_seed3008,A_first,3008,post_washout,test-0009
e7a659eb,axis1_access_vs_provenance_value-conflict_orderexp_A_first_seed3008,A_first,3008,post_washout,test-0009
2a99c849,axis1_access_vs_provenance_value-conflict_orderexp_A_first_seed3008,A_first,3008,post_washout,test-0009
9ba87c10,axis1_access_vs_provenance_value-conflict_orderexp_A_first_seed3008,A_first,3008,post_washout,test-0010
0d427302,axis1_access_vs_provenance_value-conflict_orderexp_A_first_seed3008,A_first,3008,post_washout,test-0010
184d88d4,axis1_access_vs_provenance_value-conflict_orderexp_A_first_seed3008,A_first,3008,post_washout,test-0010
08df0c84,axis1_access_vs_provenance_value-conflict_orderexp_A_first_seed3008,A_first,3008,post_washout,test-0010
82a40036,axis1_access_vs_provenance_value-conflict_orderexp_A_first_seed3008,A_first,3008,post_washout,test-0010
51dd5893,axis1_access_vs_provenance_value-conflict_orderexp_A_first_seed3008,A_first,3008,post_washout,test-0011
2e89556c,axis1_access_vs_provenance_value-conflict_orderexp_A_first_seed3008,A_first,3008,post_washout,test-0011
62384cb6,axis1_access_vs_provenance_value-conflict_orderexp_A_first_seed3008,A_first,3008,post_washout,test-0011
b1a06e0f,axis1_access_vs_provenance_value-conflict_orderexp_A_first_seed3008,A_first,3008,post_washout,test-0011
e880dfa4,axis1_access_vs_provenance_value-conflict_orderexp_A_first_seed3008,A_first,3008,post_washout,test-0011
e888c23d,axis1_access_vs_provenance_value-conflict_orderexp_A_first_seed3008,A_first,3008,post_washout,test-0012
e78bd5d0,axis1_access_vs_provenance_value-conflict_orderexp_A_first_seed3008,A_first,3008,post_washout,test-0012
0188705d,axis1_access_vs_provenance_value-conflict_orderexp_A_first_seed3008,A_first,3008,post_washout,test-0012
535a9654,axis1_access_vs_provenance_value-conflict_orderexp_A_first_seed3008,A_first,3008,post_washout,test-0012
da73cc29,axis1_access_vs_provenance_value-conflict_orderexp_A_first_seed3008,A_first,3008,post_washout,test-0012
5f5780e5,axis1_access_vs_provenance_value-conflict_orderexp_A_first_seed3008,A_first,3008,post_washout,test-0013
a98afb6b,axis1_access_vs_provenance_value-conflict_orderexp_A_first_seed3008,A_first,3008,post_washout,test-0013
245d290d,axis1_access_vs_provenance_value-conflict_orderexp_A_first_seed3008,A_first,3008,post_washout,test-0013
37a8fc3f,axis1_access_vs_provenance_value-conflict_orderexp_A_first_seed3008,A_first,3008,post_washout,test-0013
df895f54,axis1_access_vs_provenance_value-conflict_orderexp_A_first_seed3008,A_first,3008,post_washout,test-0013
c653c884,axis1_access_vs_provenance_value-conflict_orderexp_A_first_seed3008,A_first,3008,post_washout,test-0014
63f8d506,axis1_access_vs_provenance_value-conflict_orderexp_A_first_seed3008,A_first,3008,post_washout,test-0014
ae8461d5,axis1_access_vs_provenance_value-conflict_orderexp_A_first_seed3008,A_first,3008,post_washout,test-0014
a9eb1b80,axis1_access_vs_provenance_value-conflict_orderexp_A_first_seed3008,A_first,3008,post_washout,test-0014
dcf3976f,axis1_access_vs_provenance_value-conflict_orderexp_A_first_seed3008,A_first,3008,post_washout,test-0014
c11c898f,axis1_access_vs_provenance_value-conflict_orderexp_A_first_seed3008,A_first,3008,post_washout,test-0015
4d51ef1e,axis1_access_vs_provenance_value-conflict_orderexp_A_first_seed3008,A_first,3008,post_washout,test-0015
b7564dc4,axis1_access_vs_provenance_value-conflict_orderexp_A_first_seed3008,A_first,3008,post_washout,test-0015
ea3fc9f3,axis1_access_vs_provenance_value-conflict_orderexp_A_first_seed3008,A_first,3008,post_washout,test-0015
c0f229d9,axis1_access_vs_provenance_value-conflict_orderexp_A_first_seed3008,A_first,3008,post_washout,test-0015
58dd5ee9,axis1_access_vs_provenance_value-conflict_orderexp_A_first_seed3008,A_first,3008,post_washout,test-0016
2633044f,axis1_access_vs_provenance_value-conflict_orderexp_A_first_seed3008,A_first,3008,post_washout,test-0016
83a3e99c,axis1_access_vs_provenance_value-conflict_orderexp_A_first_seed3008,A_first,3008,post_washout,test-0016
0f5d766f,axis1_access_vs_provenance_value-conflict_orderexp_A_first_seed3008,A_first,3008,post_washout,test-0016
655e70ab,axis1_access_vs_provenance_value-conflict_orderexp_A_first_seed3008,A_first,3008,post_washout,test-0016
67283035,axis1_access_vs_provenance_value-conflict_orderexp_A_first_seed3008,A_first,3008,post_washout,test-0017
96238348,axis1_access_vs_provenance_value-conflict_orderexp_A_first_seed3008,A_first,3008,post_washout,test-0017
e600bb8c,axis1_access_vs_provenance_value-conflict_orderexp_A_first_seed3008,A_first,3008,post_washout,test-0017
b94ec288,axis1_access_vs_provenance_value-conflict_orderexp_A_first_seed3008,A_first,3008,post_washout,test-0017
9f2bfa5b,axis1_access_vs_provenance_value-conflict_orderexp_A_first_seed3008,A_first,3008,post_washout,test-0017
cbfb6bd1,axis1_access_vs_provenance_value-conflict_orderexp_A_first_seed3008,A_first,3008,post_washout,test-0018
e7b17a3c,axis1_access_vs_provenance_value-conflict_orderexp_A_first_seed3008,A_first,3008,post_washout,test-0018
b8a8df7d,axis1_access_vs_provenance_value-conflict_orderexp_A_first_seed3008,A_first,3008,post_washout,test-0018
c949ca7d,axis1_access_vs_provenance_value-conflict_orderexp_A_first_seed3008,A_first,3008,post_washout,test-0018
ba20150f,axis1_access_vs_provenance_value-conflict_orderexp_A_first_seed3008,A_first,3008,post_washout,test-0018
e32c31d2,axis1_access_vs_provenance_value-conflict_orderexp_A_first_seed3008,A_first,3008,post_washout,test-0019
25958ba0,axis1_access_vs_provenance_value-conflict_orderexp_A_first_seed3008,A_first,3008,post_washout,test-0019
e40ff6bf,axis1_access_vs_provenance_value-conflict_orderexp_A_first_seed3008,A_first,3008,post_washout,test-0019
75aafae1,axis1_access_vs_provenance_value-conflict_orderexp_A_first_seed3008,A_first,3008,post_washout,test-0019
3ea646cb,axis1_access_vs_provenance_value-conflict_orderexp_A_first_seed3008,A_first,3008,post_washout,test-0019
a5dc9514,axis1_access_vs_provenance_value-conflict_orderexp_A_first_seed3008,A_first,3008,post_washout,test-0020
71c0c9f3,axis1_access_vs_provenance_value-conflict_orderexp_A_first_seed3008,A_first,3008,post_washout,test-0020
0f29e8c0,axis1_access_vs_provenance_value-conflict_orderexp_A_first_seed3008,A_first,3008,post_washout,test-0020
849efb3a,axis1_access_vs_provenance_value-conflict_orderexp_A_first_seed3008,A_first,3008,post_washout,test-0020
604f81c8,axis1_access_vs_provenance_value-conflict_orderexp_A_first_seed3008,A_first,3008,post_washout,test-0020
a7853009,axis1_access_vs_provenance_value-conflict_orderexp_A_first_seed3008,A_first,3008,post_washout,test-0021
56bc1a16,axis1_access_vs_provenance_value-conflict_orderexp_A_first_seed3008,A_first,3008,post_washout,test-0021
6ceffde9,axis1_access_vs_provenance_value-conflict_orderexp_A_first_seed3008,A_first,3008,post_washout,test-0021
ebb72bc8,axis1_access_vs_provenance_value-conflict_orderexp_A_first_seed3008,A_first,3008,post_washout,test-0021
45761078,axis1_access_vs_provenance_value-conflict_orderexp_A_first_seed3008,A_first,3008,post_washout,test-0021
e80dbd5f,axis1_access_vs_provenance_value-conflict_orderexp_A_first_seed3008,A_first,3008,post_washout,test-0022
38cf12c3,axis1_access_vs_provenance_value-conflict_orderexp_A_first_seed3008,A_first,3008,post_washout,test-0022
5303f288,axis1_access_vs_provenance_value-conflict_orderexp_A_first_seed3008,A_first,3008,post_washout,test-0022
59630915,axis1_access_vs_provenance_value-conflict_orderexp_A_first_seed3008,A_first,3008,post_washout,test-0022
e936fc41,axis1_access_vs_provenance_value-conflict_orderexp_A_first_seed3008,A_first,3008,post_washout,test-0022
8cd50184,axis1_access_vs_provenance_value-conflict_orderexp_A_first_seed3008,A_first,3008,post_washout,test-0023
09a86783,axis1_access_vs_provenance_value-conflict_orderexp_A_first_seed3008,A_first,3008,post_washout,test-0023
aca3707c,axis1_access_vs_provenance_value-conflict_orderexp_A_first_seed3008,A_first,3008,post_washout,test-0023
381d3921,axis1_access_vs_provenance_value-conflict_orderexp_A_first_seed3008,A_first,3008,post_washout,test-0023
be3914d9,axis1_access_vs_provenance_value-conflict_orderexp_A_first_seed3008,A_first,3008,post_washout,test-0023
dff89807,axis1_access_vs_provenance_value-conflict_orderexp_A_first_seed3008,A_first,3008,post_washout,test-0024
c03aee03,axis1_access_vs_provenance_value-conflict_orderexp_A_first_seed3008,A_first,3008,post_washout,test-0024
2f79af56,axis1_access_vs_provenance_value-conflict_orderexp_A_first_seed3008,A_first,3008,post_washout,test-0024
97ee808a,axis1_access_vs_provenance_value-conflict_orderexp_A_first_seed3008,A_first,3008,post_washout,test-0024
f73310f3,axis1_access_vs_provenance_value-conflict_orderexp_A_first_seed3008,A_first,3008,post_washout,test-0024
3f918259,axis1_access_vs_provenance_value-conflict_orderexp_A_first_seed3009,A_first,3009,post_washout,test-0001
cdb4f32e,axis1_access_vs_provenance_value-conflict_orderexp_A_first_seed3009,A_first,3009,post_washout,test-0001
2e41b1a7,axis1_access_vs_provenance_value-conflict_orderexp_A_first_seed3009,A_first,3009,post_washout,test-0001
9e6e19e4,axis1_access_vs_provenance_value-conflict_orderexp_A_first_seed3009,A_first,3009,post_washout,test-0001
c2427d68,axis1_access_vs_provenance_value-conflict_orderexp_A_first_seed3009,A_first,3009,post_washout,test-0001
f0d11b84,axis1_access_vs_provenance_value-conflict_orderexp_A_first_seed3009,A_first,3009,post_washout,test-0002
8133597b,axis1_access_vs_provenance_value-conflict_orderexp_A_first_seed3009,A_first,3009,post_washout,test-0002
1e69b1c4,axis1_access_vs_provenance_value-conflict_orderexp_A_first_seed3009,A_first,3009,post_washout,test-0002
54d9ce0b,axis1_access_vs_provenance_value-conflict_orderexp_A_first_seed3009,A_first,3009,post_washout,test-0002
bfc16594,axis1_access_vs_provenance_value-conflict_orderexp_A_first_seed3009,A_first,3009,post_washout,test-0002
1c0c826d,axis1_access_vs_provenance_value-conflict_orderexp_A_first_seed3009,A_first,3009,post_washout,test-0003
599c4e6a,axis1_access_vs_provenance_value-conflict_orderexp_A_first_seed3009,A_first,3009,post_washout,test-0003
3fb433b3,axis1_access_vs_provenance_value-conflict_orderexp_A_first_seed3009,A_first,3009,post_washout,test-0003
256abe98,axis1_access_vs_provenance_value-conflict_orderexp_A_first_seed3009,A_first,3009,post_washout,test-0003
c79b7116,axis1_access_vs_provenance_value-conflict_orderexp_A_first_seed3009,A_first,3009,post_washout,test-0003
55ac59c7,axis1_access_vs_provenance_value-conflict_orderexp_A_first_seed3009,A_first,3009,post_washout,test-0004
a9088b0a,axis1_access_vs_provenance_value-conflict_orderexp_A_first_seed3009,A_first,3009,post_washout,test-0004
bfeac815,axis1_access_vs_provenance_value-conflict_orderexp_A_first_seed3009,A_first,3009,post_washout,test-0004
2bb9a787,axis1_access_vs_provenance_value-conflict_orderexp_A_first_seed3009,A_first,3009,post_washout,test-0004
06143c75,axis1_access_vs_provenance_value-conflict_orderexp_A_first_seed3009,A_first,3009,post_washout,test-0004
82ed8362,axis1_access_vs_provenance_value-conflict_orderexp_A_first_seed3009,A_first,3009,post_washout,test-0005
26cedc6c,axis1_access_vs_provenance_value-conflict_orderexp_A_first_seed3009,A_first,3009,post_washout,test-0005
82dea19e,axis1_access_vs_provenance_value-conflict_orderexp_A_first_seed3009,A_first,3009,post_washout,test-0005
93bfe427,axis1_access_vs_provenance_value-conflict_orderexp_A_first_seed3009,A_first,3009,post_washout,test-0005
cd8e0313,axis1_access_vs_provenance_value-conflict_orderexp_A_first_seed3009,A_first,3009,post_washout,test-0005
1417ae59,axis1_access_vs_provenance_value-conflict_orderexp_A_first_seed3009,A_first,3009,post_washout,test-0006
37bfcf86,axis1_access_vs_provenance_value-conflict_orderexp_A_first_seed3009,A_first,3009,post_washout,test-0006
9ba6a4d5,axis1_access_vs_provenance_value-conflict_orderexp_A_first_seed3009,A_first,3009,post_washout,test-0006
7288d4a5,axis1_access_vs_provenance_value-conflict_orderexp_A_first_seed3009,A_first,3009,post_washout,test-0006
858fd874,axis1_access_vs_provenance_value-conflict_orderexp_A_first_seed3009,A_first,3009,post_washout,test-0006
4ce56715,axis1_access_vs_provenance_value-conflict_orderexp_A_first_seed3009,A_first,3009,post_washout,test-0007
3fa569cc,axis1_access_vs_provenance_value-conflict_orderexp_A_first_seed3009,A_first,3009,post_washout,test-0007
d53f7aec,axis1_access_vs_provenance_value-conflict_orderexp_A_first_seed3009,A_first,3009,post_washout,test-0007
78ae35d8,axis1_access_vs_provenance_value-conflict_orderexp_A_first_seed3009,A_first,3009,post_washout,test-0007
895bf42a,axis1_access_vs_provenance_value-conflict_orderexp_A_first_seed3009,A_first,3009,post_washout,test-0007
ab963264,axis1_access_vs_provenance_value-conflict_orderexp_A_first_seed3009,A_first,3009,post_washout,test-0008
339c89a6,axis1_access_vs_provenance_value-conflict_orderexp_A_first_seed3009,A_first,3009,post_washout,test-0008
a03f0fdd,axis1_access_vs_provenance_value-conflict_orderexp_A_first_seed3009,A_first,3009,post_washout,test-0008
dfdb1dc7,axis1_access_vs_provenance_value-conflict_orderexp_A_first_seed3009,A_first,3009,post_washout,test-0008
bd917304,axis1_access_vs_provenance_value-conflict_orderexp_A_first_seed3009,A_first,3009,post_washout,test-0008
d5c9abce,axis1_access_vs_provenance_value-conflict_orderexp_A_first_seed3009,A_first,3009,post_washout,test-0009
ec8b5a90,axis1_access_vs_provenance_value-conflict_orderexp_A_first_seed3009,A_first,3009,post_washout,test-0009
99e61c04,axis1_access_vs_provenance_value-conflict_orderexp_A_first_seed3009,A_first,3009,post_washout,test-0009
567a61c9,axis1_access_vs_provenance_value-conflict_orderexp_A_first_seed3009,A_first,3009,post_washout,test-0009
8b08eac5,axis1_access_vs_provenance_value-conflict_orderexp_A_first_seed3009,A_first,3009,post_washout,test-0009
1f25b18a,axis1_access_vs_provenance_value-conflict_orderexp_A_first_seed3009,A_first,3009,post_washout,test-0010
3c4ebc85,axis1_access_vs_provenance_value-conflict_orderexp_A_first_seed3009,A_first,3009,post_washout,test-0010
f792030a,axis1_access_vs_provenance_value-conflict_orderexp_A_first_seed3009,A_first,3009,post_washout,test-0010
f81df698,axis1_access_vs_provenance_value-conflict_orderexp_A_first_seed3009,A_first,3009,post_washout,test-0010
13c28876,axis1_access_vs_provenance_value-conflict_orderexp_A_first_seed3009,A_first,3009,post_washout,test-0010
4a5e2ddb,axis1_access_vs_provenance_value-conflict_orderexp_A_first_seed3009,A_first,3009,post_washout,test-0011
1d587272,axis1_access_vs_provenance_value-conflict_orderexp_A_first_seed3009,A_first,3009,post_washout,test-0011
ae64c870,axis1_access_vs_provenance_value-conflict_orderexp_A_first_seed3009,A_first,3009,post_washout,test-0011
fb1d774e,axis1_access_vs_provenance_value-conflict_orderexp_A_first_seed3009,A_first,3009,post_washout,test-0011
5623e782,axis1_access_vs_provenance_value-conflict_orderexp_A_first_seed3009,A_first,3009,post_washout,test-0011
c39804aa,axis1_access_vs_provenance_value-conflict_orderexp_A_first_seed3009,A_first,3009,post_washout,test-0012
e22bcdf8,axis1_access_vs_provenance_value-conflict_orderexp_A_first_seed3009,A_first,3009,post_washout,test-0012
d30ec71d,axis1_access_vs_provenance_value-conflict_orderexp_A_first_seed3009,A_first,3009,post_washout,test-0012
8df26cc6,axis1_access_vs_provenance_value-conflict_orderexp_A_first_seed3009,A_first,3009,post_washout,test-0012
21718655,axis1_access_vs_provenance_value-conflict_orderexp_A_first_seed3009,A_first,3009,post_washout,test-0012
11a9726c,axis1_access_vs_provenance_value-conflict_orderexp_A_first_seed3009,A_first,3009,post_washout,test-0013
70ef2aec,axis1_access_vs_provenance_value-conflict_orderexp_A_first_seed3009,A_first,3009,post_washout,test-0013
03a7e55b,axis1_access_vs_provenance_value-conflict_orderexp_A_first_seed3009,A_first,3009,post_washout,test-0013
ce64955c,axis1_access_vs_provenance_value-conflict_orderexp_A_first_seed3009,A_first,3009,post_washout,test-0013
c1b4f725,axis1_access_vs_provenance_value-conflict_orderexp_A_first_seed3009,A_first,3009,post_washout,test-0013
f83427f2,axis1_access_vs_provenance_value-conflict_orderexp_A_first_seed3009,A_first,3009,post_washout,test-0014
12e13165,axis1_access_vs_provenance_value-conflict_orderexp_A_first_seed3009,A_first,3009,post_washout,test-0014
b4aecfb0,axis1_access_vs_provenance_value-conflict_orderexp_A_first_seed3009,A_first,3009,post_washout,test-0014
44091511,axis1_access_vs_provenance_value-conflict_orderexp_A_first_seed3009,A_first,3009,post_washout,test-0014
0eb980d9,axis1_access_vs_provenance_value-conflict_orderexp_A_first_seed3009,A_first,3009,post_washout,test-0014
73b8fe4f,axis1_access_vs_provenance_value-conflict_orderexp_A_first_seed3009,A_first,3009,post_washout,test-0015
98a10494,axis1_access_vs_provenance_value-conflict_orderexp_A_first_seed3009,A_first,3009,post_washout,test-0015
fc03f105,axis1_access_vs_provenance_value-conflict_orderexp_A_first_seed3009,A_first,3009,post_washout,test-0015
d232b0cf,axis1_access_vs_provenance_value-conflict_orderexp_A_first_seed3009,A_first,3009,post_washout,test-0015
63cd46a8,axis1_access_vs_provenance_value-conflict_orderexp_A_first_seed3009,A_first,3009,post_washout,test-0015
f6392bec,axis1_access_vs_provenance_value-conflict_orderexp_A_first_seed3009,A_first,3009,post_washout,test-0016
5df2160d,axis1_access_vs_provenance_value-conflict_orderexp_A_first_seed3009,A_first,3009,post_washout,test-0016
dc8db7c4,axis1_access_vs_provenance_value-conflict_orderexp_A_first_seed3009,A_first,3009,post_washout,test-0016
4c3672ab,axis1_access_vs_provenance_value-conflict_orderexp_A_first_seed3009,A_first,3009,post_washout,test-0016
ad0dfd2f,axis1_access_vs_provenance_value-conflict_orderexp_A_first_seed3009,A_first,3009,post_washout,test-0016
45d0f33d,axis1_access_vs_provenance_value-conflict_orderexp_A_first_seed3009,A_first,3009,post_washout,test-0017
6b857b4d,axis1_access_vs_provenance_value-conflict_orderexp_A_first_seed3009,A_first,3009,post_washout,test-0017
2b2b467e,axis1_access_vs_provenance_value-conflict_orderexp_A_first_seed3009,A_first,3009,post_washout,test-0017
251756d6,axis1_access_vs_provenance_value-conflict_orderexp_A_first_seed3009,A_first,3009,post_washout,test-0017
814fa9fe,axis1_access_vs_provenance_value-conflict_orderexp_A_first_seed3009,A_first,3009,post_washout,test-0017
da1759a9,axis1_access_vs_provenance_value-conflict_orderexp_A_first_seed3009,A_first,3009,post_washout,test-0018
216532c0,axis1_access_vs_provenance_value-conflict_orderexp_A_first_seed3009,A_first,3009,post_washout,test-0018
a51bce4c,axis1_access_vs_provenance_value-conflict_orderexp_A_first_seed3009,A_first,3009,post_washout,test-0018
5e4ffdae,axis1_access_vs_provenance_value-conflict_orderexp_A_first_seed3009,A_first,3009,post_washout,test-0018
29e3811c,axis1_access_vs_provenance_value-conflict_orderexp_A_first_seed3009,A_first,3009,post_washout,test-0018
c89b545f,axis1_access_vs_provenance_value-conflict_orderexp_A_first_seed3009,A_first,3009,post_washout,test-0019
97b3dbed,axis1_access_vs_provenance_value-conflict_orderexp_A_first_seed3009,A_first,3009,post_washout,test-0019
c436e850,axis1_access_vs_provenance_value-conflict_orderexp_A_first_seed3009,A_first,3009,post_washout,test-0019
6a3becff,axis1_access_vs_provenance_value-conflict_orderexp_A_first_seed3009,A_first,3009,post_washout,test-0019
f42a6885,axis1_access_vs_provenance_value-conflict_orderexp_A_first_seed3009,A_first,3009,post_washout,test-0019
5eada397,axis1_access_vs_provenance_value-conflict_orderexp_A_first_seed3009,A_first,3009,post_washout,test-0020
758968e5,axis1_access_vs_provenance_value-conflict_orderexp_A_first_seed3009,A_first,3009,post_washout,test-0020
87697fa0,axis1_access_vs_provenance_value-conflict_orderexp_A_first_seed3009,A_first,3009,post_washout,test-0020
48382388,axis1_access_vs_provenance_value-conflict_orderexp_A_first_seed3009,A_first,3009,post_washout,test-0020
4f076db2,axis1_access_vs_provenance_value-conflict_orderexp_A_first_seed3009,A_first,3009,post_washout,test-0020
2f490ee1,axis1_access_vs_provenance_value-conflict_orderexp_A_first_seed3009,A_first,3009,post_washout,test-0021
6fc9cf6b,axis1_access_vs_provenance_value-conflict_orderexp_A_first_seed3009,A_first,3009,post_washout,test-0021
1d73f397,axis1_access_vs_provenance_value-conflict_orderexp_A_first_seed3009,A_first,3009,post_washout,test-0021
4a2f3e28,axis1_access_vs_provenance_value-conflict_orderexp_A_first_seed3009,A_first,3009,post_washout,test-0021
c6119949,axis1_access_vs_provenance_value-conflict_orderexp_A_first_seed3009,A_first,3009,post_washout,test-0021
6466c4eb,axis1_access_vs_provenance_value-conflict_orderexp_A_first_seed3009,A_first,3009,post_washout,test-0022
6bebf0d5,axis1_access_vs_provenance_value-conflict_orderexp_A_first_seed3009,A_first,3009,post_washout,test-0022
f8d0c155,axis1_access_vs_provenance_value-conflict_orderexp_A_first_seed3009,A_first,3009,post_washout,test-0022
7836ef54,axis1_access_vs_provenance_value-conflict_orderexp_A_first_seed3009,A_first,3009,post_washout,test-0022
d88be3aa,axis1_access_vs_provenance_value-conflict_orderexp_A_first_seed3009,A_first,3009,post_washout,test-0022
dd6feae8,axis1_access_vs_provenance_value-conflict_orderexp_A_first_seed3009,A_first,3009,post_washout,test-0023
0002a894,axis1_access_vs_provenance_value-conflict_orderexp_A_first_seed3009,A_first,3009,post_washout,test-0023
d6eafc2b,axis1_access_vs_provenance_value-conflict_orderexp_A_first_seed3009,A_first,3009,post_washout,test-0023
6b3f94cf,axis1_access_vs_provenance_value-conflict_orderexp_A_first_seed3009,A_first,3009,post_washout,test-0023
54e30662,axis1_access_vs_provenance_value-conflict_orderexp_A_first_seed3009,A_first,3009,post_washout,test-0023
9fad5b57,axis1_access_vs_provenance_value-conflict_orderexp_A_first_seed3009,A_first,3009,post_washout,test-0024
0b4c2b8d,axis1_access_vs_provenance_value-conflict_orderexp_A_first_seed3009,A_first,3009,post_washout,test-0024
b29b5118,axis1_access_vs_provenance_value-conflict_orderexp_A_first_seed3009,A_first,3009,post_washout,test-0024
bdb0cd80,axis1_access_vs_provenance_value-conflict_orderexp_A_first_seed3009,A_first,3009,post_washout,test-0024
8b840771,axis1_access_vs_provenance_value-conflict_orderexp_A_first_seed3009,A_first,3009,post_washout,test-0024
f159659d,axis1_access_vs_provenance_value-conflict_orderexp_A_first_seed3010,A_first,3010,post_washout,test-0001
49990c7e,axis1_access_vs_provenance_value-conflict_orderexp_A_first_seed3010,A_first,3010,post_washout,test-0001
95765fd5,axis1_access_vs_provenance_value-conflict_orderexp_A_first_seed3010,A_first,3010,post_washout,test-0001
c77d1d18,axis1_access_vs_provenance_value-conflict_orderexp_A_first_seed3010,A_first,3010,post_washout,test-0001
9a84e674,axis1_access_vs_provenance_value-conflict_orderexp_A_first_seed3010,A_first,3010,post_washout,test-0001
283367ab,axis1_access_vs_provenance_value-conflict_orderexp_A_first_seed3010,A_first,3010,post_washout,test-0002
0b668177,axis1_access_vs_provenance_value-conflict_orderexp_A_first_seed3010,A_first,3010,post_washout,test-0002
e0efb133,axis1_access_vs_provenance_value-conflict_orderexp_A_first_seed3010,A_first,3010,post_washout,test-0002
90698b2c,axis1_access_vs_provenance_value-conflict_orderexp_A_first_seed3010,A_first,3010,post_washout,test-0002
703c7a9a,axis1_access_vs_provenance_value-conflict_orderexp_A_first_seed3010,A_first,3010,post_washout,test-0002
a37f39b9,axis1_access_vs_provenance_value-conflict_orderexp_A_first_seed3010,A_first,3010,post_washout,test-0003
d0f348bd,axis1_access_vs_provenance_value-conflict_orderexp_A_first_seed3010,A_first,3010,post_washout,test-0003
a7cf6754,axis1_access_vs_provenance_value-conflict_orderexp_A_first_seed3010,A_first,3010,post_washout,test-0003
9213a7ad,axis1_access_vs_provenance_value-conflict_orderexp_A_first_seed3010,A_first,3010,post_washout,test-0003
f4c2e734,axis1_access_vs_provenance_value-conflict_orderexp_A_first_seed3010,A_first,3010,post_washout,test-0003
d274e2c9,axis1_access_vs_provenance_value-conflict_orderexp_A_first_seed3010,A_first,3010,post_washout,test-0004
c500050f,axis1_access_vs_provenance_value-conflict_orderexp_A_first_seed3010,A_first,3010,post_washout,test-0004
65c30da2,axis1_access_vs_provenance_value-conflict_orderexp_A_first_seed3010,A_first,3010,post_washout,test-0004
79798229,axis1_access_vs_provenance_value-conflict_orderexp_A_first_seed3010,A_first,3010,post_washout,test-0004
9a2ed0ae,axis1_access_vs_provenance_value-conflict_orderexp_A_first_seed3010,A_first,3010,post_washout,test-0004
31863efa,axis1_access_vs_provenance_value-conflict_orderexp_A_first_seed3010,A_first,3010,post_washout,test-0005
6518887d,axis1_access_vs_provenance_value-conflict_orderexp_A_first_seed3010,A_first,3010,post_washout,test-0005
7f454051,axis1_access_vs_provenance_value-conflict_orderexp_A_first_seed3010,A_first,3010,post_washout,test-0005
b2aa51cf,axis1_access_vs_provenance_value-conflict_orderexp_A_first_seed3010,A_first,3010,post_washout,test-0005
20cefb23,axis1_access_vs_provenance_value-conflict_orderexp_A_first_seed3010,A_first,3010,post_washout,test-0005
61056f69,axis1_access_vs_provenance_value-conflict_orderexp_A_first_seed3010,A_first,3010,post_washout,test-0006
b063ac2d,axis1_access_vs_provenance_value-conflict_orderexp_A_first_seed3010,A_first,3010,post_washout,test-0006
9e7a6796,axis1_access_vs_provenance_value-conflict_orderexp_A_first_seed3010,A_first,3010,post_washout,test-0006
4f281f26,axis1_access_vs_provenance_value-conflict_orderexp_A_first_seed3010,A_first,3010,post_washout,test-0006
1ac6c28d,axis1_access_vs_provenance_value-conflict_orderexp_A_first_seed3010,A_first,3010,post_washout,test-0006
8879c801,axis1_access_vs_provenance_value-conflict_orderexp_A_first_seed3010,A_first,3010,post_washout,test-0007
037472c1,axis1_access_vs_provenance_value-conflict_orderexp_A_first_seed3010,A_first,3010,post_washout,test-0007
20be0cf1,axis1_access_vs_provenance_value-conflict_orderexp_A_first_seed3010,A_first,3010,post_washout,test-0007
4f7f0b5c,axis1_access_vs_provenance_value-conflict_orderexp_A_first_seed3010,A_first,3010,post_washout,test-0007
97022649,axis1_access_vs_provenance_value-conflict_orderexp_A_first_seed3010,A_first,3010,post_washout,test-0007
8b558e86,axis1_access_vs_provenance_value-conflict_orderexp_A_first_seed3010,A_first,3010,post_washout,test-0008
094582ec,axis1_access_vs_provenance_value-conflict_orderexp_A_first_seed3010,A_first,3010,post_washout,test-0008
7aca0e93,axis1_access_vs_provenance_value-conflict_orderexp_A_first_seed3010,A_first,3010,post_washout,test-0008
a8f2a099,axis1_access_vs_provenance_value-conflict_orderexp_A_first_seed3010,A_first,3010,post_washout,test-0008
2da59d68,axis1_access_vs_provenance_value-conflict_orderexp_A_first_seed3010,A_first,3010,post_washout,test-0008
f420af41,axis1_access_vs_provenance_value-conflict_orderexp_A_first_seed3010,A_first,3010,post_washout,test-0009
0e7e92d8,axis1_access_vs_provenance_value-conflict_orderexp_A_first_seed3010,A_first,3010,post_washout,test-0009
6c3f6efc,axis1_access_vs_provenance_value-conflict_orderexp_A_first_seed3010,A_first,3010,post_washout,test-0009
ed7d63bf,axis1_access_vs_provenance_value-conflict_orderexp_A_first_seed3010,A_first,3010,post_washout,test-0009
3568baf1,axis1_access_vs_provenance_value-conflict_orderexp_A_first_seed3010,A_first,3010,post_washout,test-0009
ce90390b,axis1_access_vs_provenance_value-conflict_orderexp_A_first_seed3010,A_first,3010,post_washout,test-0010
60b23030,axis1_access_vs_provenance_value-conflict_orderexp_A_first_seed3010,A_first,3010,post_washout,test-0010
63cda94b,axis1_access_vs_provenance_value-conflict_orderexp_A_first_seed3010,A_first,3010,post_washout,test-0010
0e941fc8,axis1_access_vs_provenance_value-conflict_orderexp_A_first_seed3010,A_first,3010,post_washout,test-0010
3218a83b,axis1_access_vs_provenance_value-conflict_orderexp_A_first_seed3010,A_first,3010,post_washout,test-0010
568cf4f3,axis1_access_vs_provenance_value-conflict_orderexp_A_first_seed3010,A_first,3010,post_washout,test-0011
11a08156,axis1_access_vs_provenance_value-conflict_orderexp_A_first_seed3010,A_first,3010,post_washout,test-0011
61324cae,axis1_access_vs_provenance_value-conflict_orderexp_A_first_seed3010,A_first,3010,post_washout,test-0011
3fa73619,axis1_access_vs_provenance_value-conflict_orderexp_A_first_seed3010,A_first,3010,post_washout,test-0011
379a9869,axis1_access_vs_provenance_value-conflict_orderexp_A_first_seed3010,A_first,3010,post_washout,test-0011
03adc995,axis1_access_vs_provenance_value-conflict_orderexp_A_first_seed3010,A_first,3010,post_washout,test-0012
1423c1c1,axis1_access_vs_provenance_value-conflict_orderexp_A_first_seed3010,A_first,3010,post_washout,test-0012
990c0f6a,axis1_access_vs_provenance_value-conflict_orderexp_A_first_seed3010,A_first,3010,post_washout,test-0012
533cab7c,axis1_access_vs_provenance_value-conflict_orderexp_A_first_seed3010,A_first,3010,post_washout,test-0012
5c205d00,axis1_access_vs_provenance_value-conflict_orderexp_A_first_seed3010,A_first,3010,post_washout,test-0012
48e5421e,axis1_access_vs_provenance_value-conflict_orderexp_A_first_seed3010,A_first,3010,post_washout,test-0013
22dbfd29,axis1_access_vs_provenance_value-conflict_orderexp_A_first_seed3010,A_first,3010,post_washout,test-0013
5534f4fc,axis1_access_vs_provenance_value-conflict_orderexp_A_first_seed3010,A_first,3010,post_washout,test-0013
b1dec236,axis1_access_vs_provenance_value-conflict_orderexp_A_first_seed3010,A_first,3010,post_washout,test-0013
eb07225f,axis1_access_vs_provenance_value-conflict_orderexp_A_first_seed3010,A_first,3010,post_washout,test-0013
edeb145f,axis1_access_vs_provenance_value-conflict_orderexp_A_first_seed3010,A_first,3010,post_washout,test-0014
f588fa3e,axis1_access_vs_provenance_value-conflict_orderexp_A_first_seed3010,A_first,3010,post_washout,test-0014
a6bffac2,axis1_access_vs_provenance_value-conflict_orderexp_A_first_seed3010,A_first,3010,post_washout,test-0014
13470157,axis1_access_vs_provenance_value-conflict_orderexp_A_first_seed3010,A_first,3010,post_washout,test-0014
762e4717,axis1_access_vs_provenance_value-conflict_orderexp_A_first_seed3010,A_first,3010,post_washout,test-0014
86dc0419,axis1_access_vs_provenance_value-conflict_orderexp_A_first_seed3010,A_first,3010,post_washout,test-0015
bdc0cb17,axis1_access_vs_provenance_value-conflict_orderexp_A_first_seed3010,A_first,3010,post_washout,test-0015
16c2e327,axis1_access_vs_provenance_value-conflict_orderexp_A_first_seed3010,A_first,3010,post_washout,test-0015
ded39b19,axis1_access_vs_provenance_value-conflict_orderexp_A_first_seed3010,A_first,3010,post_washout,test-0015
4ec02006,axis1_access_vs_provenance_value-conflict_orderexp_A_first_seed3010,A_first,3010,post_washout,test-0015
6b315201,axis1_access_vs_provenance_value-conflict_orderexp_A_first_seed3010,A_first,3010,post_washout,test-0016
76561873,axis1_access_vs_provenance_value-conflict_orderexp_A_first_seed3010,A_first,3010,post_washout,test-0016
9f1d3c40,axis1_access_vs_provenance_value-conflict_orderexp_A_first_seed3010,A_first,3010,post_washout,test-0016
9eb5f77d,axis1_access_vs_provenance_value-conflict_orderexp_A_first_seed3010,A_first,3010,post_washout,test-0016
d7627f07,axis1_access_vs_provenance_value-conflict_orderexp_A_first_seed3010,A_first,3010,post_washout,test-0016
446729bc,axis1_access_vs_provenance_value-conflict_orderexp_A_first_seed3010,A_first,3010,post_washout,test-0017
1c0611bc,axis1_access_vs_provenance_value-conflict_orderexp_A_first_seed3010,A_first,3010,post_washout,test-0017
2c739963,axis1_access_vs_provenance_value-conflict_orderexp_A_first_seed3010,A_first,3010,post_washout,test-0017
9647e186,axis1_access_vs_provenance_value-conflict_orderexp_A_first_seed3010,A_first,3010,post_washout,test-0017
229fbd73,axis1_access_vs_provenance_value-conflict_orderexp_A_first_seed3010,A_first,3010,post_washout,test-0017
21e97df5,axis1_access_vs_provenance_value-conflict_orderexp_A_first_seed3010,A_first,3010,post_washout,test-0018
58b650a8,axis1_access_vs_provenance_value-conflict_orderexp_A_first_seed3010,A_first,3010,post_washout,test-0018
e3de0dc7,axis1_access_vs_provenance_value-conflict_orderexp_A_first_seed3010,A_first,3010,post_washout,test-0018
a37244ae,axis1_access_vs_provenance_value-conflict_orderexp_A_first_seed3010,A_first,3010,post_washout,test-0018
07496018,axis1_access_vs_provenance_value-conflict_orderexp_A_first_seed3010,A_first,3010,post_washout,test-0018
f38ed0c6,axis1_access_vs_provenance_value-conflict_orderexp_A_first_seed3010,A_first,3010,post_washout,test-0019
18513b55,axis1_access_vs_provenance_value-conflict_orderexp_A_first_seed3010,A_first,3010,post_washout,test-0019
d1f88fe7,axis1_access_vs_provenance_value-conflict_orderexp_A_first_seed3010,A_first,3010,post_washout,test-0019
11c14859,axis1_access_vs_provenance_value-conflict_orderexp_A_first_seed3010,A_first,3010,post_washout,test-0019
6ebec6d8,axis1_access_vs_provenance_value-conflict_orderexp_A_first_seed3010,A_first,3010,post_washout,test-0019
307c9237,axis1_access_vs_provenance_value-conflict_orderexp_A_first_seed3010,A_first,3010,post_washout,test-0020
563de5fc,axis1_access_vs_provenance_value-conflict_orderexp_A_first_seed3010,A_first,3010,post_washout,test-0020
6f633b5d,axis1_access_vs_provenance_value-conflict_orderexp_A_first_seed3010,A_first,3010,post_washout,test-0020
b80fee1d,axis1_access_vs_provenance_value-conflict_orderexp_A_first_seed3010,A_first,3010,post_washout,test-0020
d44a98cc,axis1_access_vs_provenance_value-conflict_orderexp_A_first_seed3010,A_first,3010,post_washout,test-0020
4a0783a3,axis1_access_vs_provenance_value-conflict_orderexp_A_first_seed3010,A_first,3010,post_washout,test-0021
c5e27977,axis1_access_vs_provenance_value-conflict_orderexp_A_first_seed3010,A_first,3010,post_washout,test-0021
8c8f8d9e,axis1_access_vs_provenance_value-conflict_orderexp_A_first_seed3010,A_first,3010,post_washout,test-0021
f21d059d,axis1_access_vs_provenance_value-conflict_orderexp_A_first_seed3010,A_first,3010,post_washout,test-0021
6327b603,axis1_access_vs_provenance_value-conflict_orderexp_A_first_seed3010,A_first,3010,post_washout,test-0021
83c6ca12,axis1_access_vs_provenance_value-conflict_orderexp_A_first_seed3010,A_first,3010,post_washout,test-0022
99a247f3,axis1_access_vs_provenance_value-conflict_orderexp_A_first_seed3010,A_first,3010,post_washout,test-0022
a0724c02,axis1_access_vs_provenance_value-conflict_orderexp_A_first_seed3010,A_first,3010,post_washout,test-0022
923859ea,axis1_access_vs_provenance_value-conflict_orderexp_A_first_seed3010,A_first,3010,post_washout,test-0022
739f17c6,axis1_access_vs_provenance_value-conflict_orderexp_A_first_seed3010,A_first,3010,post_washout,test-0022
97711cdd,axis1_access_vs_provenance_value-conflict_orderexp_A_first_seed3010,A_first,3010,post_washout,test-0023
8436cf94,axis1_access_vs_provenance_value-conflict_orderexp_A_first_seed3010,A_first,3010,post_washout,test-0023
7b59c769,axis1_access_vs_provenance_value-conflict_orderexp_A_first_seed3010,A_first,3010,post_washout,test-0023
34850d46,axis1_access_vs_provenance_value-conflict_orderexp_A_first_seed3010,A_first,3010,post_washout,test-0023
fc4e1c22,axis1_access_vs_provenance_value-conflict_orderexp_A_first_seed3010,A_first,3010,post_washout,test-0023
ce64afd8,axis1_access_vs_provenance_value-conflict_orderexp_A_first_seed3010,A_first,3010,post_washout,test-0024
5d8e26bd,axis1_access_vs_provenance_value-conflict_orderexp_A_first_seed3010,A_first,3010,post_washout,test-0024
7aa38512,axis1_access_vs_provenance_value-conflict_orderexp_A_first_seed3010,A_first,3010,post_washout,test-0024
0965d154,axis1_access_vs_provenance_value-conflict_orderexp_A_first_seed3010,A_first,3010,post_washout,test-0024
0ab36735,axis1_access_vs_provenance_value-conflict_orderexp_A_first_seed3010,A_first,3010,post_washout,test-0024
2181e7d4,axis1_access_vs_provenance_value-conflict_orderexp_B_first_seed3001,B_first,3001,post_washout,test-0001
bd3bb0c6,axis1_access_vs_provenance_value-conflict_orderexp_B_first_seed3001,B_first,3001,post_washout,test-0001
b3f71cb2,axis1_access_vs_provenance_value-conflict_orderexp_B_first_seed3001,B_first,3001,post_washout,test-0001
c57f50ae,axis1_access_vs_provenance_value-conflict_orderexp_B_first_seed3001,B_first,3001,post_washout,test-0001
4ed53e27,axis1_access_vs_provenance_value-conflict_orderexp_B_first_seed3001,B_first,3001,post_washout,test-0001
ab4e3095,axis1_access_vs_provenance_value-conflict_orderexp_B_first_seed3001,B_first,3001,post_washout,test-0002
6e19f0ba,axis1_access_vs_provenance_value-conflict_orderexp_B_first_seed3001,B_first,3001,post_washout,test-0002
83b7e48d,axis1_access_vs_provenance_value-conflict_orderexp_B_first_seed3001,B_first,3001,post_washout,test-0002
bd3ee0d6,axis1_access_vs_provenance_value-conflict_orderexp_B_first_seed3001,B_first,3001,post_washout,test-0002
9e14ba7b,axis1_access_vs_provenance_value-conflict_orderexp_B_first_seed3001,B_first,3001,post_washout,test-0002
29db8ec2,axis1_access_vs_provenance_value-conflict_orderexp_B_first_seed3001,B_first,3001,post_washout,test-0003
6e0f62e4,axis1_access_vs_provenance_value-conflict_orderexp_B_first_seed3001,B_first,3001,post_washout,test-0003
809e3c10,axis1_access_vs_provenance_value-conflict_orderexp_B_first_seed3001,B_first,3001,post_washout,test-0003
ca20ccbe,axis1_access_vs_provenance_value-conflict_orderexp_B_first_seed3001,B_first,3001,post_washout,test-0003
426ba58b,axis1_access_vs_provenance_value-conflict_orderexp_B_first_seed3001,B_first,3001,post_washout,test-0003
f063b0bc,axis1_access_vs_provenance_value-conflict_orderexp_B_first_seed3001,B_first,3001,post_washout,test-0004
1ebb40b0,axis1_access_vs_provenance_value-conflict_orderexp_B_first_seed3001,B_first,3001,post_washout,test-0004
2f9a499f,axis1_access_vs_provenance_value-conflict_orderexp_B_first_seed3001,B_first,3001,post_washout,test-0004
86c24b77,axis1_access_vs_provenance_value-conflict_orderexp_B_first_seed3001,B_first,3001,post_washout,test-0004
492fe744,axis1_access_vs_provenance_value-conflict_orderexp_B_first_seed3001,B_first,3001,post_washout,test-0004
7944b6fa,axis1_access_vs_provenance_value-conflict_orderexp_B_first_seed3001,B_first,3001,post_washout,test-0005
3a621463,axis1_access_vs_provenance_value-conflict_orderexp_B_first_seed3001,B_first,3001,post_washout,test-0005
d2303cf4,axis1_access_vs_provenance_value-conflict_orderexp_B_first_seed3001,B_first,3001,post_washout,test-0005
f9aba267,axis1_access_vs_provenance_value-conflict_orderexp_B_first_seed3001,B_first,3001,post_washout,test-0005
17fd32ad,axis1_access_vs_provenance_value-conflict_orderexp_B_first_seed3001,B_first,3001,post_washout,test-0005
7d1aef03,axis1_access_vs_provenance_value-conflict_orderexp_B_first_seed3001,B_first,3001,post_washout,test-0006
cfca446f,axis1_access_vs_provenance_value-conflict_orderexp_B_first_seed3001,B_first,3001,post_washout,test-0006
03e2952f,axis1_access_vs_provenance_value-conflict_orderexp_B_first_seed3001,B_first,3001,post_washout,test-0006
d321be99,axis1_access_vs_provenance_value-conflict_orderexp_B_first_seed3001,B_first,3001,post_washout,test-0006
422c690f,axis1_access_vs_provenance_value-conflict_orderexp_B_first_seed3001,B_first,3001,post_washout,test-0006
908387ce,axis1_access_vs_provenance_value-conflict_orderexp_B_first_seed3001,B_first,3001,post_washout,test-0007
d23ddf7e,axis1_access_vs_provenance_value-conflict_orderexp_B_first_seed3001,B_first,3001,post_washout,test-0007
28bc3b72,axis1_access_vs_provenance_value-conflict_orderexp_B_first_seed3001,B_first,3001,post_washout,test-0007
a56a4a11,axis1_access_vs_provenance_value-conflict_orderexp_B_first_seed3001,B_first,3001,post_washout,test-0007
811bdeeb,axis1_access_vs_provenance_value-conflict_orderexp_B_first_seed3001,B_first,3001,post_washout,test-0007
876790bd,axis1_access_vs_provenance_value-conflict_orderexp_B_first_seed3001,B_first,3001,post_washout,test-0008
908deb6a,axis1_access_vs_provenance_value-conflict_orderexp_B_first_seed3001,B_first,3001,post_washout,test-0008
9ff59c35,axis1_access_vs_provenance_value-conflict_orderexp_B_first_seed3001,B_first,3001,post_washout,test-0008
b1167c50,axis1_access_vs_provenance_value-conflict_orderexp_B_first_seed3001,B_first,3001,post_washout,test-0008
f43395dc,axis1_access_vs_provenance_value-conflict_orderexp_B_first_seed3001,B_first,3001,post_washout,test-0008
c076fe7c,axis1_access_vs_provenance_value-conflict_orderexp_B_first_seed3001,B_first,3001,post_washout,test-0009
f0c747a9,axis1_access_vs_provenance_value-conflict_orderexp_B_first_seed3001,B_first,3001,post_washout,test-0009
c2f86ee5,axis1_access_vs_provenance_value-conflict_orderexp_B_first_seed3001,B_first,3001,post_washout,test-0009
7465fafb,axis1_access_vs_provenance_value-conflict_orderexp_B_first_seed3001,B_first,3001,post_washout,test-0009
ebb5b8d9,axis1_access_vs_provenance_value-conflict_orderexp_B_first_seed3001,B_first,3001,post_washout,test-0009
5055189f,axis1_access_vs_provenance_value-conflict_orderexp_B_first_seed3001,B_first,3001,post_washout,test-0010
955b8da1,axis1_access_vs_provenance_value-conflict_orderexp_B_first_seed3001,B_first,3001,post_washout,test-0010
778e6ea1,axis1_access_vs_provenance_value-conflict_orderexp_B_first_seed3001,B_first,3001,post_washout,test-0010
91b8d533,axis1_access_vs_provenance_value-conflict_orderexp_B_first_seed3001,B_first,3001,post_washout,test-0010
d20c54ed,axis1_access_vs_provenance_value-conflict_orderexp_B_first_seed3001,B_first,3001,post_washout,test-0010
b6365b90,axis1_access_vs_provenance_value-conflict_orderexp_B_first_seed3001,B_first,3001,post_washout,test-0011
c7376af7,axis1_access_vs_provenance_value-conflict_orderexp_B_first_seed3001,B_first,3001,post_washout,test-0011
8d671e69,axis1_access_vs_provenance_value-conflict_orderexp_B_first_seed3001,B_first,3001,post_washout,test-0011
3a8717ae,axis1_access_vs_provenance_value-conflict_orderexp_B_first_seed3001,B_first,3001,post_washout,test-0011
e1c2171b,axis1_access_vs_provenance_value-conflict_orderexp_B_first_seed3001,B_first,3001,post_washout,test-0011
e2fdcc34,axis1_access_vs_provenance_value-conflict_orderexp_B_first_seed3001,B_first,3001,post_washout,test-0012
e944ff9d,axis1_access_vs_provenance_value-conflict_orderexp_B_first_seed3001,B_first,3001,post_washout,test-0012
ea8ecac4,axis1_access_vs_provenance_value-conflict_orderexp_B_first_seed3001,B_first,3001,post_washout,test-0012
50120319,axis1_access_vs_provenance_value-conflict_orderexp_B_first_seed3001,B_first,3001,post_washout,test-0012
99fe575e,axis1_access_vs_provenance_value-conflict_orderexp_B_first_seed3001,B_first,3001,post_washout,test-0012
d393c9f9,axis1_access_vs_provenance_value-conflict_orderexp_B_first_seed3001,B_first,3001,post_washout,test-0013
b3f0a7bc,axis1_access_vs_provenance_value-conflict_orderexp_B_first_seed3001,B_first,3001,post_washout,test-0013
4b26e785,axis1_access_vs_provenance_value-conflict_orderexp_B_first_seed3001,B_first,3001,post_washout,test-0013
1c291959,axis1_access_vs_provenance_value-conflict_orderexp_B_first_seed3001,B_first,3001,post_washout,test-0013
8e18e9ac,axis1_access_vs_provenance_value-conflict_orderexp_B_first_seed3001,B_first,3001,post_washout,test-0013
62732df0,axis1_access_vs_provenance_value-conflict_orderexp_B_first_seed3001,B_first,3001,post_washout,test-0014
868633cf,axis1_access_vs_provenance_value-conflict_orderexp_B_first_seed3001,B_first,3001,post_washout,test-0014
2cd9825c,axis1_access_vs_provenance_value-conflict_orderexp_B_first_seed3001,B_first,3001,post_washout,test-0014
6c677192,axis1_access_vs_provenance_value-conflict_orderexp_B_first_seed3001,B_first,3001,post_washout,test-0014
0447c71f,axis1_access_vs_provenance_value-conflict_orderexp_B_first_seed3001,B_first,3001,post_washout,test-0014
7c2f1556,axis1_access_vs_provenance_value-conflict_orderexp_B_first_seed3001,B_first,3001,post_washout,test-0015
5e674536,axis1_access_vs_provenance_value-conflict_orderexp_B_first_seed3001,B_first,3001,post_washout,test-0015
1f95b790,axis1_access_vs_provenance_value-conflict_orderexp_B_first_seed3001,B_first,3001,post_washout,test-0015
9d29735d,axis1_access_vs_provenance_value-conflict_orderexp_B_first_seed3001,B_first,3001,post_washout,test-0015
7b0ef919,axis1_access_vs_provenance_value-conflict_orderexp_B_first_seed3001,B_first,3001,post_washout,test-0015
b1f11f69,axis1_access_vs_provenance_value-conflict_orderexp_B_first_seed3001,B_first,3001,post_washout,test-0016
47f0eb14,axis1_access_vs_provenance_value-conflict_orderexp_B_first_seed3001,B_first,3001,post_washout,test-0016
618ff3fc,axis1_access_vs_provenance_value-conflict_orderexp_B_first_seed3001,B_first,3001,post_washout,test-0016
37b2a7c3,axis1_access_vs_provenance_value-conflict_orderexp_B_first_seed3001,B_first,3001,post_washout,test-0016
ea436dba,axis1_access_vs_provenance_value-conflict_orderexp_B_first_seed3001,B_first,3001,post_washout,test-0016
584c3f94,axis1_access_vs_provenance_value-conflict_orderexp_B_first_seed3001,B_first,3001,post_washout,test-0017
b7481c19,axis1_access_vs_provenance_value-conflict_orderexp_B_first_seed3001,B_first,3001,post_washout,test-0017
26bf0301,axis1_access_vs_provenance_value-conflict_orderexp_B_first_seed3001,B_first,3001,post_washout,test-0017
1a186dec,axis1_access_vs_provenance_value-conflict_orderexp_B_first_seed3001,B_first,3001,post_washout,test-0017
21f5e362,axis1_access_vs_provenance_value-conflict_orderexp_B_first_seed3001,B_first,3001,post_washout,test-0017
de4108fc,axis1_access_vs_provenance_value-conflict_orderexp_B_first_seed3001,B_first,3001,post_washout,test-0018
11cce63c,axis1_access_vs_provenance_value-conflict_orderexp_B_first_seed3001,B_first,3001,post_washout,test-0018
3a339438,axis1_access_vs_provenance_value-conflict_orderexp_B_first_seed3001,B_first,3001,post_washout,test-0018
7b5726a5,axis1_access_vs_provenance_value-conflict_orderexp_B_first_seed3001,B_first,3001,post_washout,test-0018
7ab3c5ce,axis1_access_vs_provenance_value-conflict_orderexp_B_first_seed3001,B_first,3001,post_washout,test-0018
9c03400a,axis1_access_vs_provenance_value-conflict_orderexp_B_first_seed3001,B_first,3001,post_washout,test-0019
4a5e1aa9,axis1_access_vs_provenance_value-conflict_orderexp_B_first_seed3001,B_first,3001,post_washout,test-0019
9da6454d,axis1_access_vs_provenance_value-conflict_orderexp_B_first_seed3001,B_first,3001,post_washout,test-0019
503e91d5,axis1_access_vs_provenance_value-conflict_orderexp_B_first_seed3001,B_first,3001,post_washout,test-0019
463ddfcd,axis1_access_vs_provenance_value-conflict_orderexp_B_first_seed3001,B_first,3001,post_washout,test-0019
ef445ef7,axis1_access_vs_provenance_value-conflict_orderexp_B_first_seed3001,B_first,3001,post_washout,test-0020
6806a414,axis1_access_vs_provenance_value-conflict_orderexp_B_first_seed3001,B_first,3001,post_washout,test-0020
aeb9592c,axis1_access_vs_provenance_value-conflict_orderexp_B_first_seed3001,B_first,3001,post_washout,test-0020
65b18174,axis1_access_vs_provenance_value-conflict_orderexp_B_first_seed3001,B_first,3001,post_washout,test-0020
d9a459cd,axis1_access_vs_provenance_value-conflict_orderexp_B_first_seed3001,B_first,3001,post_washout,test-0020
531ea084,axis1_access_vs_provenance_value-conflict_orderexp_B_first_seed3001,B_first,3001,post_washout,test-0021
a0842214,axis1_access_vs_provenance_value-conflict_orderexp_B_first_seed3001,B_first,3001,post_washout,test-0021
45f94aa0,axis1_access_vs_provenance_value-conflict_orderexp_B_first_seed3001,B_first,3001,post_washout,test-0021
c31184b7,axis1_access_vs_provenance_value-conflict_orderexp_B_first_seed3001,B_first,3001,post_washout,test-0021
9000cf59,axis1_access_vs_provenance_value-conflict_orderexp_B_first_seed3001,B_first,3001,post_washout,test-0021
2be0ce3e,axis1_access_vs_provenance_value-conflict_orderexp_B_first_seed3001,B_first,3001,post_washout,test-0022
ce67872f,axis1_access_vs_provenance_value-conflict_orderexp_B_first_seed3001,B_first,3001,post_washout,test-0022
50b2e6c9,axis1_access_vs_provenance_value-conflict_orderexp_B_first_seed3001,B_first,3001,post_washout,test-0022
40b499d5,axis1_access_vs_provenance_value-conflict_orderexp_B_first_seed3001,B_first,3001,post_washout,test-0022
1fe97d69,axis1_access_vs_provenance_value-conflict_orderexp_B_first_seed3001,B_first,3001,post_washout,test-0022
1350f6ad,axis1_access_vs_provenance_value-conflict_orderexp_B_first_seed3001,B_first,3001,post_washout,test-0023
60cdad0c,axis1_access_vs_provenance_value-conflict_orderexp_B_first_seed3001,B_first,3001,post_washout,test-0023
5a37a396,axis1_access_vs_provenance_value-conflict_orderexp_B_first_seed3001,B_first,3001,post_washout,test-0023
425a058f,axis1_access_vs_provenance_value-conflict_orderexp_B_first_seed3001,B_first,3001,post_washout,test-0023
b6542b44,axis1_access_vs_provenance_value-conflict_orderexp_B_first_seed3001,B_first,3001,post_washout,test-0023
be26df27,axis1_access_vs_provenance_value-conflict_orderexp_B_first_seed3001,B_first,3001,post_washout,test-0024
1e02ee9c,axis1_access_vs_provenance_value-conflict_orderexp_B_first_seed3001,B_first,3001,post_washout,test-0024
481f8208,axis1_access_vs_provenance_value-conflict_orderexp_B_first_seed3001,B_first,3001,post_washout,test-0024
0a3f2d77,axis1_access_vs_provenance_value-conflict_orderexp_B_first_seed3001,B_first,3001,post_washout,test-0024
6fd67709,axis1_access_vs_provenance_value-conflict_orderexp_B_first_seed3001,B_first,3001,post_washout,test-0024
3124ac3a,axis1_access_vs_provenance_value-conflict_orderexp_B_first_seed3002,B_first,3002,post_washout,test-0001
1a85013a,axis1_access_vs_provenance_value-conflict_orderexp_B_first_seed3002,B_first,3002,post_washout,test-0001
e90563cc,axis1_access_vs_provenance_value-conflict_orderexp_B_first_seed3002,B_first,3002,post_washout,test-0001
37ef5547,axis1_access_vs_provenance_value-conflict_orderexp_B_first_seed3002,B_first,3002,post_washout,test-0001
ce73d111,axis1_access_vs_provenance_value-conflict_orderexp_B_first_seed3002,B_first,3002,post_washout,test-0001
516dbe4c,axis1_access_vs_provenance_value-conflict_orderexp_B_first_seed3002,B_first,3002,post_washout,test-0002
4dfc44c5,axis1_access_vs_provenance_value-conflict_orderexp_B_first_seed3002,B_first,3002,post_washout,test-0002
4950127b,axis1_access_vs_provenance_value-conflict_orderexp_B_first_seed3002,B_first,3002,post_washout,test-0002
c5702e2c,axis1_access_vs_provenance_value-conflict_orderexp_B_first_seed3002,B_first,3002,post_washout,test-0002
6f7e0539,axis1_access_vs_provenance_value-conflict_orderexp_B_first_seed3002,B_first,3002,post_washout,test-0002
5a4a1655,axis1_access_vs_provenance_value-conflict_orderexp_B_first_seed3002,B_first,3002,post_washout,test-0003
c2077b74,axis1_access_vs_provenance_value-conflict_orderexp_B_first_seed3002,B_first,3002,post_washout,test-0003
b6c6b8fc,axis1_access_vs_provenance_value-conflict_orderexp_B_first_seed3002,B_first,3002,post_washout,test-0003
2c3a8ebf,axis1_access_vs_provenance_value-conflict_orderexp_B_first_seed3002,B_first,3002,post_washout,test-0003
e7fdac78,axis1_access_vs_provenance_value-conflict_orderexp_B_first_seed3002,B_first,3002,post_washout,test-0003
3899504b,axis1_access_vs_provenance_value-conflict_orderexp_B_first_seed3002,B_first,3002,post_washout,test-0004
c0649e28,axis1_access_vs_provenance_value-conflict_orderexp_B_first_seed3002,B_first,3002,post_washout,test-0004
94c2ed0e,axis1_access_vs_provenance_value-conflict_orderexp_B_first_seed3002,B_first,3002,post_washout,test-0004
6d0e2512,axis1_access_vs_provenance_value-conflict_orderexp_B_first_seed3002,B_first,3002,post_washout,test-0004
a366b3ab,axis1_access_vs_provenance_value-conflict_orderexp_B_first_seed3002,B_first,3002,post_washout,test-0004
1234553e,axis1_access_vs_provenance_value-conflict_orderexp_B_first_seed3002,B_first,3002,post_washout,test-0005
1bcf203c,axis1_access_vs_provenance_value-conflict_orderexp_B_first_seed3002,B_first,3002,post_washout,test-0005
5201b517,axis1_access_vs_provenance_value-conflict_orderexp_B_first_seed3002,B_first,3002,post_washout,test-0005
68712841,axis1_access_vs_provenance_value-conflict_orderexp_B_first_seed3002,B_first,3002,post_washout,test-0005
8c042509,axis1_access_vs_provenance_value-conflict_orderexp_B_first_seed3002,B_first,3002,post_washout,test-0005
4747483a,axis1_access_vs_provenance_value-conflict_orderexp_B_first_seed3002,B_first,3002,post_washout,test-0006
e51b8dbc,axis1_access_vs_provenance_value-conflict_orderexp_B_first_seed3002,B_first,3002,post_washout,test-0006
b1a2c47e,axis1_access_vs_provenance_value-conflict_orderexp_B_first_seed3002,B_first,3002,post_washout,test-0006
a8bd8222,axis1_access_vs_provenance_value-conflict_orderexp_B_first_seed3002,B_first,3002,post_washout,test-0006
5f755d52,axis1_access_vs_provenance_value-conflict_orderexp_B_first_seed3002,B_first,3002,post_washout,test-0006
a81151db,axis1_access_vs_provenance_value-conflict_orderexp_B_first_seed3002,B_first,3002,post_washout,test-0007
e75d2263,axis1_access_vs_provenance_value-conflict_orderexp_B_first_seed3002,B_first,3002,post_washout,test-0007
22108720,axis1_access_vs_provenance_value-conflict_orderexp_B_first_seed3002,B_first,3002,post_washout,test-0007
1b9a8bec,axis1_access_vs_provenance_value-conflict_orderexp_B_first_seed3002,B_first,3002,post_washout,test-0007
ad02ffc4,axis1_access_vs_provenance_value-conflict_orderexp_B_first_seed3002,B_first,3002,post_washout,test-0007
a4349fb5,axis1_access_vs_provenance_value-conflict_orderexp_B_first_seed3002,B_first,3002,post_washout,test-0008
089b6584,axis1_access_vs_provenance_value-conflict_orderexp_B_first_seed3002,B_first,3002,post_washout,test-0008
715a6a29,axis1_access_vs_provenance_value-conflict_orderexp_B_first_seed3002,B_first,3002,post_washout,test-0008
e72d1e10,axis1_access_vs_provenance_value-conflict_orderexp_B_first_seed3002,B_first,3002,post_washout,test-0008
eaa79a7a,axis1_access_vs_provenance_value-conflict_orderexp_B_first_seed3002,B_first,3002,post_washout,test-0008
609c24b7,axis1_access_vs_provenance_value-conflict_orderexp_B_first_seed3002,B_first,3002,post_washout,test-0009
23d239bc,axis1_access_vs_provenance_value-conflict_orderexp_B_first_seed3002,B_first,3002,post_washout,test-0009
56bb1244,axis1_access_vs_provenance_value-conflict_orderexp_B_first_seed3002,B_first,3002,post_washout,test-0009
edac0836,axis1_access_vs_provenance_value-conflict_orderexp_B_first_seed3002,B_first,3002,post_washout,test-0009
46eddfe7,axis1_access_vs_provenance_value-conflict_orderexp_B_first_seed3002,B_first,3002,post_washout,test-0009
812279a9,axis1_access_vs_provenance_value-conflict_orderexp_B_first_seed3002,B_first,3002,post_washout,test-0010
c81841ce,axis1_access_vs_provenance_value-conflict_orderexp_B_first_seed3002,B_first,3002,post_washout,test-0010
098d66e5,axis1_access_vs_provenance_value-conflict_orderexp_B_first_seed3002,B_first,3002,post_washout,test-0010
7d2676c1,axis1_access_vs_provenance_value-conflict_orderexp_B_first_seed3002,B_first,3002,post_washout,test-0010
2ff657ee,axis1_access_vs_provenance_value-conflict_orderexp_B_first_seed3002,B_first,3002,post_washout,test-0010
cbe5741c,axis1_access_vs_provenance_value-conflict_orderexp_B_first_seed3002,B_first,3002,post_washout,test-0011
7b4d452e,axis1_access_vs_provenance_value-conflict_orderexp_B_first_seed3002,B_first,3002,post_washout,test-0011
893b611c,axis1_access_vs_provenance_value-conflict_orderexp_B_first_seed3002,B_first,3002,post_washout,test-0011
35585cfa,axis1_access_vs_provenance_value-conflict_orderexp_B_first_seed3002,B_first,3002,post_washout,test-0011
80a3e930,axis1_access_vs_provenance_value-conflict_orderexp_B_first_seed3002,B_first,3002,post_washout,test-0011
920174de,axis1_access_vs_provenance_value-conflict_orderexp_B_first_seed3002,B_first,3002,post_washout,test-0012
c14d0d8f,axis1_access_vs_provenance_value-conflict_orderexp_B_first_seed3002,B_first,3002,post_washout,test-0012
75312ae4,axis1_access_vs_provenance_value-conflict_orderexp_B_first_seed3002,B_first,3002,post_washout,test-0012
d4d4d6c2,axis1_access_vs_provenance_value-conflict_orderexp_B_first_seed3002,B_first,3002,post_washout,test-0012
585ef051,axis1_access_vs_provenance_value-conflict_orderexp_B_first_seed3002,B_first,3002,post_washout,test-0012
7ec42ff3,axis1_access_vs_provenance_value-conflict_orderexp_B_first_seed3002,B_first,3002,post_washout,test-0013
6c6bdf3e,axis1_access_vs_provenance_value-conflict_orderexp_B_first_seed3002,B_first,3002,post_washout,test-0013
d6618697,axis1_access_vs_provenance_value-conflict_orderexp_B_first_seed3002,B_first,3002,post_washout,test-0013
ceafc0a1,axis1_access_vs_provenance_value-conflict_orderexp_B_first_seed3002,B_first,3002,post_washout,test-0013
9d1df300,axis1_access_vs_provenance_value-conflict_orderexp_B_first_seed3002,B_first,3002,post_washout,test-0013
91d47805,axis1_access_vs_provenance_value-conflict_orderexp_B_first_seed3002,B_first,3002,post_washout,test-0014
6ac4cddc,axis1_access_vs_provenance_value-conflict_orderexp_B_first_seed3002,B_first,3002,post_washout,test-0014
6ed6700d,axis1_access_vs_provenance_value-conflict_orderexp_B_first_seed3002,B_first,3002,post_washout,test-0014
a598e4a4,axis1_access_vs_provenance_value-conflict_orderexp_B_first_seed3002,B_first,3002,post_washout,test-0014
ca3e6107,axis1_access_vs_provenance_value-conflict_orderexp_B_first_seed3002,B_first,3002,post_washout,test-0014
723a1569,axis1_access_vs_provenance_value-conflict_orderexp_B_first_seed3002,B_first,3002,post_washout,test-0015
dbf962cd,axis1_access_vs_provenance_value-conflict_orderexp_B_first_seed3002,B_first,3002,post_washout,test-0015
ce01fd7a,axis1_access_vs_provenance_value-conflict_orderexp_B_first_seed3002,B_first,3002,post_washout,test-0015
875cc9ef,axis1_access_vs_provenance_value-conflict_orderexp_B_first_seed3002,B_first,3002,post_washout,test-0015
a89909f3,axis1_access_vs_provenance_value-conflict_orderexp_B_first_seed3002,B_first,3002,post_washout,test-0015
31e9ec55,axis1_access_vs_provenance_value-conflict_orderexp_B_first_seed3002,B_first,3002,post_washout,test-0016
85ecdfb3,axis1_access_vs_provenance_value-conflict_orderexp_B_first_seed3002,B_first,3002,post_washout,test-0016
6191840a,axis1_access_vs_provenance_value-conflict_orderexp_B_first_seed3002,B_first,3002,post_washout,test-0016
cb8600b8,axis1_access_vs_provenance_value-conflict_orderexp_B_first_seed3002,B_first,3002,post_washout,test-0016
db88d9a8,axis1_access_vs_provenance_value-conflict_orderexp_B_first_seed3002,B_first,3002,post_washout,test-0016
bd525d86,axis1_access_vs_provenance_value-conflict_orderexp_B_first_seed3002,B_first,3002,post_washout,test-0017
e977c398,axis1_access_vs_provenance_value-conflict_orderexp_B_first_seed3002,B_first,3002,post_washout,test-0017
83341728,axis1_access_vs_provenance_value-conflict_orderexp_B_first_seed3002,B_first,3002,post_washout,test-0017
08417b58,axis1_access_vs_provenance_value-conflict_orderexp_B_first_seed3002,B_first,3002,post_washout,test-0017
274465ef,axis1_access_vs_provenance_value-conflict_orderexp_B_first_seed3002,B_first,3002,post_washout,test-0017
baf32f03,axis1_access_vs_provenance_value-conflict_orderexp_B_first_seed3002,B_first,3002,post_washout,test-0018
fe33f9d4,axis1_access_vs_provenance_value-conflict_orderexp_B_first_seed3002,B_first,3002,post_washout,test-0018
4c485a5e,axis1_access_vs_provenance_value-conflict_orderexp_B_first_seed3002,B_first,3002,post_washout,test-0018
2bae1cc1,axis1_access_vs_provenance_value-conflict_orderexp_B_first_seed3002,B_first,3002,post_washout,test-0018
d3eb2958,axis1_access_vs_provenance_value-conflict_orderexp_B_first_seed3002,B_first,3002,post_washout,test-0018
0c918f44,axis1_access_vs_provenance_value-conflict_orderexp_B_first_seed3002,B_first,3002,post_washout,test-0019
b76ab673,axis1_access_vs_provenance_value-conflict_orderexp_B_first_seed3002,B_first,3002,post_washout,test-0019
e7adfab3,axis1_access_vs_provenance_value-conflict_orderexp_B_first_seed3002,B_first,3002,post_washout,test-0019
0e6c684c,axis1_access_vs_provenance_value-conflict_orderexp_B_first_seed3002,B_first,3002,post_washout,test-0019
5f13cf19,axis1_access_vs_provenance_value-conflict_orderexp_B_first_seed3002,B_first,3002,post_washout,test-0019
438dcf68,axis1_access_vs_provenance_value-conflict_orderexp_B_first_seed3002,B_first,3002,post_washout,test-0020
7a3cfa6a,axis1_access_vs_provenance_value-conflict_orderexp_B_first_seed3002,B_first,3002,post_washout,test-0020
f82b222a,axis1_access_vs_provenance_value-conflict_orderexp_B_first_seed3002,B_first,3002,post_washout,test-0020
12667a97,axis1_access_vs_provenance_value-conflict_orderexp_B_first_seed3002,B_first,3002,post_washout,test-0020
32c768bc,axis1_access_vs_provenance_value-conflict_orderexp_B_first_seed3002,B_first,3002,post_washout,test-0020
9bef40e8,axis1_access_vs_provenance_value-conflict_orderexp_B_first_seed3002,B_first,3002,post_washout,test-0021
d75c78dc,axis1_access_vs_provenance_value-conflict_orderexp_B_first_seed3002,B_first,3002,post_washout,test-0021
935e95bb,axis1_access_vs_provenance_value-conflict_orderexp_B_first_seed3002,B_first,3002,post_washout,test-0021
28a85e68,axis1_access_vs_provenance_value-conflict_orderexp_B_first_seed3002,B_first,3002,post_washout,test-0021
cf6859f1,axis1_access_vs_provenance_value-conflict_orderexp_B_first_seed3002,B_first,3002,post_washout,test-0021
f4b5113e,axis1_access_vs_provenance_value-conflict_orderexp_B_first_seed3002,B_first,3002,post_washout,test-0022
d32b421b,axis1_access_vs_provenance_value-conflict_orderexp_B_first_seed3002,B_first,3002,post_washout,test-0022
467bc7a3,axis1_access_vs_provenance_value-conflict_orderexp_B_first_seed3002,B_first,3002,post_washout,test-0022
7922f0cf,axis1_access_vs_provenance_value-conflict_orderexp_B_first_seed3002,B_first,3002,post_washout,test-0022
b66270d9,axis1_access_vs_provenance_value-conflict_orderexp_B_first_seed3002,B_first,3002,post_washout,test-0022
7db693c2,axis1_access_vs_provenance_value-conflict_orderexp_B_first_seed3002,B_first,3002,post_washout,test-0023
221d045b,axis1_access_vs_provenance_value-conflict_orderexp_B_first_seed3002,B_first,3002,post_washout,test-0023
4f148b87,axis1_access_vs_provenance_value-conflict_orderexp_B_first_seed3002,B_first,3002,post_washout,test-0023
9af9e6d0,axis1_access_vs_provenance_value-conflict_orderexp_B_first_seed3002,B_first,3002,post_washout,test-0023
8d7f8343,axis1_access_vs_provenance_value-conflict_orderexp_B_first_seed3002,B_first,3002,post_washout,test-0023
61658f0b,axis1_access_vs_provenance_value-conflict_orderexp_B_first_seed3002,B_first,3002,post_washout,test-0024
cde3de89,axis1_access_vs_provenance_value-conflict_orderexp_B_first_seed3002,B_first,3002,post_washout,test-0024
76bd2ba6,axis1_access_vs_provenance_value-conflict_orderexp_B_first_seed3002,B_first,3002,post_washout,test-0024
47080c6c,axis1_access_vs_provenance_value-conflict_orderexp_B_first_seed3002,B_first,3002,post_washout,test-0024
270af42c,axis1_access_vs_provenance_value-conflict_orderexp_B_first_seed3002,B_first,3002,post_washout,test-0024
dfc95052,axis1_access_vs_provenance_value-conflict_orderexp_B_first_seed3003,B_first,3003,post_washout,test-0001
728940e7,axis1_access_vs_provenance_value-conflict_orderexp_B_first_seed3003,B_first,3003,post_washout,test-0001
596bcbd7,axis1_access_vs_provenance_value-conflict_orderexp_B_first_seed3003,B_first,3003,post_washout,test-0001
bb4eb0fc,axis1_access_vs_provenance_value-conflict_orderexp_B_first_seed3003,B_first,3003,post_washout,test-0001
848e2470,axis1_access_vs_provenance_value-conflict_orderexp_B_first_seed3003,B_first,3003,post_washout,test-0001
27da5c15,axis1_access_vs_provenance_value-conflict_orderexp_B_first_seed3003,B_first,3003,post_washout,test-0002
fc18cc03,axis1_access_vs_provenance_value-conflict_orderexp_B_first_seed3003,B_first,3003,post_washout,test-0002
d0b8fae4,axis1_access_vs_provenance_value-conflict_orderexp_B_first_seed3003,B_first,3003,post_washout,test-0002
e58c1040,axis1_access_vs_provenance_value-conflict_orderexp_B_first_seed3003,B_first,3003,post_washout,test-0002
52bfe92e,axis1_access_vs_provenance_value-conflict_orderexp_B_first_seed3003,B_first,3003,post_washout,test-0002
e3ced4f1,axis1_access_vs_provenance_value-conflict_orderexp_B_first_seed3003,B_first,3003,post_washout,test-0003
9ba03428,axis1_access_vs_provenance_value-conflict_orderexp_B_first_seed3003,B_first,3003,post_washout,test-0003
4eb27738,axis1_access_vs_provenance_value-conflict_orderexp_B_first_seed3003,B_first,3003,post_washout,test-0003
794bf6cc,axis1_access_vs_provenance_value-conflict_orderexp_B_first_seed3003,B_first,3003,post_washout,test-0003
32d441c4,axis1_access_vs_provenance_value-conflict_orderexp_B_first_seed3003,B_first,3003,post_washout,test-0003
63234365,axis1_access_vs_provenance_value-conflict_orderexp_B_first_seed3003,B_first,3003,post_washout,test-0004
4d87f3e3,axis1_access_vs_provenance_value-conflict_orderexp_B_first_seed3003,B_first,3003,post_washout,test-0004
6225d747,axis1_access_vs_provenance_value-conflict_orderexp_B_first_seed3003,B_first,3003,post_washout,test-0004
13e83088,axis1_access_vs_provenance_value-conflict_orderexp_B_first_seed3003,B_first,3003,post_washout,test-0004
c788be2e,axis1_access_vs_provenance_value-conflict_orderexp_B_first_seed3003,B_first,3003,post_washout,test-0004
7c5507e7,axis1_access_vs_provenance_value-conflict_orderexp_B_first_seed3003,B_first,3003,post_washout,test-0005
e6960b39,axis1_access_vs_provenance_value-conflict_orderexp_B_first_seed3003,B_first,3003,post_washout,test-0005
6f5ca23b,axis1_access_vs_provenance_value-conflict_orderexp_B_first_seed3003,B_first,3003,post_washout,test-0005
95b68e80,axis1_access_vs_provenance_value-conflict_orderexp_B_first_seed3003,B_first,3003,post_washout,test-0005
bd9a6999,axis1_access_vs_provenance_value-conflict_orderexp_B_first_seed3003,B_first,3003,post_washout,test-0005
82fdf30a,axis1_access_vs_provenance_value-conflict_orderexp_B_first_seed3003,B_first,3003,post_washout,test-0006
50ee0c4d,axis1_access_vs_provenance_value-conflict_orderexp_B_first_seed3003,B_first,3003,post_washout,test-0006
e10c1516,axis1_access_vs_provenance_value-conflict_orderexp_B_first_seed3003,B_first,3003,post_washout,test-0006
cb7b853c,axis1_access_vs_provenance_value-conflict_orderexp_B_first_seed3003,B_first,3003,post_washout,test-0006
e34740e8,axis1_access_vs_provenance_value-conflict_orderexp_B_first_seed3003,B_first,3003,post_washout,test-0006
b9da205f,axis1_access_vs_provenance_value-conflict_orderexp_B_first_seed3003,B_first,3003,post_washout,test-0007
253e154c,axis1_access_vs_provenance_value-conflict_orderexp_B_first_seed3003,B_first,3003,post_washout,test-0007
8a9129dc,axis1_access_vs_provenance_value-conflict_orderexp_B_first_seed3003,B_first,3003,post_washout,test-0007
981972b4,axis1_access_vs_provenance_value-conflict_orderexp_B_first_seed3003,B_first,3003,post_washout,test-0007
ed51aa08,axis1_access_vs_provenance_value-conflict_orderexp_B_first_seed3003,B_first,3003,post_washout,test-0007
95ca760c,axis1_access_vs_provenance_value-conflict_orderexp_B_first_seed3003,B_first,3003,post_washout,test-0008
992c677d,axis1_access_vs_provenance_value-conflict_orderexp_B_first_seed3003,B_first,3003,post_washout,test-0008
8d434ea4,axis1_access_vs_provenance_value-conflict_orderexp_B_first_seed3003,B_first,3003,post_washout,test-0008
0600a214,axis1_access_vs_provenance_value-conflict_orderexp_B_first_seed3003,B_first,3003,post_washout,test-0008
1b0ae0e9,axis1_access_vs_provenance_value-conflict_orderexp_B_first_seed3003,B_first,3003,post_washout,test-0008
fd8066cf,axis1_access_vs_provenance_value-conflict_orderexp_B_first_seed3003,B_first,3003,post_washout,test-0009
07f8d237,axis1_access_vs_provenance_value-conflict_orderexp_B_first_seed3003,B_first,3003,post_washout,test-0009
08d62b2d,axis1_access_vs_provenance_value-conflict_orderexp_B_first_seed3003,B_first,3003,post_washout,test-0009
ad5efdb3,axis1_access_vs_provenance_value-conflict_orderexp_B_first_seed3003,B_first,3003,post_washout,test-0009
e619a2d0,axis1_access_vs_provenance_value-conflict_orderexp_B_first_seed3003,B_first,3003,post_washout,test-0009
cf8a72f3,axis1_access_vs_provenance_value-conflict_orderexp_B_first_seed3003,B_first,3003,post_washout,test-0010
4928dad9,axis1_access_vs_provenance_value-conflict_orderexp_B_first_seed3003,B_first,3003,post_washout,test-0010
027c4670,axis1_access_vs_provenance_value-conflict_orderexp_B_first_seed3003,B_first,3003,post_washout,test-0010
c8b7a313,axis1_access_vs_provenance_value-conflict_orderexp_B_first_seed3003,B_first,3003,post_washout,test-0010
dccfe8bc,axis1_access_vs_provenance_value-conflict_orderexp_B_first_seed3003,B_first,3003,post_washout,test-0010
8681a099,axis1_access_vs_provenance_value-conflict_orderexp_B_first_seed3003,B_first,3003,post_washout,test-0011
0370e784,axis1_access_vs_provenance_value-conflict_orderexp_B_first_seed3003,B_first,3003,post_washout,test-0011
ec44de82,axis1_access_vs_provenance_value-conflict_orderexp_B_first_seed3003,B_first,3003,post_washout,test-0011
0bdd72a0,axis1_access_vs_provenance_value-conflict_orderexp_B_first_seed3003,B_first,3003,post_washout,test-0011
92f6ae61,axis1_access_vs_provenance_value-conflict_orderexp_B_first_seed3003,B_first,3003,post_washout,test-0011
f203d961,axis1_access_vs_provenance_value-conflict_orderexp_B_first_seed3003,B_first,3003,post_washout,test-0012
bf081891,axis1_access_vs_provenance_value-conflict_orderexp_B_first_seed3003,B_first,3003,post_washout,test-0012
70032ea0,axis1_access_vs_provenance_value-conflict_orderexp_B_first_seed3003,B_first,3003,post_washout,test-0012
c1bda73e,axis1_access_vs_provenance_value-conflict_orderexp_B_first_seed3003,B_first,3003,post_washout,test-0012
80883476,axis1_access_vs_provenance_value-conflict_orderexp_B_first_seed3003,B_first,3003,post_washout,test-0012
29b19343,axis1_access_vs_provenance_value-conflict_orderexp_B_first_seed3003,B_first,3003,post_washout,test-0013
a4657636,axis1_access_vs_provenance_value-conflict_orderexp_B_first_seed3003,B_first,3003,post_washout,test-0013
c77645d7,axis1_access_vs_provenance_value-conflict_orderexp_B_first_seed3003,B_first,3003,post_washout,test-0013
fb2ad3ad,axis1_access_vs_provenance_value-conflict_orderexp_B_first_seed3003,B_first,3003,post_washout,test-0013
3a54f793,axis1_access_vs_provenance_value-conflict_orderexp_B_first_seed3003,B_first,3003,post_washout,test-0013
15453c6d,axis1_access_vs_provenance_value-conflict_orderexp_B_first_seed3003,B_first,3003,post_washout,test-0014
1a838956,axis1_access_vs_provenance_value-conflict_orderexp_B_first_seed3003,B_first,3003,post_washout,test-0014
002869fd,axis1_access_vs_provenance_value-conflict_orderexp_B_first_seed3003,B_first,3003,post_washout,test-0014
72827973,axis1_access_vs_provenance_value-conflict_orderexp_B_first_seed3003,B_first,3003,post_washout,test-0014
057c87cb,axis1_access_vs_provenance_value-conflict_orderexp_B_first_seed3003,B_first,3003,post_washout,test-0014
b0300401,axis1_access_vs_provenance_value-conflict_orderexp_B_first_seed3003,B_first,3003,post_washout,test-0015
8aaa9ac0,axis1_access_vs_provenance_value-conflict_orderexp_B_first_seed3003,B_first,3003,post_washout,test-0015
eb2ac5b5,axis1_access_vs_provenance_value-conflict_orderexp_B_first_seed3003,B_first,3003,post_washout,test-0015
50c4054d,axis1_access_vs_provenance_value-conflict_orderexp_B_first_seed3003,B_first,3003,post_washout,test-0015
a2a60dd1,axis1_access_vs_provenance_value-conflict_orderexp_B_first_seed3003,B_first,3003,post_washout,test-0015
4844a3e4,axis1_access_vs_provenance_value-conflict_orderexp_B_first_seed3003,B_first,3003,post_washout,test-0016
3254d487,axis1_access_vs_provenance_value-conflict_orderexp_B_first_seed3003,B_first,3003,post_washout,test-0016
1362d419,axis1_access_vs_provenance_value-conflict_orderexp_B_first_seed3003,B_first,3003,post_washout,test-0016
d977046b,axis1_access_vs_provenance_value-conflict_orderexp_B_first_seed3003,B_first,3003,post_washout,test-0016
73f46c3e,axis1_access_vs_provenance_value-conflict_orderexp_B_first_seed3003,B_first,3003,post_washout,test-0016
c8caeedc,axis1_access_vs_provenance_value-conflict_orderexp_B_first_seed3003,B_first,3003,post_washout,test-0017
f8c75e5a,axis1_access_vs_provenance_value-conflict_orderexp_B_first_seed3003,B_first,3003,post_washout,test-0017
145c067d,axis1_access_vs_provenance_value-conflict_orderexp_B_first_seed3003,B_first,3003,post_washout,test-0017
cac69c3f,axis1_access_vs_provenance_value-conflict_orderexp_B_first_seed3003,B_first,3003,post_washout,test-0017
28830843,axis1_access_vs_provenance_value-conflict_orderexp_B_first_seed3003,B_first,3003,post_washout,test-0017
924376ea,axis1_access_vs_provenance_value-conflict_orderexp_B_first_seed3003,B_first,3003,post_washout,test-0018
63c09d54,axis1_access_vs_provenance_value-conflict_orderexp_B_first_seed3003,B_first,3003,post_washout,test-0018
4b5bcba0,axis1_access_vs_provenance_value-conflict_orderexp_B_first_seed3003,B_first,3003,post_washout,test-0018
cb81049f,axis1_access_vs_provenance_value-conflict_orderexp_B_first_seed3003,B_first,3003,post_washout,test-0018
bd152721,axis1_access_vs_provenance_value-conflict_orderexp_B_first_seed3003,B_first,3003,post_washout,test-0018
c8eb8edb,axis1_access_vs_provenance_value-conflict_orderexp_B_first_seed3003,B_first,3003,post_washout,test-0019
30bb6b6b,axis1_access_vs_provenance_value-conflict_orderexp_B_first_seed3003,B_first,3003,post_washout,test-0019
383fcec5,axis1_access_vs_provenance_value-conflict_orderexp_B_first_seed3003,B_first,3003,post_washout,test-0019
a4f3ba3a,axis1_access_vs_provenance_value-conflict_orderexp_B_first_seed3003,B_first,3003,post_washout,test-0019
2857d9e5,axis1_access_vs_provenance_value-conflict_orderexp_B_first_seed3003,B_first,3003,post_washout,test-0019
ce2ab048,axis1_access_vs_provenance_value-conflict_orderexp_B_first_seed3003,B_first,3003,post_washout,test-0020
002f24d3,axis1_access_vs_provenance_value-conflict_orderexp_B_first_seed3003,B_first,3003,post_washout,test-0020
8bd7380a,axis1_access_vs_provenance_value-conflict_orderexp_B_first_seed3003,B_first,3003,post_washout,test-0020
ee78afa6,axis1_access_vs_provenance_value-conflict_orderexp_B_first_seed3003,B_first,3003,post_washout,test-0020
ea4b72e3,axis1_access_vs_provenance_value-conflict_orderexp_B_first_seed3003,B_first,3003,post_washout,test-0020
0008f6b1,axis1_access_vs_provenance_value-conflict_orderexp_B_first_seed3003,B_first,3003,post_washout,test-0021
38857b14,axis1_access_vs_provenance_value-conflict_orderexp_B_first_seed3003,B_first,3003,post_washout,test-0021
3c855a53,axis1_access_vs_provenance_value-conflict_orderexp_B_first_seed3003,B_first,3003,post_washout,test-0021
75fcb38f,axis1_access_vs_provenance_value-conflict_orderexp_B_first_seed3003,B_first,3003,post_washout,test-0021
3c3e9699,axis1_access_vs_provenance_value-conflict_orderexp_B_first_seed3003,B_first,3003,post_washout,test-0021
04eaec8d,axis1_access_vs_provenance_value-conflict_orderexp_B_first_seed3003,B_first,3003,post_washout,test-0022
8338c45c,axis1_access_vs_provenance_value-conflict_orderexp_B_first_seed3003,B_first,3003,post_washout,test-0022
7ebafbb3,axis1_access_vs_provenance_value-conflict_orderexp_B_first_seed3003,B_first,3003,post_washout,test-0022
43d313a7,axis1_access_vs_provenance_value-conflict_orderexp_B_first_seed3003,B_first,3003,post_washout,test-0022
a465b74b,axis1_access_vs_provenance_value-conflict_orderexp_B_first_seed3003,B_first,3003,post_washout,test-0022
18d69fc4,axis1_access_vs_provenance_value-conflict_orderexp_B_first_seed3003,B_first,3003,post_washout,test-0023
448a9e16,axis1_access_vs_provenance_value-conflict_orderexp_B_first_seed3003,B_first,3003,post_washout,test-0023
6188541b,axis1_access_vs_provenance_value-conflict_orderexp_B_first_seed3003,B_first,3003,post_washout,test-0023
c1ea54a9,axis1_access_vs_provenance_value-conflict_orderexp_B_first_seed3003,B_first,3003,post_washout,test-0023
cbef20ee,axis1_access_vs_provenance_value-conflict_orderexp_B_first_seed3003,B_first,3003,post_washout,test-0023
eeb21c4d,axis1_access_vs_provenance_value-conflict_orderexp_B_first_seed3003,B_first,3003,post_washout,test-0024
b3d0955b,axis1_access_vs_provenance_value-conflict_orderexp_B_first_seed3003,B_first,3003,post_washout,test-0024
e0d86312,axis1_access_vs_provenance_value-conflict_orderexp_B_first_seed3003,B_first,3003,post_washout,test-0024
798a747d,axis1_access_vs_provenance_value-conflict_orderexp_B_first_seed3003,B_first,3003,post_washout,test-0024
7740beaa,axis1_access_vs_provenance_value-conflict_orderexp_B_first_seed3003,B_first,3003,post_washout,test-0024
3e0fdd52,axis1_access_vs_provenance_value-conflict_orderexp_B_first_seed3004,B_first,3004,post_washout,test-0001
eb435129,axis1_access_vs_provenance_value-conflict_orderexp_B_first_seed3004,B_first,3004,post_washout,test-0001
19f8b683,axis1_access_vs_provenance_value-conflict_orderexp_B_first_seed3004,B_first,3004,post_washout,test-0001
37560983,axis1_access_vs_provenance_value-conflict_orderexp_B_first_seed3004,B_first,3004,post_washout,test-0001
e6021038,axis1_access_vs_provenance_value-conflict_orderexp_B_first_seed3004,B_first,3004,post_washout,test-0001
c9932bc8,axis1_access_vs_provenance_value-conflict_orderexp_B_first_seed3004,B_first,3004,post_washout,test-0002
9f3f1603,axis1_access_vs_provenance_value-conflict_orderexp_B_first_seed3004,B_first,3004,post_washout,test-0002
d6e40782,axis1_access_vs_provenance_value-conflict_orderexp_B_first_seed3004,B_first,3004,post_washout,test-0002
28610801,axis1_access_vs_provenance_value-conflict_orderexp_B_first_seed3004,B_first,3004,post_washout,test-0002
577004a1,axis1_access_vs_provenance_value-conflict_orderexp_B_first_seed3004,B_first,3004,post_washout,test-0002
bd5209b4,axis1_access_vs_provenance_value-conflict_orderexp_B_first_seed3004,B_first,3004,post_washout,test-0003
6e53f511,axis1_access_vs_provenance_value-conflict_orderexp_B_first_seed3004,B_first,3004,post_washout,test-0003
1a4cb24c,axis1_access_vs_provenance_value-conflict_orderexp_B_first_seed3004,B_first,3004,post_washout,test-0003
8cbf9157,axis1_access_vs_provenance_value-conflict_orderexp_B_first_seed3004,B_first,3004,post_washout,test-0003
20a53359,axis1_access_vs_provenance_value-conflict_orderexp_B_first_seed3004,B_first,3004,post_washout,test-0003
eed20d6b,axis1_access_vs_provenance_value-conflict_orderexp_B_first_seed3004,B_first,3004,post_washout,test-0004
3328ef8a,axis1_access_vs_provenance_value-conflict_orderexp_B_first_seed3004,B_first,3004,post_washout,test-0004
4d98a3c0,axis1_access_vs_provenance_value-conflict_orderexp_B_first_seed3004,B_first,3004,post_washout,test-0004
44b5eb2d,axis1_access_vs_provenance_value-conflict_orderexp_B_first_seed3004,B_first,3004,post_washout,test-0004
a7f2097e,axis1_access_vs_provenance_value-conflict_orderexp_B_first_seed3004,B_first,3004,post_washout,test-0004
5297e631,axis1_access_vs_provenance_value-conflict_orderexp_B_first_seed3004,B_first,3004,post_washout,test-0005
f00da464,axis1_access_vs_provenance_value-conflict_orderexp_B_first_seed3004,B_first,3004,post_washout,test-0005
d7a9913c,axis1_access_vs_provenance_value-conflict_orderexp_B_first_seed3004,B_first,3004,post_washout,test-0005
7d1a24c5,axis1_access_vs_provenance_value-conflict_orderexp_B_first_seed3004,B_first,3004,post_washout,test-0005
98d24407,axis1_access_vs_provenance_value-conflict_orderexp_B_first_seed3004,B_first,3004,post_washout,test-0005
908df544,axis1_access_vs_provenance_value-conflict_orderexp_B_first_seed3004,B_first,3004,post_washout,test-0006
4feed6e7,axis1_access_vs_provenance_value-conflict_orderexp_B_first_seed3004,B_first,3004,post_washout,test-0006
dc78239b,axis1_access_vs_provenance_value-conflict_orderexp_B_first_seed3004,B_first,3004,post_washout,test-0006
05259d0e,axis1_access_vs_provenance_value-conflict_orderexp_B_first_seed3004,B_first,3004,post_washout,test-0006
45fc8998,axis1_access_vs_provenance_value-conflict_orderexp_B_first_seed3004,B_first,3004,post_washout,test-0006
504294fd,axis1_access_vs_provenance_value-conflict_orderexp_B_first_seed3004,B_first,3004,post_washout,test-0007
42cfcbd9,axis1_access_vs_provenance_value-conflict_orderexp_B_first_seed3004,B_first,3004,post_washout,test-0007
67db3f4b,axis1_access_vs_provenance_value-conflict_orderexp_B_first_seed3004,B_first,3004,post_washout,test-0007
213d7919,axis1_access_vs_provenance_value-conflict_orderexp_B_first_seed3004,B_first,3004,post_washout,test-0007
f3465703,axis1_access_vs_provenance_value-conflict_orderexp_B_first_seed3004,B_first,3004,post_washout,test-0007
e64c50cc,axis1_access_vs_provenance_value-conflict_orderexp_B_first_seed3004,B_first,3004,post_washout,test-0008
83aba401,axis1_access_vs_provenance_value-conflict_orderexp_B_first_seed3004,B_first,3004,post_washout,test-0008
655548a9,axis1_access_vs_provenance_value-conflict_orderexp_B_first_seed3004,B_first,3004,post_washout,test-0008
38bf54b4,axis1_access_vs_provenance_value-conflict_orderexp_B_first_seed3004,B_first,3004,post_washout,test-0008
d403fa0f,axis1_access_vs_provenance_value-conflict_orderexp_B_first_seed3004,B_first,3004,post_washout,test-0008
aca20cfb,axis1_access_vs_provenance_value-conflict_orderexp_B_first_seed3004,B_first,3004,post_washout,test-0009
8e45c2ba,axis1_access_vs_provenance_value-conflict_orderexp_B_first_seed3004,B_first,3004,post_washout,test-0009
b34a1aab,axis1_access_vs_provenance_value-conflict_orderexp_B_first_seed3004,B_first,3004,post_washout,test-0009
f88211a3,axis1_access_vs_provenance_value-conflict_orderexp_B_first_seed3004,B_first,3004,post_washout,test-0009
9e639c7a,axis1_access_vs_provenance_value-conflict_orderexp_B_first_seed3004,B_first,3004,post_washout,test-0009
cf1fc3a6,axis1_access_vs_provenance_value-conflict_orderexp_B_first_seed3004,B_first,3004,post_washout,test-0010
9486e222,axis1_access_vs_provenance_value-conflict_orderexp_B_first_seed3004,B_first,3004,post_washout,test-0010
147b02a2,axis1_access_vs_provenance_value-conflict_orderexp_B_first_seed3004,B_first,3004,post_washout,test-0010
b30fac09,axis1_access_vs_provenance_value-conflict_orderexp_B_first_seed3004,B_first,3004,post_washout,test-0010
bf7ec467,axis1_access_vs_provenance_value-conflict_orderexp_B_first_seed3004,B_first,3004,post_washout,test-0010
3c942cac,axis1_access_vs_provenance_value-conflict_orderexp_B_first_seed3004,B_first,3004,post_washout,test-0011
d055ac82,axis1_access_vs_provenance_value-conflict_orderexp_B_first_seed3004,B_first,3004,post_washout,test-0011
62c7dec9,axis1_access_vs_provenance_value-conflict_orderexp_B_first_seed3004,B_first,3004,post_washout,test-0011
6b03abd4,axis1_access_vs_provenance_value-conflict_orderexp_B_first_seed3004,B_first,3004,post_washout,test-0011
4e3e1eb8,axis1_access_vs_provenance_value-conflict_orderexp_B_first_seed3004,B_first,3004,post_washout,test-0011
6c00964e,axis1_access_vs_provenance_value-conflict_orderexp_B_first_seed3004,B_first,3004,post_washout,test-0012
8479a242,axis1_access_vs_provenance_value-conflict_orderexp_B_first_seed3004,B_first,3004,post_washout,test-0012
53803ccc,axis1_access_vs_provenance_value-conflict_orderexp_B_first_seed3004,B_first,3004,post_washout,test-0012
f85f2125,axis1_access_vs_provenance_value-conflict_orderexp_B_first_seed3004,B_first,3004,post_washout,test-0012
077dfd5d,axis1_access_vs_provenance_value-conflict_orderexp_B_first_seed3004,B_first,3004,post_washout,test-0012
cbe14303,axis1_access_vs_provenance_value-conflict_orderexp_B_first_seed3004,B_first,3004,post_washout,test-0013
d9e83ec7,axis1_access_vs_provenance_value-conflict_orderexp_B_first_seed3004,B_first,3004,post_washout,test-0013
f7dc6088,axis1_access_vs_provenance_value-conflict_orderexp_B_first_seed3004,B_first,3004,post_washout,test-0013
f18f0357,axis1_access_vs_provenance_value-conflict_orderexp_B_first_seed3004,B_first,3004,post_washout,test-0013
7fd87667,axis1_access_vs_provenance_value-conflict_orderexp_B_first_seed3004,B_first,3004,post_washout,test-0013
a600a420,axis1_access_vs_provenance_value-conflict_orderexp_B_first_seed3004,B_first,3004,post_washout,test-0014
d606f6fd,axis1_access_vs_provenance_value-conflict_orderexp_B_first_seed3004,B_first,3004,post_washout,test-0014
1a7b3d9a,axis1_access_vs_provenance_value-conflict_orderexp_B_first_seed3004,B_first,3004,post_washout,test-0014
0f77f52d,axis1_access_vs_provenance_value-conflict_orderexp_B_first_seed3004,B_first,3004,post_washout,test-0014
aa09e2ea,axis1_access_vs_provenance_value-conflict_orderexp_B_first_seed3004,B_first,3004,post_washout,test-0014
06f2066c,axis1_access_vs_provenance_value-conflict_orderexp_B_first_seed3004,B_first,3004,post_washout,test-0015
2a5014d7,axis1_access_vs_provenance_value-conflict_orderexp_B_first_seed3004,B_first,3004,post_washout,test-0015
3c826b1d,axis1_access_vs_provenance_value-conflict_orderexp_B_first_seed3004,B_first,3004,post_washout,test-0015
4aff18e0,axis1_access_vs_provenance_value-conflict_orderexp_B_first_seed3004,B_first,3004,post_washout,test-0015
2f0a79f7,axis1_access_vs_provenance_value-conflict_orderexp_B_first_seed3004,B_first,3004,post_washout,test-0015
8db4cf3a,axis1_access_vs_provenance_value-conflict_orderexp_B_first_seed3004,B_first,3004,post_washout,test-0016
0f98d02c,axis1_access_vs_provenance_value-conflict_orderexp_B_first_seed3004,B_first,3004,post_washout,test-0016
951232b8,axis1_access_vs_provenance_value-conflict_orderexp_B_first_seed3004,B_first,3004,post_washout,test-0016
9783f82a,axis1_access_vs_provenance_value-conflict_orderexp_B_first_seed3004,B_first,3004,post_washout,test-0016
011dfc84,axis1_access_vs_provenance_value-conflict_orderexp_B_first_seed3004,B_first,3004,post_washout,test-0016
2e321fbf,axis1_access_vs_provenance_value-conflict_orderexp_B_first_seed3004,B_first,3004,post_washout,test-0017
63ed3a8d,axis1_access_vs_provenance_value-conflict_orderexp_B_first_seed3004,B_first,3004,post_washout,test-0017
b57f71f4,axis1_access_vs_provenance_value-conflict_orderexp_B_first_seed3004,B_first,3004,post_washout,test-0017
fb2917d0,axis1_access_vs_provenance_value-conflict_orderexp_B_first_seed3004,B_first,3004,post_washout,test-0017
0198e326,axis1_access_vs_provenance_value-conflict_orderexp_B_first_seed3004,B_first,3004,post_washout,test-0017
d8374350,axis1_access_vs_provenance_value-conflict_orderexp_B_first_seed3004,B_first,3004,post_washout,test-0018
4eb61c02,axis1_access_vs_provenance_value-conflict_orderexp_B_first_seed3004,B_first,3004,post_washout,test-0018
541ad446,axis1_access_vs_provenance_value-conflict_orderexp_B_first_seed3004,B_first,3004,post_washout,test-0018
d572434c,axis1_access_vs_provenance_value-conflict_orderexp_B_first_seed3004,B_first,3004,post_washout,test-0018
4169222f,axis1_access_vs_provenance_value-conflict_orderexp_B_first_seed3004,B_first,3004,post_washout,test-0018
d0731f05,axis1_access_vs_provenance_value-conflict_orderexp_B_first_seed3004,B_first,3004,post_washout,test-0019
90206410,axis1_access_vs_provenance_value-conflict_orderexp_B_first_seed3004,B_first,3004,post_washout,test-0019
4fb8ae43,axis1_access_vs_provenance_value-conflict_orderexp_B_first_seed3004,B_first,3004,post_washout,test-0019
a6a5b9fb,axis1_access_vs_provenance_value-conflict_orderexp_B_first_seed3004,B_first,3004,post_washout,test-0019
6dc40b01,axis1_access_vs_provenance_value-conflict_orderexp_B_first_seed3004,B_first,3004,post_washout,test-0019
3b56892e,axis1_access_vs_provenance_value-conflict_orderexp_B_first_seed3004,B_first,3004,post_washout,test-0020
62b61135,axis1_access_vs_provenance_value-conflict_orderexp_B_first_seed3004,B_first,3004,post_washout,test-0020
007907ec,axis1_access_vs_provenance_value-conflict_orderexp_B_first_seed3004,B_first,3004,post_washout,test-0020
615ebf0b,axis1_access_vs_provenance_value-conflict_orderexp_B_first_seed3004,B_first,3004,post_washout,test-0020
dc380364,axis1_access_vs_provenance_value-conflict_orderexp_B_first_seed3004,B_first,3004,post_washout,test-0020
f176247b,axis1_access_vs_provenance_value-conflict_orderexp_B_first_seed3004,B_first,3004,post_washout,test-0021
c1ae03dc,axis1_access_vs_provenance_value-conflict_orderexp_B_first_seed3004,B_first,3004,post_washout,test-0021
db00abb7,axis1_access_vs_provenance_value-conflict_orderexp_B_first_seed3004,B_first,3004,post_washout,test-0021
92815e3f,axis1_access_vs_provenance_value-conflict_orderexp_B_first_seed3004,B_first,3004,post_washout,test-0021
c8abfe73,axis1_access_vs_provenance_value-conflict_orderexp_B_first_seed3004,B_first,3004,post_washout,test-0021
5c9195f7,axis1_access_vs_provenance_value-conflict_orderexp_B_first_seed3004,B_first,3004,post_washout,test-0022
e0b65dd8,axis1_access_vs_provenance_value-conflict_orderexp_B_first_seed3004,B_first,3004,post_washout,test-0022
9f4ca211,axis1_access_vs_provenance_value-conflict_orderexp_B_first_seed3004,B_first,3004,post_washout,test-0022
5a9c956a,axis1_access_vs_provenance_value-conflict_orderexp_B_first_seed3004,B_first,3004,post_washout,test-0022
4042c521,axis1_access_vs_provenance_value-conflict_orderexp_B_first_seed3004,B_first,3004,post_washout,test-0022
d9d8820e,axis1_access_vs_provenance_value-conflict_orderexp_B_first_seed3004,B_first,3004,post_washout,test-0023
73e3caed,axis1_access_vs_provenance_value-conflict_orderexp_B_first_seed3004,B_first,3004,post_washout,test-0023
b890e911,axis1_access_vs_provenance_value-conflict_orderexp_B_first_seed3004,B_first,3004,post_washout,test-0023
a5de58cb,axis1_access_vs_provenance_value-conflict_orderexp_B_first_seed3004,B_first,3004,post_washout,test-0023
c2deef32,axis1_access_vs_provenance_value-conflict_orderexp_B_first_seed3004,B_first,3004,post_washout,test-0023
ebd81876,axis1_access_vs_provenance_value-conflict_orderexp_B_first_seed3004,B_first,3004,post_washout,test-0024
3a527df0,axis1_access_vs_provenance_value-conflict_orderexp_B_first_seed3004,B_first,3004,post_washout,test-0024
9eba3906,axis1_access_vs_provenance_value-conflict_orderexp_B_first_seed3004,B_first,3004,post_washout,test-0024
544f2ea9,axis1_access_vs_provenance_value-conflict_orderexp_B_first_seed3004,B_first,3004,post_washout,test-0024
377764a4,axis1_access_vs_provenance_value-conflict_orderexp_B_first_seed3004,B_first,3004,post_washout,test-0024
fe4a7a96,axis1_access_vs_provenance_value-conflict_orderexp_B_first_seed3005,B_first,3005,post_washout,test-0001
8de5b971,axis1_access_vs_provenance_value-conflict_orderexp_B_first_seed3005,B_first,3005,post_washout,test-0001
ebed39a2,axis1_access_vs_provenance_value-conflict_orderexp_B_first_seed3005,B_first,3005,post_washout,test-0001
f82673f2,axis1_access_vs_provenance_value-conflict_orderexp_B_first_seed3005,B_first,3005,post_washout,test-0001
a0805730,axis1_access_vs_provenance_value-conflict_orderexp_B_first_seed3005,B_first,3005,post_washout,test-0001
514ae2f3,axis1_access_vs_provenance_value-conflict_orderexp_B_first_seed3005,B_first,3005,post_washout,test-0002
d524ac08,axis1_access_vs_provenance_value-conflict_orderexp_B_first_seed3005,B_first,3005,post_washout,test-0002
0145a347,axis1_access_vs_provenance_value-conflict_orderexp_B_first_seed3005,B_first,3005,post_washout,test-0002
9aaf2301,axis1_access_vs_provenance_value-conflict_orderexp_B_first_seed3005,B_first,3005,post_washout,test-0002
8cf8aae7,axis1_access_vs_provenance_value-conflict_orderexp_B_first_seed3005,B_first,3005,post_washout,test-0002
2aadbfa2,axis1_access_vs_provenance_value-conflict_orderexp_B_first_seed3005,B_first,3005,post_washout,test-0003
812a7d6a,axis1_access_vs_provenance_value-conflict_orderexp_B_first_seed3005,B_first,3005,post_washout,test-0003
3b5e2e44,axis1_access_vs_provenance_value-conflict_orderexp_B_first_seed3005,B_first,3005,post_washout,test-0003
4bf1cff9,axis1_access_vs_provenance_value-conflict_orderexp_B_first_seed3005,B_first,3005,post_washout,test-0003
399102ae,axis1_access_vs_provenance_value-conflict_orderexp_B_first_seed3005,B_first,3005,post_washout,test-0003
f7770944,axis1_access_vs_provenance_value-conflict_orderexp_B_first_seed3005,B_first,3005,post_washout,test-0004
59ef9bfe,axis1_access_vs_provenance_value-conflict_orderexp_B_first_seed3005,B_first,3005,post_washout,test-0004
0310e776,axis1_access_vs_provenance_value-conflict_orderexp_B_first_seed3005,B_first,3005,post_washout,test-0004
13f2824a,axis1_access_vs_provenance_value-conflict_orderexp_B_first_seed3005,B_first,3005,post_washout,test-0004
6b84e17f,axis1_access_vs_provenance_value-conflict_orderexp_B_first_seed3005,B_first,3005,post_washout,test-0004
59d3a79a,axis1_access_vs_provenance_value-conflict_orderexp_B_first_seed3005,B_first,3005,post_washout,test-0005
39584f00,axis1_access_vs_provenance_value-conflict_orderexp_B_first_seed3005,B_first,3005,post_washout,test-0005
7e0d008c,axis1_access_vs_provenance_value-conflict_orderexp_B_first_seed3005,B_first,3005,post_washout,test-0005
222acee1,axis1_access_vs_provenance_value-conflict_orderexp_B_first_seed3005,B_first,3005,post_washout,test-0005
c26e4d06,axis1_access_vs_provenance_value-conflict_orderexp_B_first_seed3005,B_first,3005,post_washout,test-0005
ef99d5dc,axis1_access_vs_provenance_value-conflict_orderexp_B_first_seed3005,B_first,3005,post_washout,test-0006
2975eea6,axis1_access_vs_provenance_value-conflict_orderexp_B_first_seed3005,B_first,3005,post_washout,test-0006
32f81850,axis1_access_vs_provenance_value-conflict_orderexp_B_first_seed3005,B_first,3005,post_washout,test-0006
b44c2152,axis1_access_vs_provenance_value-conflict_orderexp_B_first_seed3005,B_first,3005,post_washout,test-0006
5e937e1a,axis1_access_vs_provenance_value-conflict_orderexp_B_first_seed3005,B_first,3005,post_washout,test-0006
588a78df,axis1_access_vs_provenance_value-conflict_orderexp_B_first_seed3005,B_first,3005,post_washout,test-0007
f20eade1,axis1_access_vs_provenance_value-conflict_orderexp_B_first_seed3005,B_first,3005,post_washout,test-0007
80e9b20f,axis1_access_vs_provenance_value-conflict_orderexp_B_first_seed3005,B_first,3005,post_washout,test-0007
46aea593,axis1_access_vs_provenance_value-conflict_orderexp_B_first_seed3005,B_first,3005,post_washout,test-0007
56466385,axis1_access_vs_provenance_value-conflict_orderexp_B_first_seed3005,B_first,3005,post_washout,test-0007
b5ad81f6,axis1_access_vs_provenance_value-conflict_orderexp_B_first_seed3005,B_first,3005,post_washout,test-0008
45da3e85,axis1_access_vs_provenance_value-conflict_orderexp_B_first_seed3005,B_first,3005,post_washout,test-0008
019424f7,axis1_access_vs_provenance_value-conflict_orderexp_B_first_seed3005,B_first,3005,post_washout,test-0008
284bdaf6,axis1_access_vs_provenance_value-conflict_orderexp_B_first_seed3005,B_first,3005,post_washout,test-0008
b10f90e1,axis1_access_vs_provenance_value-conflict_orderexp_B_first_seed3005,B_first,3005,post_washout,test-0008
f9b3c481,axis1_access_vs_provenance_value-conflict_orderexp_B_first_seed3005,B_first,3005,post_washout,test-0009
4ef0d9fb,axis1_access_vs_provenance_value-conflict_orderexp_B_first_seed3005,B_first,3005,post_washout,test-0009
65e54e9d,axis1_access_vs_provenance_value-conflict_orderexp_B_first_seed3005,B_first,3005,post_washout,test-0009
abbc0e72,axis1_access_vs_provenance_value-conflict_orderexp_B_first_seed3005,B_first,3005,post_washout,test-0009
624fc553,axis1_access_vs_provenance_value-conflict_orderexp_B_first_seed3005,B_first,3005,post_washout,test-0009
db6158c2,axis1_access_vs_provenance_value-conflict_orderexp_B_first_seed3005,B_first,3005,post_washout,test-0010
1fd24da3,axis1_access_vs_provenance_value-conflict_orderexp_B_first_seed3005,B_first,3005,post_washout,test-0010
6af9b02a,axis1_access_vs_provenance_value-conflict_orderexp_B_first_seed3005,B_first,3005,post_washout,test-0010
c9df38db,axis1_access_vs_provenance_value-conflict_orderexp_B_first_seed3005,B_first,3005,post_washout,test-0010
492bb1b8,axis1_access_vs_provenance_value-conflict_orderexp_B_first_seed3005,B_first,3005,post_washout,test-0010
de11c8dd,axis1_access_vs_provenance_value-conflict_orderexp_B_first_seed3005,B_first,3005,post_washout,test-0011
32ede7d9,axis1_access_vs_provenance_value-conflict_orderexp_B_first_seed3005,B_first,3005,post_washout,test-0011
754b2a14,axis1_access_vs_provenance_value-conflict_orderexp_B_first_seed3005,B_first,3005,post_washout,test-0011
8b6e1165,axis1_access_vs_provenance_value-conflict_orderexp_B_first_seed3005,B_first,3005,post_washout,test-0011
cb2be7a2,axis1_access_vs_provenance_value-conflict_orderexp_B_first_seed3005,B_first,3005,post_washout,test-0011
8bedeecb,axis1_access_vs_provenance_value-conflict_orderexp_B_first_seed3005,B_first,3005,post_washout,test-0012
98c19ee1,axis1_access_vs_provenance_value-conflict_orderexp_B_first_seed3005,B_first,3005,post_washout,test-0012
4e0adf15,axis1_access_vs_provenance_value-conflict_orderexp_B_first_seed3005,B_first,3005,post_washout,test-0012
1db5c350,axis1_access_vs_provenance_value-conflict_orderexp_B_first_seed3005,B_first,3005,post_washout,test-0012
aa4b8f4a,axis1_access_vs_provenance_value-conflict_orderexp_B_first_seed3005,B_first,3005,post_washout,test-0012
bf84e13a,axis1_access_vs_provenance_value-conflict_orderexp_B_first_seed3005,B_first,3005,post_washout,test-0013
0e6df135,axis1_access_vs_provenance_value-conflict_orderexp_B_first_seed3005,B_first,3005,post_washout,test-0013
cb87d3ff,axis1_access_vs_provenance_value-conflict_orderexp_B_first_seed3005,B_first,3005,post_washout,test-0013
c5ea88ee,axis1_access_vs_provenance_value-conflict_orderexp_B_first_seed3005,B_first,3005,post_washout,test-0013
6579c02b,axis1_access_vs_provenance_value-conflict_orderexp_B_first_seed3005,B_first,3005,post_washout,test-0013
4e243cbb,axis1_access_vs_provenance_value-conflict_orderexp_B_first_seed3005,B_first,3005,post_washout,test-0014
32aa3be0,axis1_access_vs_provenance_value-conflict_orderexp_B_first_seed3005,B_first,3005,post_washout,test-0014
ffd7965f,axis1_access_vs_provenance_value-conflict_orderexp_B_first_seed3005,B_first,3005,post_washout,test-0014
4fb604ed,axis1_access_vs_provenance_value-conflict_orderexp_B_first_seed3005,B_first,3005,post_washout,test-0014
1e9cdf1d,axis1_access_vs_provenance_value-conflict_orderexp_B_first_seed3005,B_first,3005,post_washout,test-0014
1b573866,axis1_access_vs_provenance_value-conflict_orderexp_B_first_seed3005,B_first,3005,post_washout,test-0015
c93cb8ae,axis1_access_vs_provenance_value-conflict_orderexp_B_first_seed3005,B_first,3005,post_washout,test-0015
c86be354,axis1_access_vs_provenance_value-conflict_orderexp_B_first_seed3005,B_first,3005,post_washout,test-0015
b948fc59,axis1_access_vs_provenance_value-conflict_orderexp_B_first_seed3005,B_first,3005,post_washout,test-0015
e4c9148a,axis1_access_vs_provenance_value-conflict_orderexp_B_first_seed3005,B_first,3005,post_washout,test-0015
7600374c,axis1_access_vs_provenance_value-conflict_orderexp_B_first_seed3005,B_first,3005,post_washout,test-0016
688429ff,axis1_access_vs_provenance_value-conflict_orderexp_B_first_seed3005,B_first,3005,post_washout,test-0016
3dfa79e4,axis1_access_vs_provenance_value-conflict_orderexp_B_first_seed3005,B_first,3005,post_washout,test-0016
6d998ea1,axis1_access_vs_provenance_value-conflict_orderexp_B_first_seed3005,B_first,3005,post_washout,test-0016
3cb10cb5,axis1_access_vs_provenance_value-conflict_orderexp_B_first_seed3005,B_first,3005,post_washout,test-0016
4a74a8dd,axis1_access_vs_provenance_value-conflict_orderexp_B_first_seed3005,B_first,3005,post_washout,test-0017
c249c923,axis1_access_vs_provenance_value-conflict_orderexp_B_first_seed3005,B_first,3005,post_washout,test-0017
2b080fb7,axis1_access_vs_provenance_value-conflict_orderexp_B_first_seed3005,B_first,3005,post_washout,test-0017
665b70d0,axis1_access_vs_provenance_value-conflict_orderexp_B_first_seed3005,B_first,3005,post_washout,test-0017
c4afd929,axis1_access_vs_provenance_value-conflict_orderexp_B_first_seed3005,B_first,3005,post_washout,test-0017
fa24ec89,axis1_access_vs_provenance_value-conflict_orderexp_B_first_seed3005,B_first,3005,post_washout,test-0018
31b9aaf4,axis1_access_vs_provenance_value-conflict_orderexp_B_first_seed3005,B_first,3005,post_washout,test-0018
29869d1d,axis1_access_vs_provenance_value-conflict_orderexp_B_first_seed3005,B_first,3005,post_washout,test-0018
cce812f6,axis1_access_vs_provenance_value-conflict_orderexp_B_first_seed3005,B_first,3005,post_washout,test-0018
af48a529,axis1_access_vs_provenance_value-conflict_orderexp_B_first_seed3005,B_first,3005,post_washout,test-0018
f7bb73c8,axis1_access_vs_provenance_value-conflict_orderexp_B_first_seed3005,B_first,3005,post_washout,test-0019
00630fb8,axis1_access_vs_provenance_value-conflict_orderexp_B_first_seed3005,B_first,3005,post_washout,test-0019
7ed2798e,axis1_access_vs_provenance_value-conflict_orderexp_B_first_seed3005,B_first,3005,post_washout,test-0019
9757053d,axis1_access_vs_provenance_value-conflict_orderexp_B_first_seed3005,B_first,3005,post_washout,test-0019
1f28da47,axis1_access_vs_provenance_value-conflict_orderexp_B_first_seed3005,B_first,3005,post_washout,test-0019
f3e93e33,axis1_access_vs_provenance_value-conflict_orderexp_B_first_seed3005,B_first,3005,post_washout,test-0020
d2e78591,axis1_access_vs_provenance_value-conflict_orderexp_B_first_seed3005,B_first,3005,post_washout,test-0020
b6c87711,axis1_access_vs_provenance_value-conflict_orderexp_B_first_seed3005,B_first,3005,post_washout,test-0020
237eee24,axis1_access_vs_provenance_value-conflict_orderexp_B_first_seed3005,B_first,3005,post_washout,test-0020
923688cb,axis1_access_vs_provenance_value-conflict_orderexp_B_first_seed3005,B_first,3005,post_washout,test-0020
36b6b5e7,axis1_access_vs_provenance_value-conflict_orderexp_B_first_seed3005,B_first,3005,post_washout,test-0021
541b2c8a,axis1_access_vs_provenance_value-conflict_orderexp_B_first_seed3005,B_first,3005,post_washout,test-0021
e5f308ce,axis1_access_vs_provenance_value-conflict_orderexp_B_first_seed3005,B_first,3005,post_washout,test-0021
7c858b31,axis1_access_vs_provenance_value-conflict_orderexp_B_first_seed3005,B_first,3005,post_washout,test-0021
38205743,axis1_access_vs_provenance_value-conflict_orderexp_B_first_seed3005,B_first,3005,post_washout,test-0021
c064cb2c,axis1_access_vs_provenance_value-conflict_orderexp_B_first_seed3005,B_first,3005,post_washout,test-0022
49cb0f38,axis1_access_vs_provenance_value-conflict_orderexp_B_first_seed3005,B_first,3005,post_washout,test-0022
f356e092,axis1_access_vs_provenance_value-conflict_orderexp_B_first_seed3005,B_first,3005,post_washout,test-0022
23c15c30,axis1_access_vs_provenance_value-conflict_orderexp_B_first_seed3005,B_first,3005,post_washout,test-0022
7e541fd8,axis1_access_vs_provenance_value-conflict_orderexp_B_first_seed3005,B_first,3005,post_washout,test-0022
75981fa3,axis1_access_vs_provenance_value-conflict_orderexp_B_first_seed3005,B_first,3005,post_washout,test-0023
937200da,axis1_access_vs_provenance_value-conflict_orderexp_B_first_seed3005,B_first,3005,post_washout,test-0023
d172bc6a,axis1_access_vs_provenance_value-conflict_orderexp_B_first_seed3005,B_first,3005,post_washout,test-0023
37bbfe82,axis1_access_vs_provenance_value-conflict_orderexp_B_first_seed3005,B_first,3005,post_washout,test-0023
6907dcc3,axis1_access_vs_provenance_value-conflict_orderexp_B_first_seed3005,B_first,3005,post_washout,test-0023
cfe51af4,axis1_access_vs_provenance_value-conflict_orderexp_B_first_seed3005,B_first,3005,post_washout,test-0024
38f0c9a2,axis1_access_vs_provenance_value-conflict_orderexp_B_first_seed3005,B_first,3005,post_washout,test-0024
3afb8940,axis1_access_vs_provenance_value-conflict_orderexp_B_first_seed3005,B_first,3005,post_washout,test-0024
14a61108,axis1_access_vs_provenance_value-conflict_orderexp_B_first_seed3005,B_first,3005,post_washout,test-0024
87f5f8de,axis1_access_vs_provenance_value-conflict_orderexp_B_first_seed3005,B_first,3005,post_washout,test-0024
05219488,axis1_access_vs_provenance_value-conflict_orderexp_B_first_seed3006,B_first,3006,post_washout,test-0001
7f4852d1,axis1_access_vs_provenance_value-conflict_orderexp_B_first_seed3006,B_first,3006,post_washout,test-0001
eddac997,axis1_access_vs_provenance_value-conflict_orderexp_B_first_seed3006,B_first,3006,post_washout,test-0001
fa5baec2,axis1_access_vs_provenance_value-conflict_orderexp_B_first_seed3006,B_first,3006,post_washout,test-0001
5a14c1d5,axis1_access_vs_provenance_value-conflict_orderexp_B_first_seed3006,B_first,3006,post_washout,test-0001
cdcce4f9,axis1_access_vs_provenance_value-conflict_orderexp_B_first_seed3006,B_first,3006,post_washout,test-0002
63a0fc51,axis1_access_vs_provenance_value-conflict_orderexp_B_first_seed3006,B_first,3006,post_washout,test-0002
e3f3277a,axis1_access_vs_provenance_value-conflict_orderexp_B_first_seed3006,B_first,3006,post_washout,test-0002
732e5875,axis1_access_vs_provenance_value-conflict_orderexp_B_first_seed3006,B_first,3006,post_washout,test-0002
09c45733,axis1_access_vs_provenance_value-conflict_orderexp_B_first_seed3006,B_first,3006,post_washout,test-0002
10789467,axis1_access_vs_provenance_value-conflict_orderexp_B_first_seed3006,B_first,3006,post_washout,test-0003
796891d2,axis1_access_vs_provenance_value-conflict_orderexp_B_first_seed3006,B_first,3006,post_washout,test-0003
2c2142c3,axis1_access_vs_provenance_value-conflict_orderexp_B_first_seed3006,B_first,3006,post_washout,test-0003
ca1814c7,axis1_access_vs_provenance_value-conflict_orderexp_B_first_seed3006,B_first,3006,post_washout,test-0003
ef42e4bc,axis1_access_vs_provenance_value-conflict_orderexp_B_first_seed3006,B_first,3006,post_washout,test-0003
d412b1c8,axis1_access_vs_provenance_value-conflict_orderexp_B_first_seed3006,B_first,3006,post_washout,test-0004
bd8eeb8d,axis1_access_vs_provenance_value-conflict_orderexp_B_first_seed3006,B_first,3006,post_washout,test-0004
7eda4cd8,axis1_access_vs_provenance_value-conflict_orderexp_B_first_seed3006,B_first,3006,post_washout,test-0004
a3d3df68,axis1_access_vs_provenance_value-conflict_orderexp_B_first_seed3006,B_first,3006,post_washout,test-0004
42e32ee2,axis1_access_vs_provenance_value-conflict_orderexp_B_first_seed3006,B_first,3006,post_washout,test-0004
77e4c617,axis1_access_vs_provenance_value-conflict_orderexp_B_first_seed3006,B_first,3006,post_washout,test-0005
3fa87e89,axis1_access_vs_provenance_value-conflict_orderexp_B_first_seed3006,B_first,3006,post_washout,test-0005
a51de33f,axis1_access_vs_provenance_value-conflict_orderexp_B_first_seed3006,B_first,3006,post_washout,test-0005
81f42acf,axis1_access_vs_provenance_value-conflict_orderexp_B_first_seed3006,B_first,3006,post_washout,test-0005
224c274e,axis1_access_vs_provenance_value-conflict_orderexp_B_first_seed3006,B_first,3006,post_washout,test-0005
9df8bb1f,axis1_access_vs_provenance_value-conflict_orderexp_B_first_seed3006,B_first,3006,post_washout,test-0006
1b88a60e,axis1_access_vs_provenance_value-conflict_orderexp_B_first_seed3006,B_first,3006,post_washout,test-0006
8d01adfd,axis1_access_vs_provenance_value-conflict_orderexp_B_first_seed3006,B_first,3006,post_washout,test-0006
8f00ffd3,axis1_access_vs_provenance_value-conflict_orderexp_B_first_seed3006,B_first,3006,post_washout,test-0006
455af258,axis1_access_vs_provenance_value-conflict_orderexp_B_first_seed3006,B_first,3006,post_washout,test-0006
0982da85,axis1_access_vs_provenance_value-conflict_orderexp_B_first_seed3006,B_first,3006,post_washout,test-0007
2b5bf99f,axis1_access_vs_provenance_value-conflict_orderexp_B_first_seed3006,B_first,3006,post_washout,test-0007
afdf0a04,axis1_access_vs_provenance_value-conflict_orderexp_B_first_seed3006,B_first,3006,post_washout,test-0007
d80fe71f,axis1_access_vs_provenance_value-conflict_orderexp_B_first_seed3006,B_first,3006,post_washout,test-0007
78262dc0,axis1_access_vs_provenance_value-conflict_orderexp_B_first_seed3006,B_first,3006,post_washout,test-0007
9f67d8b0,axis1_access_vs_provenance_value-conflict_orderexp_B_first_seed3006,B_first,3006,post_washout,test-0008
84620d32,axis1_access_vs_provenance_value-conflict_orderexp_B_first_seed3006,B_first,3006,post_washout,test-0008
5983f04c,axis1_access_vs_provenance_value-conflict_orderexp_B_first_seed3006,B_first,3006,post_washout,test-0008
f6f64f8a,axis1_access_vs_provenance_value-conflict_orderexp_B_first_seed3006,B_first,3006,post_washout,test-0008
55f3ae3b,axis1_access_vs_provenance_value-conflict_orderexp_B_first_seed3006,B_first,3006,post_washout,test-0008
951def3d,axis1_access_vs_provenance_value-conflict_orderexp_B_first_seed3006,B_first,3006,post_washout,test-0009
00fd0913,axis1_access_vs_provenance_value-conflict_orderexp_B_first_seed3006,B_first,3006,post_washout,test-0009
bbf4677f,axis1_access_vs_provenance_value-conflict_orderexp_B_first_seed3006,B_first,3006,post_washout,test-0009
917c6f5e,axis1_access_vs_provenance_value-conflict_orderexp_B_first_seed3006,B_first,3006,post_washout,test-0009
a96ee1e2,axis1_access_vs_provenance_value-conflict_orderexp_B_first_seed3006,B_first,3006,post_washout,test-0009
eaab7518,axis1_access_vs_provenance_value-conflict_orderexp_B_first_seed3006,B_first,3006,post_washout,test-0010
baa284ad,axis1_access_vs_provenance_value-conflict_orderexp_B_first_seed3006,B_first,3006,post_washout,test-0010
7b7c06f5,axis1_access_vs_provenance_value-conflict_orderexp_B_first_seed3006,B_first,3006,post_washout,test-0010
6bd73cd1,axis1_access_vs_provenance_value-conflict_orderexp_B_first_seed3006,B_first,3006,post_washout,test-0010
57dd2d40,axis1_access_vs_provenance_value-conflict_orderexp_B_first_seed3006,B_first,3006,post_washout,test-0010
c110c6d5,axis1_access_vs_provenance_value-conflict_orderexp_B_first_seed3006,B_first,3006,post_washout,test-0011
d5f4685e,axis1_access_vs_provenance_value-conflict_orderexp_B_first_seed3006,B_first,3006,post_washout,test-0011
6897f019,axis1_access_vs_provenance_value-conflict_orderexp_B_first_seed3006,B_first,3006,post_washout,test-0011
4928020b,axis1_access_vs_provenance_value-conflict_orderexp_B_first_seed3006,B_first,3006,post_washout,test-0011
99fdb471,axis1_access_vs_provenance_value-conflict_orderexp_B_first_seed3006,B_first,3006,post_washout,test-0011
7fcfcaef,axis1_access_vs_provenance_value-conflict_orderexp_B_first_seed3006,B_first,3006,post_washout,test-0012
9b46c58c,axis1_access_vs_provenance_value-conflict_orderexp_B_first_seed3006,B_first,3006,post_washout,test-0012
331aac25,axis1_access_vs_provenance_value-conflict_orderexp_B_first_seed3006,B_first,3006,post_washout,test-0012
edd10905,axis1_access_vs_provenance_value-conflict_orderexp_B_first_seed3006,B_first,3006,post_washout,test-0012
6097c361,axis1_access_vs_provenance_value-conflict_orderexp_B_first_seed3006,B_first,3006,post_washout,test-0012
a9c9cc9e,axis1_access_vs_provenance_value-conflict_orderexp_B_first_seed3006,B_first,3006,post_washout,test-0013
4d136597,axis1_access_vs_provenance_value-conflict_orderexp_B_first_seed3006,B_first,3006,post_washout,test-0013
c3644784,axis1_access_vs_provenance_value-conflict_orderexp_B_first_seed3006,B_first,3006,post_washout,test-0013
e7d3cd97,axis1_access_vs_provenance_value-conflict_orderexp_B_first_seed3006,B_first,3006,post_washout,test-0013
7d504a04,axis1_access_vs_provenance_value-conflict_orderexp_B_first_seed3006,B_first,3006,post_washout,test-0013
aa48bb39,axis1_access_vs_provenance_value-conflict_orderexp_B_first_seed3006,B_first,3006,post_washout,test-0014
24c30186,axis1_access_vs_provenance_value-conflict_orderexp_B_first_seed3006,B_first,3006,post_washout,test-0014
16d2424c,axis1_access_vs_provenance_value-conflict_orderexp_B_first_seed3006,B_first,3006,post_washout,test-0014
a0ad82cc,axis1_access_vs_provenance_value-conflict_orderexp_B_first_seed3006,B_first,3006,post_washout,test-0014
46cadfcc,axis1_access_vs_provenance_value-conflict_orderexp_B_first_seed3006,B_first,3006,post_washout,test-0014
df94cc03,axis1_access_vs_provenance_value-conflict_orderexp_B_first_seed3006,B_first,3006,post_washout,test-0015
cbd9b992,axis1_access_vs_provenance_value-conflict_orderexp_B_first_seed3006,B_first,3006,post_washout,test-0015
0c986f21,axis1_access_vs_provenance_value-conflict_orderexp_B_first_seed3006,B_first,3006,post_washout,test-0015
5d8b5414,axis1_access_vs_provenance_value-conflict_orderexp_B_first_seed3006,B_first,3006,post_washout,test-0015
7b8f8b66,axis1_access_vs_provenance_value-conflict_orderexp_B_first_seed3006,B_first,3006,post_washout,test-0015
ab9b233f,axis1_access_vs_provenance_value-conflict_orderexp_B_first_seed3006,B_first,3006,post_washout,test-0016
f0b79862,axis1_access_vs_provenance_value-conflict_orderexp_B_first_seed3006,B_first,3006,post_washout,test-0016
bf5f5b49,axis1_access_vs_provenance_value-conflict_orderexp_B_first_seed3006,B_first,3006,post_washout,test-0016
b776f5c0,axis1_access_vs_provenance_value-conflict_orderexp_B_first_seed3006,B_first,3006,post_washout,test-0016
2af32af5,axis1_access_vs_provenance_value-conflict_orderexp_B_first_seed3006,B_first,3006,post_washout,test-0016
8a38a228,axis1_access_vs_provenance_value-conflict_orderexp_B_first_seed3006,B_first,3006,post_washout,test-0017
a8479c11,axis1_access_vs_provenance_value-conflict_orderexp_B_first_seed3006,B_first,3006,post_washout,test-0017
86b560f5,axis1_access_vs_provenance_value-conflict_orderexp_B_first_seed3006,B_first,3006,post_washout,test-0017
901c1235,axis1_access_vs_provenance_value-conflict_orderexp_B_first_seed3006,B_first,3006,post_washout,test-0017
264c1d10,axis1_access_vs_provenance_value-conflict_orderexp_B_first_seed3006,B_first,3006,post_washout,test-0017
396015fd,axis1_access_vs_provenance_value-conflict_orderexp_B_first_seed3006,B_first,3006,post_washout,test-0018
2b83789b,axis1_access_vs_provenance_value-conflict_orderexp_B_first_seed3006,B_first,3006,post_washout,test-0018
96db8902,axis1_access_vs_provenance_value-conflict_orderexp_B_first_seed3006,B_first,3006,post_washout,test-0018
365cc671,axis1_access_vs_provenance_value-conflict_orderexp_B_first_seed3006,B_first,3006,post_washout,test-0018
12cba836,axis1_access_vs_provenance_value-conflict_orderexp_B_first_seed3006,B_first,3006,post_washout,test-0018
090ccd93,axis1_access_vs_provenance_value-conflict_orderexp_B_first_seed3006,B_first,3006,post_washout,test-0019
431c9caf,axis1_access_vs_provenance_value-conflict_orderexp_B_first_seed3006,B_first,3006,post_washout,test-0019
3eb1cec8,axis1_access_vs_provenance_value-conflict_orderexp_B_first_seed3006,B_first,3006,post_washout,test-0019
a1f3fac4,axis1_access_vs_provenance_value-conflict_orderexp_B_first_seed3006,B_first,3006,post_washout,test-0019
b63fe017,axis1_access_vs_provenance_value-conflict_orderexp_B_first_seed3006,B_first,3006,post_washout,test-0019
c16a2681,axis1_access_vs_provenance_value-conflict_orderexp_B_first_seed3006,B_first,3006,post_washout,test-0020
72443387,axis1_access_vs_provenance_value-conflict_orderexp_B_first_seed3006,B_first,3006,post_washout,test-0020
ba88c666,axis1_access_vs_provenance_value-conflict_orderexp_B_first_seed3006,B_first,3006,post_washout,test-0020
3dc6beef,axis1_access_vs_provenance_value-conflict_orderexp_B_first_seed3006,B_first,3006,post_washout,test-0020
631d8b3b,axis1_access_vs_provenance_value-conflict_orderexp_B_first_seed3006,B_first,3006,post_washout,test-0020
091d51cf,axis1_access_vs_provenance_value-conflict_orderexp_B_first_seed3006,B_first,3006,post_washout,test-0021
2f84076c,axis1_access_vs_provenance_value-conflict_orderexp_B_first_seed3006,B_first,3006,post_washout,test-0021
565a2c9a,axis1_access_vs_provenance_value-conflict_orderexp_B_first_seed3006,B_first,3006,post_washout,test-0021
5ddcaadc,axis1_access_vs_provenance_value-conflict_orderexp_B_first_seed3006,B_first,3006,post_washout,test-0021
8fd4fd09,axis1_access_vs_provenance_value-conflict_orderexp_B_first_seed3006,B_first,3006,post_washout,test-0021
f5dd0600,axis1_access_vs_provenance_value-conflict_orderexp_B_first_seed3006,B_first,3006,post_washout,test-0022
532d2478,axis1_access_vs_provenance_value-conflict_orderexp_B_first_seed3006,B_first,3006,post_washout,test-0022
3b4fbcf9,axis1_access_vs_provenance_value-conflict_orderexp_B_first_seed3006,B_first,3006,post_washout,test-0022
e8a123a6,axis1_access_vs_provenance_value-conflict_orderexp_B_first_seed3006,B_first,3006,post_washout,test-0022
bd4166a1,axis1_access_vs_provenance_value-conflict_orderexp_B_first_seed3006,B_first,3006,post_washout,test-0022
2663980d,axis1_access_vs_provenance_value-conflict_orderexp_B_first_seed3006,B_first,3006,post_washout,test-0023
ec047048,axis1_access_vs_provenance_value-conflict_orderexp_B_first_seed3006,B_first,3006,post_washout,test-0023
357c48fa,axis1_access_vs_provenance_value-conflict_orderexp_B_first_seed3006,B_first,3006,post_washout,test-0023
67f9424f,axis1_access_vs_provenance_value-conflict_orderexp_B_first_seed3006,B_first,3006,post_washout,test-0023
5294637c,axis1_access_vs_provenance_value-conflict_orderexp_B_first_seed3006,B_first,3006,post_washout,test-0023
72e79a5c,axis1_access_vs_provenance_value-conflict_orderexp_B_first_seed3006,B_first,3006,post_washout,test-0024
5d77fa6f,axis1_access_vs_provenance_value-conflict_orderexp_B_first_seed3006,B_first,3006,post_washout,test-0024
f7d95a01,axis1_access_vs_provenance_value-conflict_orderexp_B_first_seed3006,B_first,3006,post_washout,test-0024
2195196c,axis1_access_vs_provenance_value-conflict_orderexp_B_first_seed3006,B_first,3006,post_washout,test-0024
17666e69,axis1_access_vs_provenance_value-conflict_orderexp_B_first_seed3006,B_first,3006,post_washout,test-0024
3de1fb9a,axis1_access_vs_provenance_value-conflict_orderexp_B_first_seed3007,B_first,3007,post_washout,test-0001
e750a48b,axis1_access_vs_provenance_value-conflict_orderexp_B_first_seed3007,B_first,3007,post_washout,test-0001
51f8e1b3,axis1_access_vs_provenance_value-conflict_orderexp_B_first_seed3007,B_first,3007,post_washout,test-0001
c0d3e57d,axis1_access_vs_provenance_value-conflict_orderexp_B_first_seed3007,B_first,3007,post_washout,test-0001
90abc6a1,axis1_access_vs_provenance_value-conflict_orderexp_B_first_seed3007,B_first,3007,post_washout,test-0001
24171fa5,axis1_access_vs_provenance_value-conflict_orderexp_B_first_seed3007,B_first,3007,post_washout,test-0002
ad7fdff0,axis1_access_vs_provenance_value-conflict_orderexp_B_first_seed3007,B_first,3007,post_washout,test-0002
f8e9489c,axis1_access_vs_provenance_value-conflict_orderexp_B_first_seed3007,B_first,3007,post_washout,test-0002
43a68965,axis1_access_vs_provenance_value-conflict_orderexp_B_first_seed3007,B_first,3007,post_washout,test-0002
afb58f1d,axis1_access_vs_provenance_value-conflict_orderexp_B_first_seed3007,B_first,3007,post_washout,test-0002
dee96632,axis1_access_vs_provenance_value-conflict_orderexp_B_first_seed3007,B_first,3007,post_washout,test-0003
9474ca6e,axis1_access_vs_provenance_value-conflict_orderexp_B_first_seed3007,B_first,3007,post_washout,test-0003
ec13c1fa,axis1_access_vs_provenance_value-conflict_orderexp_B_first_seed3007,B_first,3007,post_washout,test-0003
8bb2e292,axis1_access_vs_provenance_value-conflict_orderexp_B_first_seed3007,B_first,3007,post_washout,test-0003
c605ff1b,axis1_access_vs_provenance_value-conflict_orderexp_B_first_seed3007,B_first,3007,post_washout,test-0003
46e114ef,axis1_access_vs_provenance_value-conflict_orderexp_B_first_seed3007,B_first,3007,post_washout,test-0004
5b25fa1c,axis1_access_vs_provenance_value-conflict_orderexp_B_first_seed3007,B_first,3007,post_washout,test-0004
c6b0a45c,axis1_access_vs_provenance_value-conflict_orderexp_B_first_seed3007,B_first,3007,post_washout,test-0004
11be7427,axis1_access_vs_provenance_value-conflict_orderexp_B_first_seed3007,B_first,3007,post_washout,test-0004
a8259b07,axis1_access_vs_provenance_value-conflict_orderexp_B_first_seed3007,B_first,3007,post_washout,test-0004
8a8f6552,axis1_access_vs_provenance_value-conflict_orderexp_B_first_seed3007,B_first,3007,post_washout,test-0005
0ffa8e80,axis1_access_vs_provenance_value-conflict_orderexp_B_first_seed3007,B_first,3007,post_washout,test-0005
828da217,axis1_access_vs_provenance_value-conflict_orderexp_B_first_seed3007,B_first,3007,post_washout,test-0005
ec7ae81b,axis1_access_vs_provenance_value-conflict_orderexp_B_first_seed3007,B_first,3007,post_washout,test-0005
7f13d1df,axis1_access_vs_provenance_value-conflict_orderexp_B_first_seed3007,B_first,3007,post_washout,test-0005
a2d9c752,axis1_access_vs_provenance_value-conflict_orderexp_B_first_seed3007,B_first,3007,post_washout,test-0006
2a578613,axis1_access_vs_provenance_value-conflict_orderexp_B_first_seed3007,B_first,3007,post_washout,test-0006
94809d33,axis1_access_vs_provenance_value-conflict_orderexp_B_first_seed3007,B_first,3007,post_washout,test-0006
8fd7fd3d,axis1_access_vs_provenance_value-conflict_orderexp_B_first_seed3007,B_first,3007,post_washout,test-0006
1eeeabeb,axis1_access_vs_provenance_value-conflict_orderexp_B_first_seed3007,B_first,3007,post_washout,test-0006
b323e226,axis1_access_vs_provenance_value-conflict_orderexp_B_first_seed3007,B_first,3007,post_washout,test-0007
b69a24bd,axis1_access_vs_provenance_value-conflict_orderexp_B_first_seed3007,B_first,3007,post_washout,test-0007
e254fb0a,axis1_access_vs_provenance_value-conflict_orderexp_B_first_seed3007,B_first,3007,post_washout,test-0007
42dff34d,axis1_access_vs_provenance_value-conflict_orderexp_B_first_seed3007,B_first,3007,post_washout,test-0007
f3a45db4,axis1_access_vs_provenance_value-conflict_orderexp_B_first_seed3007,B_first,3007,post_washout,test-0007
4072dadc,axis1_access_vs_provenance_value-conflict_orderexp_B_first_seed3007,B_first,3007,post_washout,test-0008
662d00d3,axis1_access_vs_provenance_value-conflict_orderexp_B_first_seed3007,B_first,3007,post_washout,test-0008
cba14abd,axis1_access_vs_provenance_value-conflict_orderexp_B_first_seed3007,B_first,3007,post_washout,test-0008
a6cf1a27,axis1_access_vs_provenance_value-conflict_orderexp_B_first_seed3007,B_first,3007,post_washout,test-0008
af4b6c09,axis1_access_vs_provenance_value-conflict_orderexp_B_first_seed3007,B_first,3007,post_washout,test-0008
d532a650,axis1_access_vs_provenance_value-conflict_orderexp_B_first_seed3007,B_first,3007,post_washout,test-0009
7bf4b918,axis1_access_vs_provenance_value-conflict_orderexp_B_first_seed3007,B_first,3007,post_washout,test-0009
04ae6ce1,axis1_access_vs_provenance_value-conflict_orderexp_B_first_seed3007,B_first,3007,post_washout,test-0009
734bcb2b,axis1_access_vs_provenance_value-conflict_orderexp_B_first_seed3007,B_first,3007,post_washout,test-0009
28dfb352,axis1_access_vs_provenance_value-conflict_orderexp_B_first_seed3007,B_first,3007,post_washout,test-0009
b65cd298,axis1_access_vs_provenance_value-conflict_orderexp_B_first_seed3007,B_first,3007,post_washout,test-0010
07917623,axis1_access_vs_provenance_value-conflict_orderexp_B_first_seed3007,B_first,3007,post_washout,test-0010
a8494ab9,axis1_access_vs_provenance_value-conflict_orderexp_B_first_seed3007,B_first,3007,post_washout,test-0010
1f2fddbc,axis1_access_vs_provenance_value-conflict_orderexp_B_first_seed3007,B_first,3007,post_washout,test-0010
2eb0710a,axis1_access_vs_provenance_value-conflict_orderexp_B_first_seed3007,B_first,3007,post_washout,test-0010
7e2f60d0,axis1_access_vs_provenance_value-conflict_orderexp_B_first_seed3007,B_first,3007,post_washout,test-0011
af75022e,axis1_access_vs_provenance_value-conflict_orderexp_B_first_seed3007,B_first,3007,post_washout,test-0011
eedd3032,axis1_access_vs_provenance_value-conflict_orderexp_B_first_seed3007,B_first,3007,post_washout,test-0011
92927130,axis1_access_vs_provenance_value-conflict_orderexp_B_first_seed3007,B_first,3007,post_washout,test-0011
ff3e9642,axis1_access_vs_provenance_value-conflict_orderexp_B_first_seed3007,B_first,3007,post_washout,test-0011
e5d0fbe3,axis1_access_vs_provenance_value-conflict_orderexp_B_first_seed3007,B_first,3007,post_washout,test-0012
96a91138,axis1_access_vs_provenance_value-conflict_orderexp_B_first_seed3007,B_first,3007,post_washout,test-0012
00bf77a3,axis1_access_vs_provenance_value-conflict_orderexp_B_first_seed3007,B_first,3007,post_washout,test-0012
222b6f09,axis1_access_vs_provenance_value-conflict_orderexp_B_first_seed3007,B_first,3007,post_washout,test-0012
675765df,axis1_access_vs_provenance_value-conflict_orderexp_B_first_seed3007,B_first,3007,post_washout,test-0012
393f7982,axis1_access_vs_provenance_value-conflict_orderexp_B_first_seed3007,B_first,3007,post_washout,test-0013
54fb92ab,axis1_access_vs_provenance_value-conflict_orderexp_B_first_seed3007,B_first,3007,post_washout,test-0013
63cfdba0,axis1_access_vs_provenance_value-conflict_orderexp_B_first_seed3007,B_first,3007,post_washout,test-0013
23d97ab9,axis1_access_vs_provenance_value-conflict_orderexp_B_first_seed3007,B_first,3007,post_washout,test-0013
12ecb1b0,axis1_access_vs_provenance_value-conflict_orderexp_B_first_seed3007,B_first,3007,post_washout,test-0013
b11adfe6,axis1_access_vs_provenance_value-conflict_orderexp_B_first_seed3007,B_first,3007,post_washout,test-0014
eface7f4,axis1_access_vs_provenance_value-conflict_orderexp_B_first_seed3007,B_first,3007,post_washout,test-0014
bfc3ef30,axis1_access_vs_provenance_value-conflict_orderexp_B_first_seed3007,B_first,3007,post_washout,test-0014
2f9f1baf,axis1_access_vs_provenance_value-conflict_orderexp_B_first_seed3007,B_first,3007,post_washout,test-0014
33a96ff3,axis1_access_vs_provenance_value-conflict_orderexp_B_first_seed3007,B_first,3007,post_washout,test-0014
2ba10559,axis1_access_vs_provenance_value-conflict_orderexp_B_first_seed3007,B_first,3007,post_washout,test-0015
8c26e36a,axis1_access_vs_provenance_value-conflict_orderexp_B_first_seed3007,B_first,3007,post_washout,test-0015
329c2da2,axis1_access_vs_provenance_value-conflict_orderexp_B_first_seed3007,B_first,3007,post_washout,test-0015
c4c43ec0,axis1_access_vs_provenance_value-conflict_orderexp_B_first_seed3007,B_first,3007,post_washout,test-0015
b0d049f1,axis1_access_vs_provenance_value-conflict_orderexp_B_first_seed3007,B_first,3007,post_washout,test-0015
33a997fa,axis1_access_vs_provenance_value-conflict_orderexp_B_first_seed3007,B_first,3007,post_washout,test-0016
1255ac72,axis1_access_vs_provenance_value-conflict_orderexp_B_first_seed3007,B_first,3007,post_washout,test-0016
b8e2e22c,axis1_access_vs_provenance_value-conflict_orderexp_B_first_seed3007,B_first,3007,post_washout,test-0016
9e41b0c4,axis1_access_vs_provenance_value-conflict_orderexp_B_first_seed3007,B_first,3007,post_washout,test-0016
364e97d3,axis1_access_vs_provenance_value-conflict_orderexp_B_first_seed3007,B_first,3007,post_washout,test-0016
073264c5,axis1_access_vs_provenance_value-conflict_orderexp_B_first_seed3007,B_first,3007,post_washout,test-0017
35ce1a57,axis1_access_vs_provenance_value-conflict_orderexp_B_first_seed3007,B_first,3007,post_washout,test-0017
3c1bcccc,axis1_access_vs_provenance_value-conflict_orderexp_B_first_seed3007,B_first,3007,post_washout,test-0017
10cd501a,axis1_access_vs_provenance_value-conflict_orderexp_B_first_seed3007,B_first,3007,post_washout,test-0017
f0e6faa6,axis1_access_vs_provenance_value-conflict_orderexp_B_first_seed3007,B_first,3007,post_washout,test-0017
ec34a8f8,axis1_access_vs_provenance_value-conflict_orderexp_B_first_seed3007,B_first,3007,post_washout,test-0018
be393374,axis1_access_vs_provenance_value-conflict_orderexp_B_first_seed3007,B_first,3007,post_washout,test-0018
3282055b,axis1_access_vs_provenance_value-conflict_orderexp_B_first_seed3007,B_first,3007,post_washout,test-0018
f4084d85,axis1_access_vs_provenance_value-conflict_orderexp_B_first_seed3007,B_first,3007,post_washout,test-0018
cf0112c8,axis1_access_vs_provenance_value-conflict_orderexp_B_first_seed3007,B_first,3007,post_washout,test-0018
51b45197,axis1_access_vs_provenance_value-conflict_orderexp_B_first_seed3007,B_first,3007,post_washout,test-0019
693c2e2a,axis1_access_vs_provenance_value-conflict_orderexp_B_first_seed3007,B_first,3007,post_washout,test-0019
f0010526,axis1_access_vs_provenance_value-conflict_orderexp_B_first_seed3007,B_first,3007,post_washout,test-0019
ad6b9943,axis1_access_vs_provenance_value-conflict_orderexp_B_first_seed3007,B_first,3007,post_washout,test-0019
9edeeaca,axis1_access_vs_provenance_value-conflict_orderexp_B_first_seed3007,B_first,3007,post_washout,test-0019
d4c9585c,axis1_access_vs_provenance_value-conflict_orderexp_B_first_seed3007,B_first,3007,post_washout,test-0020
0c0d18db,axis1_access_vs_provenance_value-conflict_orderexp_B_first_seed3007,B_first,3007,post_washout,test-0020
63c5dbb5,axis1_access_vs_provenance_value-conflict_orderexp_B_first_seed3007,B_first,3007,post_washout,test-0020
c22f9fcc,axis1_access_vs_provenance_value-conflict_orderexp_B_first_seed3007,B_first,3007,post_washout,test-0020
e7733b49,axis1_access_vs_provenance_value-conflict_orderexp_B_first_seed3007,B_first,3007,post_washout,test-0020
15a28974,axis1_access_vs_provenance_value-conflict_orderexp_B_first_seed3007,B_first,3007,post_washout,test-0021
22c0ac30,axis1_access_vs_provenance_value-conflict_orderexp_B_first_seed3007,B_first,3007,post_washout,test-0021
10b040ef,axis1_access_vs_provenance_value-conflict_orderexp_B_first_seed3007,B_first,3007,post_washout,test-0021
3a44689e,axis1_access_vs_provenance_value-conflict_orderexp_B_first_seed3007,B_first,3007,post_washout,test-0021
a8cd7283,axis1_access_vs_provenance_value-conflict_orderexp_B_first_seed3007,B_first,3007,post_washout,test-0021
755a6b0f,axis1_access_vs_provenance_value-conflict_orderexp_B_first_seed3007,B_first,3007,post_washout,test-0022
724cadd1,axis1_access_vs_provenance_value-conflict_orderexp_B_first_seed3007,B_first,3007,post_washout,test-0022
04a4842b,axis1_access_vs_provenance_value-conflict_orderexp_B_first_seed3007,B_first,3007,post_washout,test-0022
32cf4a9d,axis1_access_vs_provenance_value-conflict_orderexp_B_first_seed3007,B_first,3007,post_washout,test-0022
d229e5fb,axis1_access_vs_provenance_value-conflict_orderexp_B_first_seed3007,B_first,3007,post_washout,test-0022
c6460825,axis1_access_vs_provenance_value-conflict_orderexp_B_first_seed3007,B_first,3007,post_washout,test-0023
62b1f238,axis1_access_vs_provenance_value-conflict_orderexp_B_first_seed3007,B_first,3007,post_washout,test-0023
9a4f569b,axis1_access_vs_provenance_value-conflict_orderexp_B_first_seed3007,B_first,3007,post_washout,test-0023
c634c4da,axis1_access_vs_provenance_value-conflict_orderexp_B_first_seed3007,B_first,3007,post_washout,test-0023
99345e88,axis1_access_vs_provenance_value-conflict_orderexp_B_first_seed3007,B_first,3007,post_washout,test-0023
4dabb472,axis1_access_vs_provenance_value-conflict_orderexp_B_first_seed3007,B_first,3007,post_washout,test-0024
0d286dd8,axis1_access_vs_provenance_value-conflict_orderexp_B_first_seed3007,B_first,3007,post_washout,test-0024
32ab6459,axis1_access_vs_provenance_value-conflict_orderexp_B_first_seed3007,B_first,3007,post_washout,test-0024
85e957e5,axis1_access_vs_provenance_value-conflict_orderexp_B_first_seed3007,B_first,3007,post_washout,test-0024
a053a90d,axis1_access_vs_provenance_value-conflict_orderexp_B_first_seed3007,B_first,3007,post_washout,test-0024
d253c476,axis1_access_vs_provenance_value-conflict_orderexp_B_first_seed3008,B_first,3008,post_washout,test-0001
4ec8dcc3,axis1_access_vs_provenance_value-conflict_orderexp_B_first_seed3008,B_first,3008,post_washout,test-0001
c5bb490e,axis1_access_vs_provenance_value-conflict_orderexp_B_first_seed3008,B_first,3008,post_washout,test-0001
1fa5501d,axis1_access_vs_provenance_value-conflict_orderexp_B_first_seed3008,B_first,3008,post_washout,test-0001
4303029b,axis1_access_vs_provenance_value-conflict_orderexp_B_first_seed3008,B_first,3008,post_washout,test-0001
5333c223,axis1_access_vs_provenance_value-conflict_orderexp_B_first_seed3008,B_first,3008,post_washout,test-0002
943dc2ac,axis1_access_vs_provenance_value-conflict_orderexp_B_first_seed3008,B_first,3008,post_washout,test-0002
5a58307a,axis1_access_vs_provenance_value-conflict_orderexp_B_first_seed3008,B_first,3008,post_washout,test-0002
9759582b,axis1_access_vs_provenance_value-conflict_orderexp_B_first_seed3008,B_first,3008,post_washout,test-0002
fbbba08f,axis1_access_vs_provenance_value-conflict_orderexp_B_first_seed3008,B_first,3008,post_washout,test-0002
a1f86453,axis1_access_vs_provenance_value-conflict_orderexp_B_first_seed3008,B_first,3008,post_washout,test-0003
4b981b42,axis1_access_vs_provenance_value-conflict_orderexp_B_first_seed3008,B_first,3008,post_washout,test-0003
b2e8111e,axis1_access_vs_provenance_value-conflict_orderexp_B_first_seed3008,B_first,3008,post_washout,test-0003
e2561a58,axis1_access_vs_provenance_value-conflict_orderexp_B_first_seed3008,B_first,3008,post_washout,test-0003
435ab671,axis1_access_vs_provenance_value-conflict_orderexp_B_first_seed3008,B_first,3008,post_washout,test-0003
b653a356,axis1_access_vs_provenance_value-conflict_orderexp_B_first_seed3008,B_first,3008,post_washout,test-0004
b23902e6,axis1_access_vs_provenance_value-conflict_orderexp_B_first_seed3008,B_first,3008,post_washout,test-0004
591b1bb2,axis1_access_vs_provenance_value-conflict_orderexp_B_first_seed3008,B_first,3008,post_washout,test-0004
f6584bb5,axis1_access_vs_provenance_value-conflict_orderexp_B_first_seed3008,B_first,3008,post_washout,test-0004
5ea15711,axis1_access_vs_provenance_value-conflict_orderexp_B_first_seed3008,B_first,3008,post_washout,test-0004
562f8bf7,axis1_access_vs_provenance_value-conflict_orderexp_B_first_seed3008,B_first,3008,post_washout,test-0005
0dbc9b16,axis1_access_vs_provenance_value-conflict_orderexp_B_first_seed3008,B_first,3008,post_washout,test-0005
e60812e2,axis1_access_vs_provenance_value-conflict_orderexp_B_first_seed3008,B_first,3008,post_washout,test-0005
8719d4b6,axis1_access_vs_provenance_value-conflict_orderexp_B_first_seed3008,B_first,3008,post_washout,test-0005
1af396dc,axis1_access_vs_provenance_value-conflict_orderexp_B_first_seed3008,B_first,3008,post_washout,test-0005
d9d34302,axis1_access_vs_provenance_value-conflict_orderexp_B_first_seed3008,B_first,3008,post_washout,test-0006
736a105d,axis1_access_vs_provenance_value-conflict_orderexp_B_first_seed3008,B_first,3008,post_washout,test-0006
26451439,axis1_access_vs_provenance_value-conflict_orderexp_B_first_seed3008,B_first,3008,post_washout,test-0006
64d27789,axis1_access_vs_provenance_value-conflict_orderexp_B_first_seed3008,B_first,3008,post_washout,test-0006
6a65f0b9,axis1_access_vs_provenance_value-conflict_orderexp_B_first_seed3008,B_first,3008,post_washout,test-0006
d021c9c0,axis1_access_vs_provenance_value-conflict_orderexp_B_first_seed3008,B_first,3008,post_washout,test-0007
7f872bd0,axis1_access_vs_provenance_value-conflict_orderexp_B_first_seed3008,B_first,3008,post_washout,test-0007
f36b9abc,axis1_access_vs_provenance_value-conflict_orderexp_B_first_seed3008,B_first,3008,post_washout,test-0007
bf3628b6,axis1_access_vs_provenance_value-conflict_orderexp_B_first_seed3008,B_first,3008,post_washout,test-0007
fc9e317a,axis1_access_vs_provenance_value-conflict_orderexp_B_first_seed3008,B_first,3008,post_washout,test-0007
13ff534a,axis1_access_vs_provenance_value-conflict_orderexp_B_first_seed3008,B_first,3008,post_washout,test-0008
a64ee0fa,axis1_access_vs_provenance_value-conflict_orderexp_B_first_seed3008,B_first,3008,post_washout,test-0008
4f2d0cf7,axis1_access_vs_provenance_value-conflict_orderexp_B_first_seed3008,B_first,3008,post_washout,test-0008
47f41fac,axis1_access_vs_provenance_value-conflict_orderexp_B_first_seed3008,B_first,3008,post_washout,test-0008
c362900d,axis1_access_vs_provenance_value-conflict_orderexp_B_first_seed3008,B_first,3008,post_washout,test-0008
b64016e2,axis1_access_vs_provenance_value-conflict_orderexp_B_first_seed3008,B_first,3008,post_washout,test-0009
49c894a4,axis1_access_vs_provenance_value-conflict_orderexp_B_first_seed3008,B_first,3008,post_washout,test-0009
366a9547,axis1_access_vs_provenance_value-conflict_orderexp_B_first_seed3008,B_first,3008,post_washout,test-0009
9211c1d3,axis1_access_vs_provenance_value-conflict_orderexp_B_first_seed3008,B_first,3008,post_washout,test-0009
9abcc37e,axis1_access_vs_provenance_value-conflict_orderexp_B_first_seed3008,B_first,3008,post_washout,test-0009
dd61e4de,axis1_access_vs_provenance_value-conflict_orderexp_B_first_seed3008,B_first,3008,post_washout,test-0010
9dad370d,axis1_access_vs_provenance_value-conflict_orderexp_B_first_seed3008,B_first,3008,post_washout,test-0010
0a5d670d,axis1_access_vs_provenance_value-conflict_orderexp_B_first_seed3008,B_first,3008,post_washout,test-0010
57d463a7,axis1_access_vs_provenance_value-conflict_orderexp_B_first_seed3008,B_first,3008,post_washout,test-0010
6d66f46d,axis1_access_vs_provenance_value-conflict_orderexp_B_first_seed3008,B_first,3008,post_washout,test-0010
8ca15cdf,axis1_access_vs_provenance_value-conflict_orderexp_B_first_seed3008,B_first,3008,post_washout,test-0011
ad66b8ba,axis1_access_vs_provenance_value-conflict_orderexp_B_first_seed3008,B_first,3008,post_washout,test-0011
e813a240,axis1_access_vs_provenance_value-conflict_orderexp_B_first_seed3008,B_first,3008,post_washout,test-0011
d6378710,axis1_access_vs_provenance_value-conflict_orderexp_B_first_seed3008,B_first,3008,post_washout,test-0011
5b1234ec,axis1_access_vs_provenance_value-conflict_orderexp_B_first_seed3008,B_first,3008,post_washout,test-0011
b55b96f4,axis1_access_vs_provenance_value-conflict_orderexp_B_first_seed3008,B_first,3008,post_washout,test-0012
e0b2e1b8,axis1_access_vs_provenance_value-conflict_orderexp_B_first_seed3008,B_first,3008,post_washout,test-0012
ce14afdf,axis1_access_vs_provenance_value-conflict_orderexp_B_first_seed3008,B_first,3008,post_washout,test-0012
b3cda51b,axis1_access_vs_provenance_value-conflict_orderexp_B_first_seed3008,B_first,3008,post_washout,test-0012
f9cf810b,axis1_access_vs_provenance_value-conflict_orderexp_B_first_seed3008,B_first,3008,post_washout,test-0012
0ee149e9,axis1_access_vs_provenance_value-conflict_orderexp_B_first_seed3008,B_first,3008,post_washout,test-0013
7ad4ce1a,axis1_access_vs_provenance_value-conflict_orderexp_B_first_seed3008,B_first,3008,post_washout,test-0013
a148c51d,axis1_access_vs_provenance_value-conflict_orderexp_B_first_seed3008,B_first,3008,post_washout,test-0013
0727142f,axis1_access_vs_provenance_value-conflict_orderexp_B_first_seed3008,B_first,3008,post_washout,test-0013
6976585c,axis1_access_vs_provenance_value-conflict_orderexp_B_first_seed3008,B_first,3008,post_washout,test-0013
fa5d8302,axis1_access_vs_provenance_value-conflict_orderexp_B_first_seed3008,B_first,3008,post_washout,test-0014
663a8f3c,axis1_access_vs_provenance_value-conflict_orderexp_B_first_seed3008,B_first,3008,post_washout,test-0014
fe6b8e8e,axis1_access_vs_provenance_value-conflict_orderexp_B_first_seed3008,B_first,3008,post_washout,test-0014
d75ff954,axis1_access_vs_provenance_value-conflict_orderexp_B_first_seed3008,B_first,3008,post_washout,test-0014
0ca4e506,axis1_access_vs_provenance_value-conflict_orderexp_B_first_seed3008,B_first,3008,post_washout,test-0014
21a3c9d2,axis1_access_vs_provenance_value-conflict_orderexp_B_first_seed3008,B_first,3008,post_washout,test-0015
2b656e75,axis1_access_vs_provenance_value-conflict_orderexp_B_first_seed3008,B_first,3008,post_washout,test-0015
412570b6,axis1_access_vs_provenance_value-conflict_orderexp_B_first_seed3008,B_first,3008,post_washout,test-0015
c4538ef0,axis1_access_vs_provenance_value-conflict_orderexp_B_first_seed3008,B_first,3008,post_washout,test-0015
5820d8e8,axis1_access_vs_provenance_value-conflict_orderexp_B_first_seed3008,B_first,3008,post_washout,test-0015
f4093e88,axis1_access_vs_provenance_value-conflict_orderexp_B_first_seed3008,B_first,3008,post_washout,test-0016
c2545efe,axis1_access_vs_provenance_value-conflict_orderexp_B_first_seed3008,B_first,3008,post_washout,test-0016
9be4a5f8,axis1_access_vs_provenance_value-conflict_orderexp_B_first_seed3008,B_first,3008,post_washout,test-0016
21d9b69b,axis1_access_vs_provenance_value-conflict_orderexp_B_first_seed3008,B_first,3008,post_washout,test-0016
2853db32,axis1_access_vs_provenance_value-conflict_orderexp_B_first_seed3008,B_first,3008,post_washout,test-0016
77665fc0,axis1_access_vs_provenance_value-conflict_orderexp_B_first_seed3008,B_first,3008,post_washout,test-0017
4b7a52c1,axis1_access_vs_provenance_value-conflict_orderexp_B_first_seed3008,B_first,3008,post_washout,test-0017
5d4fad22,axis1_access_vs_provenance_value-conflict_orderexp_B_first_seed3008,B_first,3008,post_washout,test-0017
294b0fc7,axis1_access_vs_provenance_value-conflict_orderexp_B_first_seed3008,B_first,3008,post_washout,test-0017
eef28721,axis1_access_vs_provenance_value-conflict_orderexp_B_first_seed3008,B_first,3008,post_washout,test-0017
9158ce9d,axis1_access_vs_provenance_value-conflict_orderexp_B_first_seed3008,B_first,3008,post_washout,test-0018
ca1d2344,axis1_access_vs_provenance_value-conflict_orderexp_B_first_seed3008,B_first,3008,post_washout,test-0018
4d89f056,axis1_access_vs_provenance_value-conflict_orderexp_B_first_seed3008,B_first,3008,post_washout,test-0018
28a68468,axis1_access_vs_provenance_value-conflict_orderexp_B_first_seed3008,B_first,3008,post_washout,test-0018
0d348c90,axis1_access_vs_provenance_value-conflict_orderexp_B_first_seed3008,B_first,3008,post_washout,test-0018
e6bf764a,axis1_access_vs_provenance_value-conflict_orderexp_B_first_seed3008,B_first,3008,post_washout,test-0019
50e76dfb,axis1_access_vs_provenance_value-conflict_orderexp_B_first_seed3008,B_first,3008,post_washout,test-0019
7abd9d78,axis1_access_vs_provenance_value-conflict_orderexp_B_first_seed3008,B_first,3008,post_washout,test-0019
8c682a26,axis1_access_vs_provenance_value-conflict_orderexp_B_first_seed3008,B_first,3008,post_washout,test-0019
91e7ffc3,axis1_access_vs_provenance_value-conflict_orderexp_B_first_seed3008,B_first,3008,post_washout,test-0019
c8992d6e,axis1_access_vs_provenance_value-conflict_orderexp_B_first_seed3008,B_first,3008,post_washout,test-0020
14298e5b,axis1_access_vs_provenance_value-conflict_orderexp_B_first_seed3008,B_first,3008,post_washout,test-0020
fb304a19,axis1_access_vs_provenance_value-conflict_orderexp_B_first_seed3008,B_first,3008,post_washout,test-0020
02a84925,axis1_access_vs_provenance_value-conflict_orderexp_B_first_seed3008,B_first,3008,post_washout,test-0020
32813de8,axis1_access_vs_provenance_value-conflict_orderexp_B_first_seed3008,B_first,3008,post_washout,test-0020
51dd14c1,axis1_access_vs_provenance_value-conflict_orderexp_B_first_seed3008,B_first,3008,post_washout,test-0021
f6a04d64,axis1_access_vs_provenance_value-conflict_orderexp_B_first_seed3008,B_first,3008,post_washout,test-0021
c850530a,axis1_access_vs_provenance_value-conflict_orderexp_B_first_seed3008,B_first,3008,post_washout,test-0021
ad96f99b,axis1_access_vs_provenance_value-conflict_orderexp_B_first_seed3008,B_first,3008,post_washout,test-0021
d6eacf69,axis1_access_vs_provenance_value-conflict_orderexp_B_first_seed3008,B_first,3008,post_washout,test-0021
be301648,axis1_access_vs_provenance_value-conflict_orderexp_B_first_seed3008,B_first,3008,post_washout,test-0022
95bb3805,axis1_access_vs_provenance_value-conflict_orderexp_B_first_seed3008,B_first,3008,post_washout,test-0022
f11bf1db,axis1_access_vs_provenance_value-conflict_orderexp_B_first_seed3008,B_first,3008,post_washout,test-0022
052fc5b1,axis1_access_vs_provenance_value-conflict_orderexp_B_first_seed3008,B_first,3008,post_washout,test-0022
fe838174,axis1_access_vs_provenance_value-conflict_orderexp_B_first_seed3008,B_first,3008,post_washout,test-0022
1046b05d,axis1_access_vs_provenance_value-conflict_orderexp_B_first_seed3008,B_first,3008,post_washout,test-0023
f17ce118,axis1_access_vs_provenance_value-conflict_orderexp_B_first_seed3008,B_first,3008,post_washout,test-0023
bdfef6e3,axis1_access_vs_provenance_value-conflict_orderexp_B_first_seed3008,B_first,3008,post_washout,test-0023
e38bf714,axis1_access_vs_provenance_value-conflict_orderexp_B_first_seed3008,B_first,3008,post_washout,test-0023
3c7521ca,axis1_access_vs_provenance_value-conflict_orderexp_B_first_seed3008,B_first,3008,post_washout,test-0023
facdccaf,axis1_access_vs_provenance_value-conflict_orderexp_B_first_seed3008,B_first,3008,post_washout,test-0024
c23e2fee,axis1_access_vs_provenance_value-conflict_orderexp_B_first_seed3008,B_first,3008,post_washout,test-0024
a62b8742,axis1_access_vs_provenance_value-conflict_orderexp_B_first_seed3008,B_first,3008,post_washout,test-0024
bedb3076,axis1_access_vs_provenance_value-conflict_orderexp_B_first_seed3008,B_first,3008,post_washout,test-0024
bc071693,axis1_access_vs_provenance_value-conflict_orderexp_B_first_seed3008,B_first,3008,post_washout,test-0024
17905284,axis1_access_vs_provenance_value-conflict_orderexp_B_first_seed3009,B_first,3009,post_washout,test-0001
a9ba5246,axis1_access_vs_provenance_value-conflict_orderexp_B_first_seed3009,B_first,3009,post_washout,test-0001
31046ec0,axis1_access_vs_provenance_value-conflict_orderexp_B_first_seed3009,B_first,3009,post_washout,test-0001
fc7f35cf,axis1_access_vs_provenance_value-conflict_orderexp_B_first_seed3009,B_first,3009,post_washout,test-0001
23e8ec1e,axis1_access_vs_provenance_value-conflict_orderexp_B_first_seed3009,B_first,3009,post_washout,test-0001
fab4d714,axis1_access_vs_provenance_value-conflict_orderexp_B_first_seed3009,B_first,3009,post_washout,test-0002
cbd24b71,axis1_access_vs_provenance_value-conflict_orderexp_B_first_seed3009,B_first,3009,post_washout,test-0002
30cf412f,axis1_access_vs_provenance_value-conflict_orderexp_B_first_seed3009,B_first,3009,post_washout,test-0002
e398cbb4,axis1_access_vs_provenance_value-conflict_orderexp_B_first_seed3009,B_first,3009,post_washout,test-0002
aee09bd5,axis1_access_vs_provenance_value-conflict_orderexp_B_first_seed3009,B_first,3009,post_washout,test-0002
4fa5a621,axis1_access_vs_provenance_value-conflict_orderexp_B_first_seed3009,B_first,3009,post_washout,test-0003
aa0f977b,axis1_access_vs_provenance_value-conflict_orderexp_B_first_seed3009,B_first,3009,post_washout,test-0003
d6894b2b,axis1_access_vs_provenance_value-conflict_orderexp_B_first_seed3009,B_first,3009,post_washout,test-0003
c7e657fd,axis1_access_vs_provenance_value-conflict_orderexp_B_first_seed3009,B_first,3009,post_washout,test-0003
8af09e72,axis1_access_vs_provenance_value-conflict_orderexp_B_first_seed3009,B_first,3009,post_washout,test-0003
5c66e886,axis1_access_vs_provenance_value-conflict_orderexp_B_first_seed3009,B_first,3009,post_washout,test-0004
ff4bd7a1,axis1_access_vs_provenance_value-conflict_orderexp_B_first_seed3009,B_first,3009,post_washout,test-0004
ee11e9c2,axis1_access_vs_provenance_value-conflict_orderexp_B_first_seed3009,B_first,3009,post_washout,test-0004
2fc8ee5c,axis1_access_vs_provenance_value-conflict_orderexp_B_first_seed3009,B_first,3009,post_washout,test-0004
9020e47f,axis1_access_vs_provenance_value-conflict_orderexp_B_first_seed3009,B_first,3009,post_washout,test-0004
b5132266,axis1_access_vs_provenance_value-conflict_orderexp_B_first_seed3009,B_first,3009,post_washout,test-0005
9ec18681,axis1_access_vs_provenance_value-conflict_orderexp_B_first_seed3009,B_first,3009,post_washout,test-0005
0bf82f41,axis1_access_vs_provenance_value-conflict_orderexp_B_first_seed3009,B_first,3009,post_washout,test-0005
dcb58071,axis1_access_vs_provenance_value-conflict_orderexp_B_first_seed3009,B_first,3009,post_washout,test-0005
06ab8e27,axis1_access_vs_provenance_value-conflict_orderexp_B_first_seed3009,B_first,3009,post_washout,test-0005
45dfc155,axis1_access_vs_provenance_value-conflict_orderexp_B_first_seed3009,B_first,3009,post_washout,test-0006
fe0c6b92,axis1_access_vs_provenance_value-conflict_orderexp_B_first_seed3009,B_first,3009,post_washout,test-0006
56b1bbf7,axis1_access_vs_provenance_value-conflict_orderexp_B_first_seed3009,B_first,3009,post_washout,test-0006
d559908f,axis1_access_vs_provenance_value-conflict_orderexp_B_first_seed3009,B_first,3009,post_washout,test-0006
79b5115b,axis1_access_vs_provenance_value-conflict_orderexp_B_first_seed3009,B_first,3009,post_washout,test-0006
fadcf172,axis1_access_vs_provenance_value-conflict_orderexp_B_first_seed3009,B_first,3009,post_washout,test-0007
dda6200d,axis1_access_vs_provenance_value-conflict_orderexp_B_first_seed3009,B_first,3009,post_washout,test-0007
247b89cf,axis1_access_vs_provenance_value-conflict_orderexp_B_first_seed3009,B_first,3009,post_washout,test-0007
16706920,axis1_access_vs_provenance_value-conflict_orderexp_B_first_seed3009,B_first,3009,post_washout,test-0007
de280ab7,axis1_access_vs_provenance_value-conflict_orderexp_B_first_seed3009,B_first,3009,post_washout,test-0007
45d40641,axis1_access_vs_provenance_value-conflict_orderexp_B_first_seed3009,B_first,3009,post_washout,test-0008
b873f049,axis1_access_vs_provenance_value-conflict_orderexp_B_first_seed3009,B_first,3009,post_washout,test-0008
6e4aa4a1,axis1_access_vs_provenance_value-conflict_orderexp_B_first_seed3009,B_first,3009,post_washout,test-0008
11b1aa68,axis1_access_vs_provenance_value-conflict_orderexp_B_first_seed3009,B_first,3009,post_washout,test-0008
767b3db0,axis1_access_vs_provenance_value-conflict_orderexp_B_first_seed3009,B_first,3009,post_washout,test-0008
985893d6,axis1_access_vs_provenance_value-conflict_orderexp_B_first_seed3009,B_first,3009,post_washout,test-0009
42a5a38b,axis1_access_vs_provenance_value-conflict_orderexp_B_first_seed3009,B_first,3009,post_washout,test-0009
d8e794be,axis1_access_vs_provenance_value-conflict_orderexp_B_first_seed3009,B_first,3009,post_washout,test-0009
c2785e1e,axis1_access_vs_provenance_value-conflict_orderexp_B_first_seed3009,B_first,3009,post_washout,test-0009
9af6eca6,axis1_access_vs_provenance_value-conflict_orderexp_B_first_seed3009,B_first,3009,post_washout,test-0009
7aeeab67,axis1_access_vs_provenance_value-conflict_orderexp_B_first_seed3009,B_first,3009,post_washout,test-0010
e1a9dec2,axis1_access_vs_provenance_value-conflict_orderexp_B_first_seed3009,B_first,3009,post_washout,test-0010
e88abc52,axis1_access_vs_provenance_value-conflict_orderexp_B_first_seed3009,B_first,3009,post_washout,test-0010
8d482b90,axis1_access_vs_provenance_value-conflict_orderexp_B_first_seed3009,B_first,3009,post_washout,test-0010
6cbec3a4,axis1_access_vs_provenance_value-conflict_orderexp_B_first_seed3009,B_first,3009,post_washout,test-0010
7065e208,axis1_access_vs_provenance_value-conflict_orderexp_B_first_seed3009,B_first,3009,post_washout,test-0011
c38554a7,axis1_access_vs_provenance_value-conflict_orderexp_B_first_seed3009,B_first,3009,post_washout,test-0011
95c09d92,axis1_access_vs_provenance_value-conflict_orderexp_B_first_seed3009,B_first,3009,post_washout,test-0011
0bf0bb38,axis1_access_vs_provenance_value-conflict_orderexp_B_first_seed3009,B_first,3009,post_washout,test-0011
7aa36e94,axis1_access_vs_provenance_value-conflict_orderexp_B_first_seed3009,B_first,3009,post_washout,test-0011
4ff76aa9,axis1_access_vs_provenance_value-conflict_orderexp_B_first_seed3009,B_first,3009,post_washout,test-0012
6ae9e272,axis1_access_vs_provenance_value-conflict_orderexp_B_first_seed3009,B_first,3009,post_washout,test-0012
d7b030ff,axis1_access_vs_provenance_value-conflict_orderexp_B_first_seed3009,B_first,3009,post_washout,test-0012
33fd0f17,axis1_access_vs_provenance_value-conflict_orderexp_B_first_seed3009,B_first,3009,post_washout,test-0012
0cd0420f,axis1_access_vs_provenance_value-conflict_orderexp_B_first_seed3009,B_first,3009,post_washout,test-0012
2346c25d,axis1_access_vs_provenance_value-conflict_orderexp_B_first_seed3009,B_first,3009,post_washout,test-0013
b53c59cc,axis1_access_vs_provenance_value-conflict_orderexp_B_first_seed3009,B_first,3009,post_washout,test-0013
36cef960,axis1_access_vs_provenance_value-conflict_orderexp_B_first_seed3009,B_first,3009,post_washout,test-0013
a6ec758c,axis1_access_vs_provenance_value-conflict_orderexp_B_first_seed3009,B_first,3009,post_washout,test-0013
4d042e28,axis1_access_vs_provenance_value-conflict_orderexp_B_first_seed3009,B_first,3009,post_washout,test-0013
c50e69c5,axis1_access_vs_provenance_value-conflict_orderexp_B_first_seed3009,B_first,3009,post_washout,test-0014
f0774783,axis1_access_vs_provenance_value-conflict_orderexp_B_first_seed3009,B_first,3009,post_washout,test-0014
0f03175c,axis1_access_vs_provenance_value-conflict_orderexp_B_first_seed3009,B_first,3009,post_washout,test-0014
9cc0aa48,axis1_access_vs_provenance_value-conflict_orderexp_B_first_seed3009,B_first,3009,post_washout,test-0014
6c0292b1,axis1_access_vs_provenance_value-conflict_orderexp_B_first_seed3009,B_first,3009,post_washout,test-0014
43cb77dd,axis1_access_vs_provenance_value-conflict_orderexp_B_first_seed3009,B_first,3009,post_washout,test-0015
b2560259,axis1_access_vs_provenance_value-conflict_orderexp_B_first_seed3009,B_first,3009,post_washout,test-0015
73646f15,axis1_access_vs_provenance_value-conflict_orderexp_B_first_seed3009,B_first,3009,post_washout,test-0015
e06ca6de,axis1_access_vs_provenance_value-conflict_orderexp_B_first_seed3009,B_first,3009,post_washout,test-0015
af749907,axis1_access_vs_provenance_value-conflict_orderexp_B_first_seed3009,B_first,3009,post_washout,test-0015
80c77ddd,axis1_access_vs_provenance_value-conflict_orderexp_B_first_seed3009,B_first,3009,post_washout,test-0016
f57c653c,axis1_access_vs_provenance_value-conflict_orderexp_B_first_seed3009,B_first,3009,post_washout,test-0016
7c89eeea,axis1_access_vs_provenance_value-conflict_orderexp_B_first_seed3009,B_first,3009,post_washout,test-0016
1c2a978f,axis1_access_vs_provenance_value-conflict_orderexp_B_first_seed3009,B_first,3009,post_washout,test-0016
4890de5d,axis1_access_vs_provenance_value-conflict_orderexp_B_first_seed3009,B_first,3009,post_washout,test-0016
cc07ed60,axis1_access_vs_provenance_value-conflict_orderexp_B_first_seed3009,B_first,3009,post_washout,test-0017
b7128ea4,axis1_access_vs_provenance_value-conflict_orderexp_B_first_seed3009,B_first,3009,post_washout,test-0017
15b054d2,axis1_access_vs_provenance_value-conflict_orderexp_B_first_seed3009,B_first,3009,post_washout,test-0017
0b1b773f,axis1_access_vs_provenance_value-conflict_orderexp_B_first_seed3009,B_first,3009,post_washout,test-0017
52bc2b06,axis1_access_vs_provenance_value-conflict_orderexp_B_first_seed3009,B_first,3009,post_washout,test-0017
e010826a,axis1_access_vs_provenance_value-conflict_orderexp_B_first_seed3009,B_first,3009,post_washout,test-0018
a5f54684,axis1_access_vs_provenance_value-conflict_orderexp_B_first_seed3009,B_first,3009,post_washout,test-0018
f16e8cc2,axis1_access_vs_provenance_value-conflict_orderexp_B_first_seed3009,B_first,3009,post_washout,test-0018
6f121380,axis1_access_vs_provenance_value-conflict_orderexp_B_first_seed3009,B_first,3009,post_washout,test-0018
cf3deed6,axis1_access_vs_provenance_value-conflict_orderexp_B_first_seed3009,B_first,3009,post_washout,test-0018
54763df2,axis1_access_vs_provenance_value-conflict_orderexp_B_first_seed3009,B_first,3009,post_washout,test-0019
22460755,axis1_access_vs_provenance_value-conflict_orderexp_B_first_seed3009,B_first,3009,post_washout,test-0019
e60ab654,axis1_access_vs_provenance_value-conflict_orderexp_B_first_seed3009,B_first,3009,post_washout,test-0019
cd60a63e,axis1_access_vs_provenance_value-conflict_orderexp_B_first_seed3009,B_first,3009,post_washout,test-0019
63095642,axis1_access_vs_provenance_value-conflict_orderexp_B_first_seed3009,B_first,3009,post_washout,test-0019
5b2e9069,axis1_access_vs_provenance_value-conflict_orderexp_B_first_seed3009,B_first,3009,post_washout,test-0020
73463cf4,axis1_access_vs_provenance_value-conflict_orderexp_B_first_seed3009,B_first,3009,post_washout,test-0020
0a5f1fea,axis1_access_vs_provenance_value-conflict_orderexp_B_first_seed3009,B_first,3009,post_washout,test-0020
509ed063,axis1_access_vs_provenance_value-conflict_orderexp_B_first_seed3009,B_first,3009,post_washout,test-0020
ee89e509,axis1_access_vs_provenance_value-conflict_orderexp_B_first_seed3009,B_first,3009,post_washout,test-0020
56dd99b1,axis1_access_vs_provenance_value-conflict_orderexp_B_first_seed3009,B_first,3009,post_washout,test-0021
b36c3f4a,axis1_access_vs_provenance_value-conflict_orderexp_B_first_seed3009,B_first,3009,post_washout,test-0021
11f0f449,axis1_access_vs_provenance_value-conflict_orderexp_B_first_seed3009,B_first,3009,post_washout,test-0021
1d221fc2,axis1_access_vs_provenance_value-conflict_orderexp_B_first_seed3009,B_first,3009,post_washout,test-0021
52deb177,axis1_access_vs_provenance_value-conflict_orderexp_B_first_seed3009,B_first,3009,post_washout,test-0021
fb1ba305,axis1_access_vs_provenance_value-conflict_orderexp_B_first_seed3009,B_first,3009,post_washout,test-0022
9762770a,axis1_access_vs_provenance_value-conflict_orderexp_B_first_seed3009,B_first,3009,post_washout,test-0022
91c739f6,axis1_access_vs_provenance_value-conflict_orderexp_B_first_seed3009,B_first,3009,post_washout,test-0022
2145ea3b,axis1_access_vs_provenance_value-conflict_orderexp_B_first_seed3009,B_first,3009,post_washout,test-0022
2f9216af,axis1_access_vs_provenance_value-conflict_orderexp_B_first_seed3009,B_first,3009,post_washout,test-0022
e9bf016d,axis1_access_vs_provenance_value-conflict_orderexp_B_first_seed3009,B_first,3009,post_washout,test-0023
0a7bbcb4,axis1_access_vs_provenance_value-conflict_orderexp_B_first_seed3009,B_first,3009,post_washout,test-0023
a0a7f748,axis1_access_vs_provenance_value-conflict_orderexp_B_first_seed3009,B_first,3009,post_washout,test-0023
011203e4,axis1_access_vs_provenance_value-conflict_orderexp_B_first_seed3009,B_first,3009,post_washout,test-0023
ffeb1d62,axis1_access_vs_provenance_value-conflict_orderexp_B_first_seed3009,B_first,3009,post_washout,test-0023
a3d2f2ec,axis1_access_vs_provenance_value-conflict_orderexp_B_first_seed3009,B_first,3009,post_washout,test-0024
11acbeea,axis1_access_vs_provenance_value-conflict_orderexp_B_first_seed3009,B_first,3009,post_washout,test-0024
c5813ef3,axis1_access_vs_provenance_value-conflict_orderexp_B_first_seed3009,B_first,3009,post_washout,test-0024
6bd6f132,axis1_access_vs_provenance_value-conflict_orderexp_B_first_seed3009,B_first,3009,post_washout,test-0024
820c2731,axis1_access_vs_provenance_value-conflict_orderexp_B_first_seed3009,B_first,3009,post_washout,test-0024
164a550d,axis1_access_vs_provenance_value-conflict_orderexp_B_first_seed3010,B_first,3010,post_washout,test-0001
fa51f8cc,axis1_access_vs_provenance_value-conflict_orderexp_B_first_seed3010,B_first,3010,post_washout,test-0001
325c3da2,axis1_access_vs_provenance_value-conflict_orderexp_B_first_seed3010,B_first,3010,post_washout,test-0001
05129851,axis1_access_vs_provenance_value-conflict_orderexp_B_first_seed3010,B_first,3010,post_washout,test-0001
8b2793ef,axis1_access_vs_provenance_value-conflict_orderexp_B_first_seed3010,B_first,3010,post_washout,test-0001
031978c1,axis1_access_vs_provenance_value-conflict_orderexp_B_first_seed3010,B_first,3010,post_washout,test-0002
3d5edd36,axis1_access_vs_provenance_value-conflict_orderexp_B_first_seed3010,B_first,3010,post_washout,test-0002
2d84547d,axis1_access_vs_provenance_value-conflict_orderexp_B_first_seed3010,B_first,3010,post_washout,test-0002
5a9fafa0,axis1_access_vs_provenance_value-conflict_orderexp_B_first_seed3010,B_first,3010,post_washout,test-0002
46ed41e8,axis1_access_vs_provenance_value-conflict_orderexp_B_first_seed3010,B_first,3010,post_washout,test-0002
a0e9d166,axis1_access_vs_provenance_value-conflict_orderexp_B_first_seed3010,B_first,3010,post_washout,test-0003
c86fe811,axis1_access_vs_provenance_value-conflict_orderexp_B_first_seed3010,B_first,3010,post_washout,test-0003
e671c605,axis1_access_vs_provenance_value-conflict_orderexp_B_first_seed3010,B_first,3010,post_washout,test-0003
0f6ab10d,axis1_access_vs_provenance_value-conflict_orderexp_B_first_seed3010,B_first,3010,post_washout,test-0003
3abb7fad,axis1_access_vs_provenance_value-conflict_orderexp_B_first_seed3010,B_first,3010,post_washout,test-0003
4f56887a,axis1_access_vs_provenance_value-conflict_orderexp_B_first_seed3010,B_first,3010,post_washout,test-0004
2d17a9c3,axis1_access_vs_provenance_value-conflict_orderexp_B_first_seed3010,B_first,3010,post_washout,test-0004
1320a606,axis1_access_vs_provenance_value-conflict_orderexp_B_first_seed3010,B_first,3010,post_washout,test-0004
0d4ca89d,axis1_access_vs_provenance_value-conflict_orderexp_B_first_seed3010,B_first,3010,post_washout,test-0004
792cd16c,axis1_access_vs_provenance_value-conflict_orderexp_B_first_seed3010,B_first,3010,post_washout,test-0004
b590edf2,axis1_access_vs_provenance_value-conflict_orderexp_B_first_seed3010,B_first,3010,post_washout,test-0005
ab733fa0,axis1_access_vs_provenance_value-conflict_orderexp_B_first_seed3010,B_first,3010,post_washout,test-0005
09a048e8,axis1_access_vs_provenance_value-conflict_orderexp_B_first_seed3010,B_first,3010,post_washout,test-0005
fc5f2d6b,axis1_access_vs_provenance_value-conflict_orderexp_B_first_seed3010,B_first,3010,post_washout,test-0005
f0b52b7a,axis1_access_vs_provenance_value-conflict_orderexp_B_first_seed3010,B_first,3010,post_washout,test-0005
f2c7e3aa,axis1_access_vs_provenance_value-conflict_orderexp_B_first_seed3010,B_first,3010,post_washout,test-0006
9304b7b5,axis1_access_vs_provenance_value-conflict_orderexp_B_first_seed3010,B_first,3010,post_washout,test-0006
0899a929,axis1_access_vs_provenance_value-conflict_orderexp_B_first_seed3010,B_first,3010,post_washout,test-0006
310e7436,axis1_access_vs_provenance_value-conflict_orderexp_B_first_seed3010,B_first,3010,post_washout,test-0006
9d0518e5,axis1_access_vs_provenance_value-conflict_orderexp_B_first_seed3010,B_first,3010,post_washout,test-0006
20ff1005,axis1_access_vs_provenance_value-conflict_orderexp_B_first_seed3010,B_first,3010,post_washout,test-0007
5956aa76,axis1_access_vs_provenance_value-conflict_orderexp_B_first_seed3010,B_first,3010,post_washout,test-0007
bd2641fe,axis1_access_vs_provenance_value-conflict_orderexp_B_first_seed3010,B_first,3010,post_washout,test-0007
1af68cc8,axis1_access_vs_provenance_value-conflict_orderexp_B_first_seed3010,B_first,3010,post_washout,test-0007
83ef7409,axis1_access_vs_provenance_value-conflict_orderexp_B_first_seed3010,B_first,3010,post_washout,test-0007
b83e47d9,axis1_access_vs_provenance_value-conflict_orderexp_B_first_seed3010,B_first,3010,post_washout,test-0008
24af3258,axis1_access_vs_provenance_value-conflict_orderexp_B_first_seed3010,B_first,3010,post_washout,test-0008
fa6facff,axis1_access_vs_provenance_value-conflict_orderexp_B_first_seed3010,B_first,3010,post_washout,test-0008
22b33dc9,axis1_access_vs_provenance_value-conflict_orderexp_B_first_seed3010,B_first,3010,post_washout,test-0008
0766637e,axis1_access_vs_provenance_value-conflict_orderexp_B_first_seed3010,B_first,3010,post_washout,test-0008
4b04fb92,axis1_access_vs_provenance_value-conflict_orderexp_B_first_seed3010,B_first,3010,post_washout,test-0009
6a16811c,axis1_access_vs_provenance_value-conflict_orderexp_B_first_seed3010,B_first,3010,post_washout,test-0009
d830ee7a,axis1_access_vs_provenance_value-conflict_orderexp_B_first_seed3010,B_first,3010,post_washout,test-0009
5597d5e7,axis1_access_vs_provenance_value-conflict_orderexp_B_first_seed3010,B_first,3010,post_washout,test-0009
524ab597,axis1_access_vs_provenance_value-conflict_orderexp_B_first_seed3010,B_first,3010,post_washout,test-0009
cd7c4bac,axis1_access_vs_provenance_value-conflict_orderexp_B_first_seed3010,B_first,3010,post_washout,test-0010
c4075256,axis1_access_vs_provenance_value-conflict_orderexp_B_first_seed3010,B_first,3010,post_washout,test-0010
aff8c16b,axis1_access_vs_provenance_value-conflict_orderexp_B_first_seed3010,B_first,3010,post_washout,test-0010
09a81484,axis1_access_vs_provenance_value-conflict_orderexp_B_first_seed3010,B_first,3010,post_washout,test-0010
098a09e8,axis1_access_vs_provenance_value-conflict_orderexp_B_first_seed3010,B_first,3010,post_washout,test-0010
347f15ab,axis1_access_vs_provenance_value-conflict_orderexp_B_first_seed3010,B_first,3010,post_washout,test-0011
5fc6d690,axis1_access_vs_provenance_value-conflict_orderexp_B_first_seed3010,B_first,3010,post_washout,test-0011
d14013cc,axis1_access_vs_provenance_value-conflict_orderexp_B_first_seed3010,B_first,3010,post_washout,test-0011
7df6b749,axis1_access_vs_provenance_value-conflict_orderexp_B_first_seed3010,B_first,3010,post_washout,test-0011
76446317,axis1_access_vs_provenance_value-conflict_orderexp_B_first_seed3010,B_first,3010,post_washout,test-0011
0652f289,axis1_access_vs_provenance_value-conflict_orderexp_B_first_seed3010,B_first,3010,post_washout,test-0012
bbc9ae08,axis1_access_vs_provenance_value-conflict_orderexp_B_first_seed3010,B_first,3010,post_washout,test-0012
e1854faa,axis1_access_vs_provenance_value-conflict_orderexp_B_first_seed3010,B_first,3010,post_washout,test-0012
fc414467,axis1_access_vs_provenance_value-conflict_orderexp_B_first_seed3010,B_first,3010,post_washout,test-0012
bff44179,axis1_access_vs_provenance_value-conflict_orderexp_B_first_seed3010,B_first,3010,post_washout,test-0012
4fc7d95a,axis1_access_vs_provenance_value-conflict_orderexp_B_first_seed3010,B_first,3010,post_washout,test-0013
a3356493,axis1_access_vs_provenance_value-conflict_orderexp_B_first_seed3010,B_first,3010,post_washout,test-0013
a58dbb42,axis1_access_vs_provenance_value-conflict_orderexp_B_first_seed3010,B_first,3010,post_washout,test-0013
9627ec1b,axis1_access_vs_provenance_value-conflict_orderexp_B_first_seed3010,B_first,3010,post_washout,test-0013
c1096f87,axis1_access_vs_provenance_value-conflict_orderexp_B_first_seed3010,B_first,3010,post_washout,test-0013
7bd9189c,axis1_access_vs_provenance_value-conflict_orderexp_B_first_seed3010,B_first,3010,post_washout,test-0014
b8005366,axis1_access_vs_provenance_value-conflict_orderexp_B_first_seed3010,B_first,3010,post_washout,test-0014
b9b62a95,axis1_access_vs_provenance_value-conflict_orderexp_B_first_seed3010,B_first,3010,post_washout,test-0014
d440c8ad,axis1_access_vs_provenance_value-conflict_orderexp_B_first_seed3010,B_first,3010,post_washout,test-0014
0f95c7fe,axis1_access_vs_provenance_value-conflict_orderexp_B_first_seed3010,B_first,3010,post_washout,test-0014
95745c87,axis1_access_vs_provenance_value-conflict_orderexp_B_first_seed3010,B_first,3010,post_washout,test-0015
dcdf04a1,axis1_access_vs_provenance_value-conflict_orderexp_B_first_seed3010,B_first,3010,post_washout,test-0015
a7030adb,axis1_access_vs_provenance_value-conflict_orderexp_B_first_seed3010,B_first,3010,post_washout,test-0015
a8831b76,axis1_access_vs_provenance_value-conflict_orderexp_B_first_seed3010,B_first,3010,post_washout,test-0015
2b9c6195,axis1_access_vs_provenance_value-conflict_orderexp_B_first_seed3010,B_first,3010,post_washout,test-0015
6194c6ea,axis1_access_vs_provenance_value-conflict_orderexp_B_first_seed3010,B_first,3010,post_washout,test-0016
f1c87367,axis1_access_vs_provenance_value-conflict_orderexp_B_first_seed3010,B_first,3010,post_washout,test-0016
f31dd6a4,axis1_access_vs_provenance_value-conflict_orderexp_B_first_seed3010,B_first,3010,post_washout,test-0016
3bfc62fa,axis1_access_vs_provenance_value-conflict_orderexp_B_first_seed3010,B_first,3010,post_washout,test-0016
e50f84ce,axis1_access_vs_provenance_value-conflict_orderexp_B_first_seed3010,B_first,3010,post_washout,test-0016
8c2d1c02,axis1_access_vs_provenance_value-conflict_orderexp_B_first_seed3010,B_first,3010,post_washout,test-0017
ce572aaa,axis1_access_vs_provenance_value-conflict_orderexp_B_first_seed3010,B_first,3010,post_washout,test-0017
61ae6a33,axis1_access_vs_provenance_value-conflict_orderexp_B_first_seed3010,B_first,3010,post_washout,test-0017
a038e66e,axis1_access_vs_provenance_value-conflict_orderexp_B_first_seed3010,B_first,3010,post_washout,test-0017
eb994b32,axis1_access_vs_provenance_value-conflict_orderexp_B_first_seed3010,B_first,3010,post_washout,test-0017
80bf72b5,axis1_access_vs_provenance_value-conflict_orderexp_B_first_seed3010,B_first,3010,post_washout,test-0018
79cfbdef,axis1_access_vs_provenance_value-conflict_orderexp_B_first_seed3010,B_first,3010,post_washout,test-0018
8670e450,axis1_access_vs_provenance_value-conflict_orderexp_B_first_seed3010,B_first,3010,post_washout,test-0018
6e6abfb4,axis1_access_vs_provenance_value-conflict_orderexp_B_first_seed3010,B_first,3010,post_washout,test-0018
f98df3b5,axis1_access_vs_provenance_value-conflict_orderexp_B_first_seed3010,B_first,3010,post_washout,test-0018
c20b76e3,axis1_access_vs_provenance_value-conflict_orderexp_B_first_seed3010,B_first,3010,post_washout,test-0019
5ad6604a,axis1_access_vs_provenance_value-conflict_orderexp_B_first_seed3010,B_first,3010,post_washout,test-0019
e158c3c6,axis1_access_vs_provenance_value-conflict_orderexp_B_first_seed3010,B_first,3010,post_washout,test-0019
9298489f,axis1_access_vs_provenance_value-conflict_orderexp_B_first_seed3010,B_first,3010,post_washout,test-0019
fb50a7d7,axis1_access_vs_provenance_value-conflict_orderexp_B_first_seed3010,B_first,3010,post_washout,test-0019
13848917,axis1_access_vs_provenance_value-conflict_orderexp_B_first_seed3010,B_first,3010,post_washout,test-0020
953ac901,axis1_access_vs_provenance_value-conflict_orderexp_B_first_seed3010,B_first,3010,post_washout,test-0020
d6ba93ac,axis1_access_vs_provenance_value-conflict_orderexp_B_first_seed3010,B_first,3010,post_washout,test-0020
79ce4384,axis1_access_vs_provenance_value-conflict_orderexp_B_first_seed3010,B_first,3010,post_washout,test-0020
a33a63ae,axis1_access_vs_provenance_value-conflict_orderexp_B_first_seed3010,B_first,3010,post_washout,test-0020
648d33a8,axis1_access_vs_provenance_value-conflict_orderexp_B_first_seed3010,B_first,3010,post_washout,test-0021
8735cfcd,axis1_access_vs_provenance_value-conflict_orderexp_B_first_seed3010,B_first,3010,post_washout,test-0021
d72ebdd8,axis1_access_vs_provenance_value-conflict_orderexp_B_first_seed3010,B_first,3010,post_washout,test-0021
f0049959,axis1_access_vs_provenance_value-conflict_orderexp_B_first_seed3010,B_first,3010,post_washout,test-0021
7597805e,axis1_access_vs_provenance_value-conflict_orderexp_B_first_seed3010,B_first,3010,post_washout,test-0021
2d157e25,axis1_access_vs_provenance_value-conflict_orderexp_B_first_seed3010,B_first,3010,post_washout,test-0022
1ec62f73,axis1_access_vs_provenance_value-conflict_orderexp_B_first_seed3010,B_first,3010,post_washout,test-0022
dbac9931,axis1_access_vs_provenance_value-conflict_orderexp_B_first_seed3010,B_first,3010,post_washout,test-0022
5f557056,axis1_access_vs_provenance_value-conflict_orderexp_B_first_seed3010,B_first,3010,post_washout,test-0022
74faaa74,axis1_access_vs_provenance_value-conflict_orderexp_B_first_seed3010,B_first,3010,post_washout,test-0022
674f8467,axis1_access_vs_provenance_value-conflict_orderexp_B_first_seed3010,B_first,3010,post_washout,test-0023
71ca649f,axis1_access_vs_provenance_value-conflict_orderexp_B_first_seed3010,B_first,3010,post_washout,test-0023
db971d52,axis1_access_vs_provenance_value-conflict_orderexp_B_first_seed3010,B_first,3010,post_washout,test-0023
da396583,axis1_access_vs_provenance_value-conflict_orderexp_B_first_seed3010,B_first,3010,post_washout,test-0023
15a9910c,axis1_access_vs_provenance_value-conflict_orderexp_B_first_seed3010,B_first,3010,post_washout,test-0023
ce282d00,axis1_access_vs_provenance_value-conflict_orderexp_B_first_seed3010,B_first,3010,post_washout,test-0024
093feaae,axis1_access_vs_provenance_value-conflict_orderexp_B_first_seed3010,B_first,3010,post_washout,test-0024
a94e6a85,axis1_access_vs_provenance_value-conflict_orderexp_B_first_seed3010,B_first,3010,post_washout,test-0024
9ad85545,axis1_access_vs_provenance_value-conflict_orderexp_B_first_seed3010,B_first,3010,post_washout,test-0024
dbd1b6ad,axis1_access_vs_provenance_value-conflict_orderexp_B_first_seed3010,B_first,3010,post_washout,test-0024
262dfe85,axis1_access_vs_provenance_value-conflict_orderexp_interleaved_seed3001,interleaved,3001,post_washout,test-0001
76e8d960,axis1_access_vs_provenance_value-conflict_orderexp_interleaved_seed3001,interleaved,3001,post_washout,test-0001
38f9e33c,axis1_access_vs_provenance_value-conflict_orderexp_interleaved_seed3001,interleaved,3001,post_washout,test-0001
bf80b27d,axis1_access_vs_provenance_value-conflict_orderexp_interleaved_seed3001,interleaved,3001,post_washout,test-0001
32cb55c3,axis1_access_vs_provenance_value-conflict_orderexp_interleaved_seed3001,interleaved,3001,post_washout,test-0001
e62aa59f,axis1_access_vs_provenance_value-conflict_orderexp_interleaved_seed3001,interleaved,3001,post_washout,test-0002
f2a02c26,axis1_access_vs_provenance_value-conflict_orderexp_interleaved_seed3001,interleaved,3001,post_washout,test-0002
8670db68,axis1_access_vs_provenance_value-conflict_orderexp_interleaved_seed3001,interleaved,3001,post_washout,test-0002
dc17ab66,axis1_access_vs_provenance_value-conflict_orderexp_interleaved_seed3001,interleaved,3001,post_washout,test-0002
9896df24,axis1_access_vs_provenance_value-conflict_orderexp_interleaved_seed3001,interleaved,3001,post_washout,test-0002
1e415075,axis1_access_vs_provenance_value-conflict_orderexp_interleaved_seed3001,interleaved,3001,post_washout,test-0003
cfb65c04,axis1_access_vs_provenance_value-conflict_orderexp_interleaved_seed3001,interleaved,3001,post_washout,test-0003
b518c59d,axis1_access_vs_provenance_value-conflict_orderexp_interleaved_seed3001,interleaved,3001,post_washout,test-0003
df43b17d,axis1_access_vs_provenance_value-conflict_orderexp_interleaved_seed3001,interleaved,3001,post_washout,test-0003
e312babf,axis1_access_vs_provenance_value-conflict_orderexp_interleaved_seed3001,interleaved,3001,post_washout,test-0003
1a1c6e51,axis1_access_vs_provenance_value-conflict_orderexp_interleaved_seed3001,interleaved,3001,post_washout,test-0004
27966e27,axis1_access_vs_provenance_value-conflict_orderexp_interleaved_seed3001,interleaved,3001,post_washout,test-0004
66f89a5c,axis1_access_vs_provenance_value-conflict_orderexp_interleaved_seed3001,interleaved,3001,post_washout,test-0004
c6699f3b,axis1_access_vs_provenance_value-conflict_orderexp_interleaved_seed3001,interleaved,3001,post_washout,test-0004
1c558244,axis1_access_vs_provenance_value-conflict_orderexp_interleaved_seed3001,interleaved,3001,post_washout,test-0004
d3469b5c,axis1_access_vs_provenance_value-conflict_orderexp_interleaved_seed3001,interleaved,3001,post_washout,test-0005
9488ebdc,axis1_access_vs_provenance_value-conflict_orderexp_interleaved_seed3001,interleaved,3001,post_washout,test-0005
5b46bee7,axis1_access_vs_provenance_value-conflict_orderexp_interleaved_seed3001,interleaved,3001,post_washout,test-0005
9cd66f74,axis1_access_vs_provenance_value-conflict_orderexp_interleaved_seed3001,interleaved,3001,post_washout,test-0005
7e3e9932,axis1_access_vs_provenance_value-conflict_orderexp_interleaved_seed3001,interleaved,3001,post_washout,test-0005
c765188c,axis1_access_vs_provenance_value-conflict_orderexp_interleaved_seed3001,interleaved,3001,post_washout,test-0006
0035ff65,axis1_access_vs_provenance_value-conflict_orderexp_interleaved_seed3001,interleaved,3001,post_washout,test-0006
9d5d378a,axis1_access_vs_provenance_value-conflict_orderexp_interleaved_seed3001,interleaved,3001,post_washout,test-0006
0bf99276,axis1_access_vs_provenance_value-conflict_orderexp_interleaved_seed3001,interleaved,3001,post_washout,test-0006
e0873cfb,axis1_access_vs_provenance_value-conflict_orderexp_interleaved_seed3001,interleaved,3001,post_washout,test-0006
b5f8a322,axis1_access_vs_provenance_value-conflict_orderexp_interleaved_seed3001,interleaved,3001,post_washout,test-0007
904af7c3,axis1_access_vs_provenance_value-conflict_orderexp_interleaved_seed3001,interleaved,3001,post_washout,test-0007
74ca47a4,axis1_access_vs_provenance_value-conflict_orderexp_interleaved_seed3001,interleaved,3001,post_washout,test-0007
a5508e8c,axis1_access_vs_provenance_value-conflict_orderexp_interleaved_seed3001,interleaved,3001,post_washout,test-0007
059d63df,axis1_access_vs_provenance_value-conflict_orderexp_interleaved_seed3001,interleaved,3001,post_washout,test-0007
3ed9c1a9,axis1_access_vs_provenance_value-conflict_orderexp_interleaved_seed3001,interleaved,3001,post_washout,test-0008
35c6d40b,axis1_access_vs_provenance_value-conflict_orderexp_interleaved_seed3001,interleaved,3001,post_washout,test-0008
6d5d24a6,axis1_access_vs_provenance_value-conflict_orderexp_interleaved_seed3001,interleaved,3001,post_washout,test-0008
a019e9f9,axis1_access_vs_provenance_value-conflict_orderexp_interleaved_seed3001,interleaved,3001,post_washout,test-0008
097e1f3d,axis1_access_vs_provenance_value-conflict_orderexp_interleaved_seed3001,interleaved,3001,post_washout,test-0008
92d510a2,axis1_access_vs_provenance_value-conflict_orderexp_interleaved_seed3001,interleaved,3001,post_washout,test-0009
cd426995,axis1_access_vs_provenance_value-conflict_orderexp_interleaved_seed3001,interleaved,3001,post_washout,test-0009
f120f3af,axis1_access_vs_provenance_value-conflict_orderexp_interleaved_seed3001,interleaved,3001,post_washout,test-0009
1a13bd9a,axis1_access_vs_provenance_value-conflict_orderexp_interleaved_seed3001,interleaved,3001,post_washout,test-0009
be60f171,axis1_access_vs_provenance_value-conflict_orderexp_interleaved_seed3001,interleaved,3001,post_washout,test-0009
8b6ac3bf,axis1_access_vs_provenance_value-conflict_orderexp_interleaved_seed3001,interleaved,3001,post_washout,test-0010
7811541e,axis1_access_vs_provenance_value-conflict_orderexp_interleaved_seed3001,interleaved,3001,post_washout,test-0010
beff6e30,axis1_access_vs_provenance_value-conflict_orderexp_interleaved_seed3001,interleaved,3001,post_washout,test-0010
2951db61,axis1_access_vs_provenance_value-conflict_orderexp_interleaved_seed3001,interleaved,3001,post_washout,test-0010
d91bca72,axis1_access_vs_provenance_value-conflict_orderexp_interleaved_seed3001,interleaved,3001,post_washout,test-0010
220fb807,axis1_access_vs_provenance_value-conflict_orderexp_interleaved_seed3001,interleaved,3001,post_washout,test-0011
d8378579,axis1_access_vs_provenance_value-conflict_orderexp_interleaved_seed3001,interleaved,3001,post_washout,test-0011
35f8cac2,axis1_access_vs_provenance_value-conflict_orderexp_interleaved_seed3001,interleaved,3001,post_washout,test-0011
de8fe269,axis1_access_vs_provenance_value-conflict_orderexp_interleaved_seed3001,interleaved,3001,post_washout,test-0011
c53027a8,axis1_access_vs_provenance_value-conflict_orderexp_interleaved_seed3001,interleaved,3001,post_washout,test-0011
ed2d355f,axis1_access_vs_provenance_value-conflict_orderexp_interleaved_seed3001,interleaved,3001,post_washout,test-0012
5c6c67ef,axis1_access_vs_provenance_value-conflict_orderexp_interleaved_seed3001,interleaved,3001,post_washout,test-0012
0c2e194b,axis1_access_vs_provenance_value-conflict_orderexp_interleaved_seed3001,interleaved,3001,post_washout,test-0012
84aefd08,axis1_access_vs_provenance_value-conflict_orderexp_interleaved_seed3001,interleaved,3001,post_washout,test-0012
4cb09295,axis1_access_vs_provenance_value-conflict_orderexp_interleaved_seed3001,interleaved,3001,post_washout,test-0012
7b79ddcc,axis1_access_vs_provenance_value-conflict_orderexp_interleaved_seed3001,interleaved,3001,post_washout,test-0013
a29a7d6f,axis1_access_vs_provenance_value-conflict_orderexp_interleaved_seed3001,interleaved,3001,post_washout,test-0013
84505683,axis1_access_vs_provenance_value-conflict_orderexp_interleaved_seed3001,interleaved,3001,post_washout,test-0013
5f015677,axis1_access_vs_provenance_value-conflict_orderexp_interleaved_seed3001,interleaved,3001,post_washout,test-0013
aaae3553,axis1_access_vs_provenance_value-conflict_orderexp_interleaved_seed3001,interleaved,3001,post_washout,test-0013
edc4c4a3,axis1_access_vs_provenance_value-conflict_orderexp_interleaved_seed3001,interleaved,3001,post_washout,test-0014
243e3190,axis1_access_vs_provenance_value-conflict_orderexp_interleaved_seed3001,interleaved,3001,post_washout,test-0014
6d58028e,axis1_access_vs_provenance_value-conflict_orderexp_interleaved_seed3001,interleaved,3001,post_washout,test-0014
8d3c2a87,axis1_access_vs_provenance_value-conflict_orderexp_interleaved_seed3001,interleaved,3001,post_washout,test-0014
af6cf4a8,axis1_access_vs_provenance_value-conflict_orderexp_interleaved_seed3001,interleaved,3001,post_washout,test-0014
c7bd5782,axis1_access_vs_provenance_value-conflict_orderexp_interleaved_seed3001,interleaved,3001,post_washout,test-0015
926eb70a,axis1_access_vs_provenance_value-conflict_orderexp_interleaved_seed3001,interleaved,3001,post_washout,test-0015
a92adb3e,axis1_access_vs_provenance_value-conflict_orderexp_interleaved_seed3001,interleaved,3001,post_washout,test-0015
e498273e,axis1_access_vs_provenance_value-conflict_orderexp_interleaved_seed3001,interleaved,3001,post_washout,test-0015
34b6182f,axis1_access_vs_provenance_value-conflict_orderexp_interleaved_seed3001,interleaved,3001,post_washout,test-0015
baca309f,axis1_access_vs_provenance_value-conflict_orderexp_interleaved_seed3001,interleaved,3001,post_washout,test-0016
377dbfc7,axis1_access_vs_provenance_value-conflict_orderexp_interleaved_seed3001,interleaved,3001,post_washout,test-0016
9ad58945,axis1_access_vs_provenance_value-conflict_orderexp_interleaved_seed3001,interleaved,3001,post_washout,test-0016
f65278fc,axis1_access_vs_provenance_value-conflict_orderexp_interleaved_seed3001,interleaved,3001,post_washout,test-0016
8dc9fdeb,axis1_access_vs_provenance_value-conflict_orderexp_interleaved_seed3001,interleaved,3001,post_washout,test-0016
60159be2,axis1_access_vs_provenance_value-conflict_orderexp_interleaved_seed3001,interleaved,3001,post_washout,test-0017
a7dca207,axis1_access_vs_provenance_value-conflict_orderexp_interleaved_seed3001,interleaved,3001,post_washout,test-0017
8cfc1a10,axis1_access_vs_provenance_value-conflict_orderexp_interleaved_seed3001,interleaved,3001,post_washout,test-0017
622e966e,axis1_access_vs_provenance_value-conflict_orderexp_interleaved_seed3001,interleaved,3001,post_washout,test-0017
b5d19cab,axis1_access_vs_provenance_value-conflict_orderexp_interleaved_seed3001,interleaved,3001,post_washout,test-0017
c0be8862,axis1_access_vs_provenance_value-conflict_orderexp_interleaved_seed3001,interleaved,3001,post_washout,test-0018
20904a89,axis1_access_vs_provenance_value-conflict_orderexp_interleaved_seed3001,interleaved,3001,post_washout,test-0018
1b89f797,axis1_access_vs_provenance_value-conflict_orderexp_interleaved_seed3001,interleaved,3001,post_washout,test-0018
a61a59e9,axis1_access_vs_provenance_value-conflict_orderexp_interleaved_seed3001,interleaved,3001,post_washout,test-0018
cde6dd75,axis1_access_vs_provenance_value-conflict_orderexp_interleaved_seed3001,interleaved,3001,post_washout,test-0018
3bccd518,axis1_access_vs_provenance_value-conflict_orderexp_interleaved_seed3001,interleaved,3001,post_washout,test-0019
9d6c5fe2,axis1_access_vs_provenance_value-conflict_orderexp_interleaved_seed3001,interleaved,3001,post_washout,test-0019
549cbe12,axis1_access_vs_provenance_value-conflict_orderexp_interleaved_seed3001,interleaved,3001,post_washout,test-0019
2e0f3db7,axis1_access_vs_provenance_value-conflict_orderexp_interleaved_seed3001,interleaved,3001,post_washout,test-0019
96bac5b7,axis1_access_vs_provenance_value-conflict_orderexp_interleaved_seed3001,interleaved,3001,post_washout,test-0019
05dff72c,axis1_access_vs_provenance_value-conflict_orderexp_interleaved_seed3001,interleaved,3001,post_washout,test-0020
5d7a8baf,axis1_access_vs_provenance_value-conflict_orderexp_interleaved_seed3001,interleaved,3001,post_washout,test-0020
0e0fbd47,axis1_access_vs_provenance_value-conflict_orderexp_interleaved_seed3001,interleaved,3001,post_washout,test-0020
3edad7a7,axis1_access_vs_provenance_value-conflict_orderexp_interleaved_seed3001,interleaved,3001,post_washout,test-0020
6949a041,axis1_access_vs_provenance_value-conflict_orderexp_interleaved_seed3001,interleaved,3001,post_washout,test-0020
f9088481,axis1_access_vs_provenance_value-conflict_orderexp_interleaved_seed3001,interleaved,3001,post_washout,test-0021
79dca047,axis1_access_vs_provenance_value-conflict_orderexp_interleaved_seed3001,interleaved,3001,post_washout,test-0021
18ce7edf,axis1_access_vs_provenance_value-conflict_orderexp_interleaved_seed3001,interleaved,3001,post_washout,test-0021
1f8aa8fc,axis1_access_vs_provenance_value-conflict_orderexp_interleaved_seed3001,interleaved,3001,post_washout,test-0021
5250411d,axis1_access_vs_provenance_value-conflict_orderexp_interleaved_seed3001,interleaved,3001,post_washout,test-0021
5bc16c67,axis1_access_vs_provenance_value-conflict_orderexp_interleaved_seed3001,interleaved,3001,post_washout,test-0022
3f546918,axis1_access_vs_provenance_value-conflict_orderexp_interleaved_seed3001,interleaved,3001,post_washout,test-0022
a1f756a3,axis1_access_vs_provenance_value-conflict_orderexp_interleaved_seed3001,interleaved,3001,post_washout,test-0022
78dabf50,axis1_access_vs_provenance_value-conflict_orderexp_interleaved_seed3001,interleaved,3001,post_washout,test-0022
e593d13f,axis1_access_vs_provenance_value-conflict_orderexp_interleaved_seed3001,interleaved,3001,post_washout,test-0022
b2aa5660,axis1_access_vs_provenance_value-conflict_orderexp_interleaved_seed3001,interleaved,3001,post_washout,test-0023
f65e9cdb,axis1_access_vs_provenance_value-conflict_orderexp_interleaved_seed3001,interleaved,3001,post_washout,test-0023
67b06bc0,axis1_access_vs_provenance_value-conflict_orderexp_interleaved_seed3001,interleaved,3001,post_washout,test-0023
8529919f,axis1_access_vs_provenance_value-conflict_orderexp_interleaved_seed3001,interleaved,3001,post_washout,test-0023
d42da3f7,axis1_access_vs_provenance_value-conflict_orderexp_interleaved_seed3001,interleaved,3001,post_washout,test-0023
8f9ed8dd,axis1_access_vs_provenance_value-conflict_orderexp_interleaved_seed3001,interleaved,3001,post_washout,test-0024
5b2466bb,axis1_access_vs_provenance_value-conflict_orderexp_interleaved_seed3001,interleaved,3001,post_washout,test-0024
07935bc2,axis1_access_vs_provenance_value-conflict_orderexp_interleaved_seed3001,interleaved,3001,post_washout,test-0024
82b84c42,axis1_access_vs_provenance_value-conflict_orderexp_interleaved_seed3001,interleaved,3001,post_washout,test-0024
66459d5c,axis1_access_vs_provenance_value-conflict_orderexp_interleaved_seed3001,interleaved,3001,post_washout,test-0024
feed6dae,axis1_access_vs_provenance_value-conflict_orderexp_interleaved_seed3002,interleaved,3002,post_washout,test-0001
5dd22976,axis1_access_vs_provenance_value-conflict_orderexp_interleaved_seed3002,interleaved,3002,post_washout,test-0001
1e06a4b7,axis1_access_vs_provenance_value-conflict_orderexp_interleaved_seed3002,interleaved,3002,post_washout,test-0001
f8122bc5,axis1_access_vs_provenance_value-conflict_orderexp_interleaved_seed3002,interleaved,3002,post_washout,test-0001
eee97317,axis1_access_vs_provenance_value-conflict_orderexp_interleaved_seed3002,interleaved,3002,post_washout,test-0001
80491181,axis1_access_vs_provenance_value-conflict_orderexp_interleaved_seed3002,interleaved,3002,post_washout,test-0002
eca5b1cf,axis1_access_vs_provenance_value-conflict_orderexp_interleaved_seed3002,interleaved,3002,post_washout,test-0002
b2ebbd24,axis1_access_vs_provenance_value-conflict_orderexp_interleaved_seed3002,interleaved,3002,post_washout,test-0002
e955895c,axis1_access_vs_provenance_value-conflict_orderexp_interleaved_seed3002,interleaved,3002,post_washout,test-0002
6c07981b,axis1_access_vs_provenance_value-conflict_orderexp_interleaved_seed3002,interleaved,3002,post_washout,test-0002
6bde8087,axis1_access_vs_provenance_value-conflict_orderexp_interleaved_seed3002,interleaved,3002,post_washout,test-0003
f604d7ed,axis1_access_vs_provenance_value-conflict_orderexp_interleaved_seed3002,interleaved,3002,post_washout,test-0003
027b0e7c,axis1_access_vs_provenance_value-conflict_orderexp_interleaved_seed3002,interleaved,3002,post_washout,test-0003
4a0a9678,axis1_access_vs_provenance_value-conflict_orderexp_interleaved_seed3002,interleaved,3002,post_washout,test-0003
227c5fdb,axis1_access_vs_provenance_value-conflict_orderexp_interleaved_seed3002,interleaved,3002,post_washout,test-0003
92857703,axis1_access_vs_provenance_value-conflict_orderexp_interleaved_seed3002,interleaved,3002,post_washout,test-0004
c2eca98b,axis1_access_vs_provenance_value-conflict_orderexp_interleaved_seed3002,interleaved,3002,post_washout,test-0004
82668ff6,axis1_access_vs_provenance_value-conflict_orderexp_interleaved_seed3002,interleaved,3002,post_washout,test-0004
384d50e3,axis1_access_vs_provenance_value-conflict_orderexp_interleaved_seed3002,interleaved,3002,post_washout,test-0004
d37e92c1,axis1_access_vs_provenance_value-conflict_orderexp_interleaved_seed3002,interleaved,3002,post_washout,test-0004
7c71b4cf,axis1_access_vs_provenance_value-conflict_orderexp_interleaved_seed3002,interleaved,3002,post_washout,test-0005
98dba7c0,axis1_access_vs_provenance_value-conflict_orderexp_interleaved_seed3002,interleaved,3002,post_washout,test-0005
15e14c83,axis1_access_vs_provenance_value-conflict_orderexp_interleaved_seed3002,interleaved,3002,post_washout,test-0005
ec52d0a9,axis1_access_vs_provenance_value-conflict_orderexp_interleaved_seed3002,interleaved,3002,post_washout,test-0005
1fa8ccd9,axis1_access_vs_provenance_value-conflict_orderexp_interleaved_seed3002,interleaved,3002,post_washout,test-0005
0698248f,axis1_access_vs_provenance_value-conflict_orderexp_interleaved_seed3002,interleaved,3002,post_washout,test-0006
df9e1d84,axis1_access_vs_provenance_value-conflict_orderexp_interleaved_seed3002,interleaved,3002,post_washout,test-0006
1da7005a,axis1_access_vs_provenance_value-conflict_orderexp_interleaved_seed3002,interleaved,3002,post_washout,test-0006
c9e363cf,axis1_access_vs_provenance_value-conflict_orderexp_interleaved_seed3002,interleaved,3002,post_washout,test-0006
9d8789ef,axis1_access_vs_provenance_value-conflict_orderexp_interleaved_seed3002,interleaved,3002,post_washout,test-0006
8974f5a3,axis1_access_vs_provenance_value-conflict_orderexp_interleaved_seed3002,interleaved,3002,post_washout,test-0007
bf1d5181,axis1_access_vs_provenance_value-conflict_orderexp_interleaved_seed3002,interleaved,3002,post_washout,test-0007
3ef7af18,axis1_access_vs_provenance_value-conflict_orderexp_interleaved_seed3002,interleaved,3002,post_washout,test-0007
e5222990,axis1_access_vs_provenance_value-conflict_orderexp_interleaved_seed3002,interleaved,3002,post_washout,test-0007
1966d289,axis1_access_vs_provenance_value-conflict_orderexp_interleaved_seed3002,interleaved,3002,post_washout,test-0007
fe517d89,axis1_access_vs_provenance_value-conflict_orderexp_interleaved_seed3002,interleaved,3002,post_washout,test-0008
54b6075b,axis1_access_vs_provenance_value-conflict_orderexp_interleaved_seed3002,interleaved,3002,post_washout,test-0008
af46e89d,axis1_access_vs_provenance_value-conflict_orderexp_interleaved_seed3002,interleaved,3002,post_washout,test-0008
7d8b202b,axis1_access_vs_provenance_value-conflict_orderexp_interleaved_seed3002,interleaved,3002,post_washout,test-0008
724b8435,axis1_access_vs_provenance_value-conflict_orderexp_interleaved_seed3002,interleaved,3002,post_washout,test-0008
f1671fc6,axis1_access_vs_provenance_value-conflict_orderexp_interleaved_seed3002,interleaved,3002,post_washout,test-0009
8d0f895a,axis1_access_vs_provenance_value-conflict_orderexp_interleaved_seed3002,interleaved,3002,post_washout,test-0009
439c79b3,axis1_access_vs_provenance_value-conflict_orderexp_interleaved_seed3002,interleaved,3002,post_washout,test-0009
bf68a0c2,axis1_access_vs_provenance_value-conflict_orderexp_interleaved_seed3002,interleaved,3002,post_washout,test-0009
1670d034,axis1_access_vs_provenance_value-conflict_orderexp_interleaved_seed3002,interleaved,3002,post_washout,test-0009
71ca0f39,axis1_access_vs_provenance_value-conflict_orderexp_interleaved_seed3002,interleaved,3002,post_washout,test-0010
5d2b9264,axis1_access_vs_provenance_value-conflict_orderexp_interleaved_seed3002,interleaved,3002,post_washout,test-0010
6a9eca61,axis1_access_vs_provenance_value-conflict_orderexp_interleaved_seed3002,interleaved,3002,post_washout,test-0010
bdea47c1,axis1_access_vs_provenance_value-conflict_orderexp_interleaved_seed3002,interleaved,3002,post_washout,test-0010
92cc989b,axis1_access_vs_provenance_value-conflict_orderexp_interleaved_seed3002,interleaved,3002,post_washout,test-0010
9c6747a6,axis1_access_vs_provenance_value-conflict_orderexp_interleaved_seed3002,interleaved,3002,post_washout,test-0011
173e5dde,axis1_access_vs_provenance_value-conflict_orderexp_interleaved_seed3002,interleaved,3002,post_washout,test-0011
b9c810c5,axis1_access_vs_provenance_value-conflict_orderexp_interleaved_seed3002,interleaved,3002,post_washout,test-0011
d21e6d8c,axis1_access_vs_provenance_value-conflict_orderexp_interleaved_seed3002,interleaved,3002,post_washout,test-0011
3fe57a61,axis1_access_vs_provenance_value-conflict_orderexp_interleaved_seed3002,interleaved,3002,post_washout,test-0011
b78419f7,axis1_access_vs_provenance_value-conflict_orderexp_interleaved_seed3002,interleaved,3002,post_washout,test-0012
6c4f3ea8,axis1_access_vs_provenance_value-conflict_orderexp_interleaved_seed3002,interleaved,3002,post_washout,test-0012
e64385fd,axis1_access_vs_provenance_value-conflict_orderexp_interleaved_seed3002,interleaved,3002,post_washout,test-0012
9625e926,axis1_access_vs_provenance_value-conflict_orderexp_interleaved_seed3002,interleaved,3002,post_washout,test-0012
f97889b4,axis1_access_vs_provenance_value-conflict_orderexp_interleaved_seed3002,interleaved,3002,post_washout,test-0012
bb69bb4e,axis1_access_vs_provenance_value-conflict_orderexp_interleaved_seed3002,interleaved,3002,post_washout,test-0013
9e479c10,axis1_access_vs_provenance_value-conflict_orderexp_interleaved_seed3002,interleaved,3002,post_washout,test-0013
5cbe27c2,axis1_access_vs_provenance_value-conflict_orderexp_interleaved_seed3002,interleaved,3002,post_washout,test-0013
9c42a7d0,axis1_access_vs_provenance_value-conflict_orderexp_interleaved_seed3002,interleaved,3002,post_washout,test-0013
d6f886a0,axis1_access_vs_provenance_value-conflict_orderexp_interleaved_seed3002,interleaved,3002,post_washout,test-0013
fc489f85,axis1_access_vs_provenance_value-conflict_orderexp_interleaved_seed3002,interleaved,3002,post_washout,test-0014
44aa196e,axis1_access_vs_provenance_value-conflict_orderexp_interleaved_seed3002,interleaved,3002,post_washout,test-0014
1e2dcb0b,axis1_access_vs_provenance_value-conflict_orderexp_interleaved_seed3002,interleaved,3002,post_washout,test-0014
962c7e27,axis1_access_vs_provenance_value-conflict_orderexp_interleaved_seed3002,interleaved,3002,post_washout,test-0014
b6e21b84,axis1_access_vs_provenance_value-conflict_orderexp_interleaved_seed3002,interleaved,3002,post_washout,test-0014
7657a38e,axis1_access_vs_provenance_value-conflict_orderexp_interleaved_seed3002,interleaved,3002,post_washout,test-0015
c485201d,axis1_access_vs_provenance_value-conflict_orderexp_interleaved_seed3002,interleaved,3002,post_washout,test-0015
56b6d330,axis1_access_vs_provenance_value-conflict_orderexp_interleaved_seed3002,interleaved,3002,post_washout,test-0015
c51176fb,axis1_access_vs_provenance_value-conflict_orderexp_interleaved_seed3002,interleaved,3002,post_washout,test-0015
77d39c5a,axis1_access_vs_provenance_value-conflict_orderexp_interleaved_seed3002,interleaved,3002,post_washout,test-0015
1ffcc1ea,axis1_access_vs_provenance_value-conflict_orderexp_interleaved_seed3002,interleaved,3002,post_washout,test-0016
8059dead,axis1_access_vs_provenance_value-conflict_orderexp_interleaved_seed3002,interleaved,3002,post_washout,test-0016
29f1b99e,axis1_access_vs_provenance_value-conflict_orderexp_interleaved_seed3002,interleaved,3002,post_washout,test-0016
54a9fcab,axis1_access_vs_provenance_value-conflict_orderexp_interleaved_seed3002,interleaved,3002,post_washout,test-0016
1a085e4e,axis1_access_vs_provenance_value-conflict_orderexp_interleaved_seed3002,interleaved,3002,post_washout,test-0016
0e823f5d,axis1_access_vs_provenance_value-conflict_orderexp_interleaved_seed3002,interleaved,3002,post_washout,test-0017
4ccb5c7e,axis1_access_vs_provenance_value-conflict_orderexp_interleaved_seed3002,interleaved,3002,post_washout,test-0017
be2aa5cf,axis1_access_vs_provenance_value-conflict_orderexp_interleaved_seed3002,interleaved,3002,post_washout,test-0017
a8aaae30,axis1_access_vs_provenance_value-conflict_orderexp_interleaved_seed3002,interleaved,3002,post_washout,test-0017
b5789a77,axis1_access_vs_provenance_value-conflict_orderexp_interleaved_seed3002,interleaved,3002,post_washout,test-0017
46caf9c1,axis1_access_vs_provenance_value-conflict_orderexp_interleaved_seed3002,interleaved,3002,post_washout,test-0018
154c43f0,axis1_access_vs_provenance_value-conflict_orderexp_interleaved_seed3002,interleaved,3002,post_washout,test-0018
ddf80b24,axis1_access_vs_provenance_value-conflict_orderexp_interleaved_seed3002,interleaved,3002,post_washout,test-0018
c49f3b11,axis1_access_vs_provenance_value-conflict_orderexp_interleaved_seed3002,interleaved,3002,post_washout,test-0018
eb9da294,axis1_access_vs_provenance_value-conflict_orderexp_interleaved_seed3002,interleaved,3002,post_washout,test-0018
90e378b1,axis1_access_vs_provenance_value-conflict_orderexp_interleaved_seed3002,interleaved,3002,post_washout,test-0019
31c4cb0e,axis1_access_vs_provenance_value-conflict_orderexp_interleaved_seed3002,interleaved,3002,post_washout,test-0019
38335383,axis1_access_vs_provenance_value-conflict_orderexp_interleaved_seed3002,interleaved,3002,post_washout,test-0019
cf232068,axis1_access_vs_provenance_value-conflict_orderexp_interleaved_seed3002,interleaved,3002,post_washout,test-0019
aa276905,axis1_access_vs_provenance_value-conflict_orderexp_interleaved_seed3002,interleaved,3002,post_washout,test-0019
d8c601d1,axis1_access_vs_provenance_value-conflict_orderexp_interleaved_seed3002,interleaved,3002,post_washout,test-0020
7df11c8d,axis1_access_vs_provenance_value-conflict_orderexp_interleaved_seed3002,interleaved,3002,post_washout,test-0020
200cbf3c,axis1_access_vs_provenance_value-conflict_orderexp_interleaved_seed3002,interleaved,3002,post_washout,test-0020
8701e981,axis1_access_vs_provenance_value-conflict_orderexp_interleaved_seed3002,interleaved,3002,post_washout,test-0020
ebc40f76,axis1_access_vs_provenance_value-conflict_orderexp_interleaved_seed3002,interleaved,3002,post_washout,test-0020
401a49d7,axis1_access_vs_provenance_value-conflict_orderexp_interleaved_seed3002,interleaved,3002,post_washout,test-0021
c0387d56,axis1_access_vs_provenance_value-conflict_orderexp_interleaved_seed3002,interleaved,3002,post_washout,test-0021
11171c01,axis1_access_vs_provenance_value-conflict_orderexp_interleaved_seed3002,interleaved,3002,post_washout,test-0021
f9a49641,axis1_access_vs_provenance_value-conflict_orderexp_interleaved_seed3002,interleaved,3002,post_washout,test-0021
b4fb69c7,axis1_access_vs_provenance_value-conflict_orderexp_interleaved_seed3002,interleaved,3002,post_washout,test-0021
a3081d22,axis1_access_vs_provenance_value-conflict_orderexp_interleaved_seed3002,interleaved,3002,post_washout,test-0022
dad89a79,axis1_access_vs_provenance_value-conflict_orderexp_interleaved_seed3002,interleaved,3002,post_washout,test-0022
932983a1,axis1_access_vs_provenance_value-conflict_orderexp_interleaved_seed3002,interleaved,3002,post_washout,test-0022
ca81aa59,axis1_access_vs_provenance_value-conflict_orderexp_interleaved_seed3002,interleaved,3002,post_washout,test-0022
ddfbfbf0,axis1_access_vs_provenance_value-conflict_orderexp_interleaved_seed3002,interleaved,3002,post_washout,test-0022
7ef589c3,axis1_access_vs_provenance_value-conflict_orderexp_interleaved_seed3002,interleaved,3002,post_washout,test-0023
8eb11293,axis1_access_vs_provenance_value-conflict_orderexp_interleaved_seed3002,interleaved,3002,post_washout,test-0023
317cda63,axis1_access_vs_provenance_value-conflict_orderexp_interleaved_seed3002,interleaved,3002,post_washout,test-0023
67282f4e,axis1_access_vs_provenance_value-conflict_orderexp_interleaved_seed3002,interleaved,3002,post_washout,test-0023
eae9e5b8,axis1_access_vs_provenance_value-conflict_orderexp_interleaved_seed3002,interleaved,3002,post_washout,test-0023
179bf9a7,axis1_access_vs_provenance_value-conflict_orderexp_interleaved_seed3002,interleaved,3002,post_washout,test-0024
04472b0d,axis1_access_vs_provenance_value-conflict_orderexp_interleaved_seed3002,interleaved,3002,post_washout,test-0024
acab5611,axis1_access_vs_provenance_value-conflict_orderexp_interleaved_seed3002,interleaved,3002,post_washout,test-0024
ae5d37cc,axis1_access_vs_provenance_value-conflict_orderexp_interleaved_seed3002,interleaved,3002,post_washout,test-0024
dc0dcb9c,axis1_access_vs_provenance_value-conflict_orderexp_interleaved_seed3002,interleaved,3002,post_washout,test-0024
eaa16bcc,axis1_access_vs_provenance_value-conflict_orderexp_interleaved_seed3003,interleaved,3003,post_washout,test-0001
2de8415f,axis1_access_vs_provenance_value-conflict_orderexp_interleaved_seed3003,interleaved,3003,post_washout,test-0001
62ae447c,axis1_access_vs_provenance_value-conflict_orderexp_interleaved_seed3003,interleaved,3003,post_washout,test-0001
3f0c90f7,axis1_access_vs_provenance_value-conflict_orderexp_interleaved_seed3003,interleaved,3003,post_washout,test-0001
8d937421,axis1_access_vs_provenance_value-conflict_orderexp_interleaved_seed3003,interleaved,3003,post_washout,test-0001
92fccbe4,axis1_access_vs_provenance_value-conflict_orderexp_interleaved_seed3003,interleaved,3003,post_washout,test-0002
dda037f9,axis1_access_vs_provenance_value-conflict_orderexp_interleaved_seed3003,interleaved,3003,post_washout,test-0002
9fac0f84,axis1_access_vs_provenance_value-conflict_orderexp_interleaved_seed3003,interleaved,3003,post_washout,test-0002
f0bbe04e,axis1_access_vs_provenance_value-conflict_orderexp_interleaved_seed3003,interleaved,3003,post_washout,test-0002
d25d5cee,axis1_access_vs_provenance_value-conflict_orderexp_interleaved_seed3003,interleaved,3003,post_washout,test-0002
a88fb64d,axis1_access_vs_provenance_value-conflict_orderexp_interleaved_seed3003,interleaved,3003,post_washout,test-0003
e322fa97,axis1_access_vs_provenance_value-conflict_orderexp_interleaved_seed3003,interleaved,3003,post_washout,test-0003
8b9485a6,axis1_access_vs_provenance_value-conflict_orderexp_interleaved_seed3003,interleaved,3003,post_washout,test-0003
ed5b887b,axis1_access_vs_provenance_value-conflict_orderexp_interleaved_seed3003,interleaved,3003,post_washout,test-0003
df99ef21,axis1_access_vs_provenance_value-conflict_orderexp_interleaved_seed3003,interleaved,3003,post_washout,test-0003
521f365c,axis1_access_vs_provenance_value-conflict_orderexp_interleaved_seed3003,interleaved,3003,post_washout,test-0004
e7e2d444,axis1_access_vs_provenance_value-conflict_orderexp_interleaved_seed3003,interleaved,3003,post_washout,test-0004
e0bc0a14,axis1_access_vs_provenance_value-conflict_orderexp_interleaved_seed3003,interleaved,3003,post_washout,test-0004
372b543a,axis1_access_vs_provenance_value-conflict_orderexp_interleaved_seed3003,interleaved,3003,post_washout,test-0004
724442f3,axis1_access_vs_provenance_value-conflict_orderexp_interleaved_seed3003,interleaved,3003,post_washout,test-0004
00b44e1e,axis1_access_vs_provenance_value-conflict_orderexp_interleaved_seed3003,interleaved,3003,post_washout,test-0005
5724fddf,axis1_access_vs_provenance_value-conflict_orderexp_interleaved_seed3003,interleaved,3003,post_washout,test-0005
161f8d2e,axis1_access_vs_provenance_value-conflict_orderexp_interleaved_seed3003,interleaved,3003,post_washout,test-0005
246b42be,axis1_access_vs_provenance_value-conflict_orderexp_interleaved_seed3003,interleaved,3003,post_washout,test-0005
52d20da2,axis1_access_vs_provenance_value-conflict_orderexp_interleaved_seed3003,interleaved,3003,post_washout,test-0005
61df077d,axis1_access_vs_provenance_value-conflict_orderexp_interleaved_seed3003,interleaved,3003,post_washout,test-0006
73a0491e,axis1_access_vs_provenance_value-conflict_orderexp_interleaved_seed3003,interleaved,3003,post_washout,test-0006
8a2a9361,axis1_access_vs_provenance_value-conflict_orderexp_interleaved_seed3003,interleaved,3003,post_washout,test-0006
1b882ca1,axis1_access_vs_provenance_value-conflict_orderexp_interleaved_seed3003,interleaved,3003,post_washout,test-0006
80307428,axis1_access_vs_provenance_value-conflict_orderexp_interleaved_seed3003,interleaved,3003,post_washout,test-0006
b059ada2,axis1_access_vs_provenance_value-conflict_orderexp_interleaved_seed3003,interleaved,3003,post_washout,test-0007
67a0a851,axis1_access_vs_provenance_value-conflict_orderexp_interleaved_seed3003,interleaved,3003,post_washout,test-0007
2949cf77,axis1_access_vs_provenance_value-conflict_orderexp_interleaved_seed3003,interleaved,3003,post_washout,test-0007
8a963b15,axis1_access_vs_provenance_value-conflict_orderexp_interleaved_seed3003,interleaved,3003,post_washout,test-0007
8c640522,axis1_access_vs_provenance_value-conflict_orderexp_interleaved_seed3003,interleaved,3003,post_washout,test-0007
c6df253b,axis1_access_vs_provenance_value-conflict_orderexp_interleaved_seed3003,interleaved,3003,post_washout,test-0008
8009b83a,axis1_access_vs_provenance_value-conflict_orderexp_interleaved_seed3003,interleaved,3003,post_washout,test-0008
febe4fe0,axis1_access_vs_provenance_value-conflict_orderexp_interleaved_seed3003,interleaved,3003,post_washout,test-0008
bac56b05,axis1_access_vs_provenance_value-conflict_orderexp_interleaved_seed3003,interleaved,3003,post_washout,test-0008
862418f5,axis1_access_vs_provenance_value-conflict_orderexp_interleaved_seed3003,interleaved,3003,post_washout,test-0008
5db7f421,axis1_access_vs_provenance_value-conflict_orderexp_interleaved_seed3003,interleaved,3003,post_washout,test-0009
b6cc0359,axis1_access_vs_provenance_value-conflict_orderexp_interleaved_seed3003,interleaved,3003,post_washout,test-0009
f6b9006b,axis1_access_vs_provenance_value-conflict_orderexp_interleaved_seed3003,interleaved,3003,post_washout,test-0009
1b75c418,axis1_access_vs_provenance_value-conflict_orderexp_interleaved_seed3003,interleaved,3003,post_washout,test-0009
403e783b,axis1_access_vs_provenance_value-conflict_orderexp_interleaved_seed3003,interleaved,3003,post_washout,test-0009
6c82a2d4,axis1_access_vs_provenance_value-conflict_orderexp_interleaved_seed3003,interleaved,3003,post_washout,test-0010
ac2c635d,axis1_access_vs_provenance_value-conflict_orderexp_interleaved_seed3003,interleaved,3003,post_washout,test-0010
e0b65641,axis1_access_vs_provenance_value-conflict_orderexp_interleaved_seed3003,interleaved,3003,post_washout,test-0010
06d84487,axis1_access_vs_provenance_value-conflict_orderexp_interleaved_seed3003,interleaved,3003,post_washout,test-0010
3975a6a0,axis1_access_vs_provenance_value-conflict_orderexp_interleaved_seed3003,interleaved,3003,post_washout,test-0010
50c9bff3,axis1_access_vs_provenance_value-conflict_orderexp_interleaved_seed3003,interleaved,3003,post_washout,test-0011
482e40e6,axis1_access_vs_provenance_value-conflict_orderexp_interleaved_seed3003,interleaved,3003,post_washout,test-0011
44802f54,axis1_access_vs_provenance_value-conflict_orderexp_interleaved_seed3003,interleaved,3003,post_washout,test-0011
b2362b55,axis1_access_vs_provenance_value-conflict_orderexp_interleaved_seed3003,interleaved,3003,post_washout,test-0011
7791159a,axis1_access_vs_provenance_value-conflict_orderexp_interleaved_seed3003,interleaved,3003,post_washout,test-0011
ea37c3ac,axis1_access_vs_provenance_value-conflict_orderexp_interleaved_seed3003,interleaved,3003,post_washout,test-0012
0a1da848,axis1_access_vs_provenance_value-conflict_orderexp_interleaved_seed3003,interleaved,3003,post_washout,test-0012
857df230,axis1_access_vs_provenance_value-conflict_orderexp_interleaved_seed3003,interleaved,3003,post_washout,test-0012
cef0ee5b,axis1_access_vs_provenance_value-conflict_orderexp_interleaved_seed3003,interleaved,3003,post_washout,test-0012
b99cf799,axis1_access_vs_provenance_value-conflict_orderexp_interleaved_seed3003,interleaved,3003,post_washout,test-0012
aee0e9ef,axis1_access_vs_provenance_value-conflict_orderexp_interleaved_seed3003,interleaved,3003,post_washout,test-0013
62e394e5,axis1_access_vs_provenance_value-conflict_orderexp_interleaved_seed3003,interleaved,3003,post_washout,test-0013
e57db0b1,axis1_access_vs_provenance_value-conflict_orderexp_interleaved_seed3003,interleaved,3003,post_washout,test-0013
73029f87,axis1_access_vs_provenance_value-conflict_orderexp_interleaved_seed3003,interleaved,3003,post_washout,test-0013
80ff6704,axis1_access_vs_provenance_value-conflict_orderexp_interleaved_seed3003,interleaved,3003,post_washout,test-0013
929d9368,axis1_access_vs_provenance_value-conflict_orderexp_interleaved_seed3003,interleaved,3003,post_washout,test-0014
80f553f3,axis1_access_vs_provenance_value-conflict_orderexp_interleaved_seed3003,interleaved,3003,post_washout,test-0014
c90b4a29,axis1_access_vs_provenance_value-conflict_orderexp_interleaved_seed3003,interleaved,3003,post_washout,test-0014
d6b1ef6a,axis1_access_vs_provenance_value-conflict_orderexp_interleaved_seed3003,interleaved,3003,post_washout,test-0014
49f103db,axis1_access_vs_provenance_value-conflict_orderexp_interleaved_seed3003,interleaved,3003,post_washout,test-0014
5fd53b0d,axis1_access_vs_provenance_value-conflict_orderexp_interleaved_seed3003,interleaved,3003,post_washout,test-0015
0b6a3117,axis1_access_vs_provenance_value-conflict_orderexp_interleaved_seed3003,interleaved,3003,post_washout,test-0015
5e03f7cd,axis1_access_vs_provenance_value-conflict_orderexp_interleaved_seed3003,interleaved,3003,post_washout,test-0015
b0d3f85f,axis1_access_vs_provenance_value-conflict_orderexp_interleaved_seed3003,interleaved,3003,post_washout,test-0015
ea7a1dc8,axis1_access_vs_provenance_value-conflict_orderexp_interleaved_seed3003,interleaved,3003,post_washout,test-0015
ef64b38a,axis1_access_vs_provenance_value-conflict_orderexp_interleaved_seed3003,interleaved,3003,post_washout,test-0016
b1e1cfa7,axis1_access_vs_provenance_value-conflict_orderexp_interleaved_seed3003,interleaved,3003,post_washout,test-0016
a3235078,axis1_access_vs_provenance_value-conflict_orderexp_interleaved_seed3003,interleaved,3003,post_washout,test-0016
b0ab6217,axis1_access_vs_provenance_value-conflict_orderexp_interleaved_seed3003,interleaved,3003,post_washout,test-0016
8d3bbd36,axis1_access_vs_provenance_value-conflict_orderexp_interleaved_seed3003,interleaved,3003,post_washout,test-0016
d6bc3fb1,axis1_access_vs_provenance_value-conflict_orderexp_interleaved_seed3003,interleaved,3003,post_washout,test-0017
c9304dc1,axis1_access_vs_provenance_value-conflict_orderexp_interleaved_seed3003,interleaved,3003,post_washout,test-0017
a0061187,axis1_access_vs_provenance_value-conflict_orderexp_interleaved_seed3003,interleaved,3003,post_washout,test-0017
e376edd9,axis1_access_vs_provenance_value-conflict_orderexp_interleaved_seed3003,interleaved,3003,post_washout,test-0017
7de48152,axis1_access_vs_provenance_value-conflict_orderexp_interleaved_seed3003,interleaved,3003,post_washout,test-0017
4a11fd5a,axis1_access_vs_provenance_value-conflict_orderexp_interleaved_seed3003,interleaved,3003,post_washout,test-0018
cbcd91c9,axis1_access_vs_provenance_value-conflict_orderexp_interleaved_seed3003,interleaved,3003,post_washout,test-0018
ab66e89e,axis1_access_vs_provenance_value-conflict_orderexp_interleaved_seed3003,interleaved,3003,post_washout,test-0018
e6392630,axis1_access_vs_provenance_value-conflict_orderexp_interleaved_seed3003,interleaved,3003,post_washout,test-0018
b32bb7bc,axis1_access_vs_provenance_value-conflict_orderexp_interleaved_seed3003,interleaved,3003,post_washout,test-0018
d89cb82b,axis1_access_vs_provenance_value-conflict_orderexp_interleaved_seed3003,interleaved,3003,post_washout,test-0019
8fd0b620,axis1_access_vs_provenance_value-conflict_orderexp_interleaved_seed3003,interleaved,3003,post_washout,test-0019
9d580edc,axis1_access_vs_provenance_value-conflict_orderexp_interleaved_seed3003,interleaved,3003,post_washout,test-0019
567b4d88,axis1_access_vs_provenance_value-conflict_orderexp_interleaved_seed3003,interleaved,3003,post_washout,test-0019
d2a583c7,axis1_access_vs_provenance_value-conflict_orderexp_interleaved_seed3003,interleaved,3003,post_washout,test-0019
727d6ff0,axis1_access_vs_provenance_value-conflict_orderexp_interleaved_seed3003,interleaved,3003,post_washout,test-0020
ca4fd2be,axis1_access_vs_provenance_value-conflict_orderexp_interleaved_seed3003,interleaved,3003,post_washout,test-0020
6f974442,axis1_access_vs_provenance_value-conflict_orderexp_interleaved_seed3003,interleaved,3003,post_washout,test-0020
74e57997,axis1_access_vs_provenance_value-conflict_orderexp_interleaved_seed3003,interleaved,3003,post_washout,test-0020
e8da5ff4,axis1_access_vs_provenance_value-conflict_orderexp_interleaved_seed3003,interleaved,3003,post_washout,test-0020
45742b38,axis1_access_vs_provenance_value-conflict_orderexp_interleaved_seed3003,interleaved,3003,post_washout,test-0021
52c93061,axis1_access_vs_provenance_value-conflict_orderexp_interleaved_seed3003,interleaved,3003,post_washout,test-0021
f4aabe56,axis1_access_vs_provenance_value-conflict_orderexp_interleaved_seed3003,interleaved,3003,post_washout,test-0021
f6476559,axis1_access_vs_provenance_value-conflict_orderexp_interleaved_seed3003,interleaved,3003,post_washout,test-0021
7796d0e2,axis1_access_vs_provenance_value-conflict_orderexp_interleaved_seed3003,interleaved,3003,post_washout,test-0021
c4dec06a,axis1_access_vs_provenance_value-conflict_orderexp_interleaved_seed3003,interleaved,3003,post_washout,test-0022
ec3c3fa8,axis1_access_vs_provenance_value-conflict_orderexp_interleaved_seed3003,interleaved,3003,post_washout,test-0022
24512afd,axis1_access_vs_provenance_value-conflict_orderexp_interleaved_seed3003,interleaved,3003,post_washout,test-0022
82c11416,axis1_access_vs_provenance_value-conflict_orderexp_interleaved_seed3003,interleaved,3003,post_washout,test-0022
d3c7b890,axis1_access_vs_provenance_value-conflict_orderexp_interleaved_seed3003,interleaved,3003,post_washout,test-0022
d8458e80,axis1_access_vs_provenance_value-conflict_orderexp_interleaved_seed3003,interleaved,3003,post_washout,test-0023
97a4196e,axis1_access_vs_provenance_value-conflict_orderexp_interleaved_seed3003,interleaved,3003,post_washout,test-0023
89ec36f1,axis1_access_vs_provenance_value-conflict_orderexp_interleaved_seed3003,interleaved,3003,post_washout,test-0023
2de7bbe2,axis1_access_vs_provenance_value-conflict_orderexp_interleaved_seed3003,interleaved,3003,post_washout,test-0023
5a9df115,axis1_access_vs_provenance_value-conflict_orderexp_interleaved_seed3003,interleaved,3003,post_washout,test-0023
2f74230d,axis1_access_vs_provenance_value-conflict_orderexp_interleaved_seed3003,interleaved,3003,post_washout,test-0024
7d4fd84f,axis1_access_vs_provenance_value-conflict_orderexp_interleaved_seed3003,interleaved,3003,post_washout,test-0024
a9517fe0,axis1_access_vs_provenance_value-conflict_orderexp_interleaved_seed3003,interleaved,3003,post_washout,test-0024
8ae85fc4,axis1_access_vs_provenance_value-conflict_orderexp_interleaved_seed3003,interleaved,3003,post_washout,test-0024
19d5a69e,axis1_access_vs_provenance_value-conflict_orderexp_interleaved_seed3003,interleaved,3003,post_washout,test-0024
f90f34ba,axis1_access_vs_provenance_value-conflict_orderexp_interleaved_seed3004,interleaved,3004,post_washout,test-0001
6dc24dbc,axis1_access_vs_provenance_value-conflict_orderexp_interleaved_seed3004,interleaved,3004,post_washout,test-0001
aecae886,axis1_access_vs_provenance_value-conflict_orderexp_interleaved_seed3004,interleaved,3004,post_washout,test-0001
93004c4f,axis1_access_vs_provenance_value-conflict_orderexp_interleaved_seed3004,interleaved,3004,post_washout,test-0001
df5ef329,axis1_access_vs_provenance_value-conflict_orderexp_interleaved_seed3004,interleaved,3004,post_washout,test-0001
4247c0b3,axis1_access_vs_provenance_value-conflict_orderexp_interleaved_seed3004,interleaved,3004,post_washout,test-0002
af47100c,axis1_access_vs_provenance_value-conflict_orderexp_interleaved_seed3004,interleaved,3004,post_washout,test-0002
b8b057a6,axis1_access_vs_provenance_value-conflict_orderexp_interleaved_seed3004,interleaved,3004,post_washout,test-0002
8f196568,axis1_access_vs_provenance_value-conflict_orderexp_interleaved_seed3004,interleaved,3004,post_washout,test-0002
3c136f28,axis1_access_vs_provenance_value-conflict_orderexp_interleaved_seed3004,interleaved,3004,post_washout,test-0002
5f0a30e4,axis1_access_vs_provenance_value-conflict_orderexp_interleaved_seed3004,interleaved,3004,post_washout,test-0003
71da5502,axis1_access_vs_provenance_value-conflict_orderexp_interleaved_seed3004,interleaved,3004,post_washout,test-0003
4993f170,axis1_access_vs_provenance_value-conflict_orderexp_interleaved_seed3004,interleaved,3004,post_washout,test-0003
e252db2a,axis1_access_vs_provenance_value-conflict_orderexp_interleaved_seed3004,interleaved,3004,post_washout,test-0003
18f5ae5c,axis1_access_vs_provenance_value-conflict_orderexp_interleaved_seed3004,interleaved,3004,post_washout,test-0003
6fac00b9,axis1_access_vs_provenance_value-conflict_orderexp_interleaved_seed3004,interleaved,3004,post_washout,test-0004
79ceb847,axis1_access_vs_provenance_value-conflict_orderexp_interleaved_seed3004,interleaved,3004,post_washout,test-0004
d43dcfca,axis1_access_vs_provenance_value-conflict_orderexp_interleaved_seed3004,interleaved,3004,post_washout,test-0004
00af393c,axis1_access_vs_provenance_value-conflict_orderexp_interleaved_seed3004,interleaved,3004,post_washout,test-0004
71703ea4,axis1_access_vs_provenance_value-conflict_orderexp_interleaved_seed3004,interleaved,3004,post_washout,test-0004
063aa9c7,axis1_access_vs_provenance_value-conflict_orderexp_interleaved_seed3004,interleaved,3004,post_washout,test-0005
432d0bea,axis1_access_vs_provenance_value-conflict_orderexp_interleaved_seed3004,interleaved,3004,post_washout,test-0005
28978df2,axis1_access_vs_provenance_value-conflict_orderexp_interleaved_seed3004,interleaved,3004,post_washout,test-0005
ee717452,axis1_access_vs_provenance_value-conflict_orderexp_interleaved_seed3004,interleaved,3004,post_washout,test-0005
873c6535,axis1_access_vs_provenance_value-conflict_orderexp_interleaved_seed3004,interleaved,3004,post_washout,test-0005
5d19b94e,axis1_access_vs_provenance_value-conflict_orderexp_interleaved_seed3004,interleaved,3004,post_washout,test-0006
cb5b7a71,axis1_access_vs_provenance_value-conflict_orderexp_interleaved_seed3004,interleaved,3004,post_washout,test-0006
6ddca3d5,axis1_access_vs_provenance_value-conflict_orderexp_interleaved_seed3004,interleaved,3004,post_washout,test-0006
34d54d5d,axis1_access_vs_provenance_value-conflict_orderexp_interleaved_seed3004,interleaved,3004,post_washout,test-0006
b55274b8,axis1_access_vs_provenance_value-conflict_orderexp_interleaved_seed3004,interleaved,3004,post_washout,test-0006
91e968e9,axis1_access_vs_provenance_value-conflict_orderexp_interleaved_seed3004,interleaved,3004,post_washout,test-0007
a050cb00,axis1_access_vs_provenance_value-conflict_orderexp_interleaved_seed3004,interleaved,3004,post_washout,test-0007
0b42f6b3,axis1_access_vs_provenance_value-conflict_orderexp_interleaved_seed3004,interleaved,3004,post_washout,test-0007
86d90b3c,axis1_access_vs_provenance_value-conflict_orderexp_interleaved_seed3004,interleaved,3004,post_washout,test-0007
3aaae94e,axis1_access_vs_provenance_value-conflict_orderexp_interleaved_seed3004,interleaved,3004,post_washout,test-0007
656803fd,axis1_access_vs_provenance_value-conflict_orderexp_interleaved_seed3004,interleaved,3004,post_washout,test-0008
a2696ca7,axis1_access_vs_provenance_value-conflict_orderexp_interleaved_seed3004,interleaved,3004,post_washout,test-0008
1b333d59,axis1_access_vs_provenance_value-conflict_orderexp_interleaved_seed3004,interleaved,3004,post_washout,test-0008
6d7575f5,axis1_access_vs_provenance_value-conflict_orderexp_interleaved_seed3004,interleaved,3004,post_washout,test-0008
7f7a83b3,axis1_access_vs_provenance_value-conflict_orderexp_interleaved_seed3004,interleaved,3004,post_washout,test-0008
9774523a,axis1_access_vs_provenance_value-conflict_orderexp_interleaved_seed3004,interleaved,3004,post_washout,test-0009
0aa81313,axis1_access_vs_provenance_value-conflict_orderexp_interleaved_seed3004,interleaved,3004,post_washout,test-0009
08b1bd6a,axis1_access_vs_provenance_value-conflict_orderexp_interleaved_seed3004,interleaved,3004,post_washout,test-0009
26704033,axis1_access_vs_provenance_value-conflict_orderexp_interleaved_seed3004,interleaved,3004,post_washout,test-0009
5d2c8817,axis1_access_vs_provenance_value-conflict_orderexp_interleaved_seed3004,interleaved,3004,post_washout,test-0009
1d0ecc63,axis1_access_vs_provenance_value-conflict_orderexp_interleaved_seed3004,interleaved,3004,post_washout,test-0010
cf9c5ae9,axis1_access_vs_provenance_value-conflict_orderexp_interleaved_seed3004,interleaved,3004,post_washout,test-0010
55fc9167,axis1_access_vs_provenance_value-conflict_orderexp_interleaved_seed3004,interleaved,3004,post_washout,test-0010
f01acbc9,axis1_access_vs_provenance_value-conflict_orderexp_interleaved_seed3004,interleaved,3004,post_washout,test-0010
2f18936e,axis1_access_vs_provenance_value-conflict_orderexp_interleaved_seed3004,interleaved,3004,post_washout,test-0010
f9c8e41e,axis1_access_vs_provenance_value-conflict_orderexp_interleaved_seed3004,interleaved,3004,post_washout,test-0011
8372b59e,axis1_access_vs_provenance_value-conflict_orderexp_interleaved_seed3004,interleaved,3004,post_washout,test-0011
c34fb86c,axis1_access_vs_provenance_value-conflict_orderexp_interleaved_seed3004,interleaved,3004,post_washout,test-0011
c50aa717,axis1_access_vs_provenance_value-conflict_orderexp_interleaved_seed3004,interleaved,3004,post_washout,test-0011
9ccf4cfd,axis1_access_vs_provenance_value-conflict_orderexp_interleaved_seed3004,interleaved,3004,post_washout,test-0011
d85d5df6,axis1_access_vs_provenance_value-conflict_orderexp_interleaved_seed3004,interleaved,3004,post_washout,test-0012
81212b13,axis1_access_vs_provenance_value-conflict_orderexp_interleaved_seed3004,interleaved,3004,post_washout,test-0012
fe01a5d6,axis1_access_vs_provenance_value-conflict_orderexp_interleaved_seed3004,interleaved,3004,post_washout,test-0012
bcbf24f3,axis1_access_vs_provenance_value-conflict_orderexp_interleaved_seed3004,interleaved,3004,post_washout,test-0012
d8ad1533,axis1_access_vs_provenance_value-conflict_orderexp_interleaved_seed3004,interleaved,3004,post_washout,test-0012
7a520de2,axis1_access_vs_provenance_value-conflict_orderexp_interleaved_seed3004,interleaved,3004,post_washout,test-0013
b38c3ca1,axis1_access_vs_provenance_value-conflict_orderexp_interleaved_seed3004,interleaved,3004,post_washout,test-0013
2db2ca1e,axis1_access_vs_provenance_value-conflict_orderexp_interleaved_seed3004,interleaved,3004,post_washout,test-0013
736688f3,axis1_access_vs_provenance_value-conflict_orderexp_interleaved_seed3004,interleaved,3004,post_washout,test-0013
94a16aa1,axis1_access_vs_provenance_value-conflict_orderexp_interleaved_seed3004,interleaved,3004,post_washout,test-0013
b9da6213,axis1_access_vs_provenance_value-conflict_orderexp_interleaved_seed3004,interleaved,3004,post_washout,test-0014
4a96d03b,axis1_access_vs_provenance_value-conflict_orderexp_interleaved_seed3004,interleaved,3004,post_washout,test-0014
a15a13c3,axis1_access_vs_provenance_value-conflict_orderexp_interleaved_seed3004,interleaved,3004,post_washout,test-0014
13cf7e5f,axis1_access_vs_provenance_value-conflict_orderexp_interleaved_seed3004,interleaved,3004,post_washout,test-0014
343e551e,axis1_access_vs_provenance_value-conflict_orderexp_interleaved_seed3004,interleaved,3004,post_washout,test-0014
5fe6cb7b,axis1_access_vs_provenance_value-conflict_orderexp_interleaved_seed3004,interleaved,3004,post_washout,test-0015
931c6084,axis1_access_vs_provenance_value-conflict_orderexp_interleaved_seed3004,interleaved,3004,post_washout,test-0015
bf99711f,axis1_access_vs_provenance_value-conflict_orderexp_interleaved_seed3004,interleaved,3004,post_washout,test-0015
617e5124,axis1_access_vs_provenance_value-conflict_orderexp_interleaved_seed3004,interleaved,3004,post_washout,test-0015
b9e40506,axis1_access_vs_provenance_value-conflict_orderexp_interleaved_seed3004,interleaved,3004,post_washout,test-0015
e5e80602,axis1_access_vs_provenance_value-conflict_orderexp_interleaved_seed3004,interleaved,3004,post_washout,test-0016
8ccd5db8,axis1_access_vs_provenance_value-conflict_orderexp_interleaved_seed3004,interleaved,3004,post_washout,test-0016
f2878e72,axis1_access_vs_provenance_value-conflict_orderexp_interleaved_seed3004,interleaved,3004,post_washout,test-0016
0399e0a4,axis1_access_vs_provenance_value-conflict_orderexp_interleaved_seed3004,interleaved,3004,post_washout,test-0016
b8e46399,axis1_access_vs_provenance_value-conflict_orderexp_interleaved_seed3004,interleaved,3004,post_washout,test-0016
7b47cc25,axis1_access_vs_provenance_value-conflict_orderexp_interleaved_seed3004,interleaved,3004,post_washout,test-0017
166db23b,axis1_access_vs_provenance_value-conflict_orderexp_interleaved_seed3004,interleaved,3004,post_washout,test-0017
1f708ef2,axis1_access_vs_provenance_value-conflict_orderexp_interleaved_seed3004,interleaved,3004,post_washout,test-0017
e20e491f,axis1_access_vs_provenance_value-conflict_orderexp_interleaved_seed3004,interleaved,3004,post_washout,test-0017
f38ba6db,axis1_access_vs_provenance_value-conflict_orderexp_interleaved_seed3004,interleaved,3004,post_washout,test-0017
8d709a2b,axis1_access_vs_provenance_value-conflict_orderexp_interleaved_seed3004,interleaved,3004,post_washout,test-0018
6d9389cd,axis1_access_vs_provenance_value-conflict_orderexp_interleaved_seed3004,interleaved,3004,post_washout,test-0018
a1d7d24f,axis1_access_vs_provenance_value-conflict_orderexp_interleaved_seed3004,interleaved,3004,post_washout,test-0018
88ce5713,axis1_access_vs_provenance_value-conflict_orderexp_interleaved_seed3004,interleaved,3004,post_washout,test-0018
2717d155,axis1_access_vs_provenance_value-conflict_orderexp_interleaved_seed3004,interleaved,3004,post_washout,test-0018
7eed2b5b,axis1_access_vs_provenance_value-conflict_orderexp_interleaved_seed3004,interleaved,3004,post_washout,test-0019
0c9dcb63,axis1_access_vs_provenance_value-conflict_orderexp_interleaved_seed3004,interleaved,3004,post_washout,test-0019
dce0c62f,axis1_access_vs_provenance_value-conflict_orderexp_interleaved_seed3004,interleaved,3004,post_washout,test-0019
aefd253b,axis1_access_vs_provenance_value-conflict_orderexp_interleaved_seed3004,interleaved,3004,post_washout,test-0019
fa804861,axis1_access_vs_provenance_value-conflict_orderexp_interleaved_seed3004,interleaved,3004,post_washout,test-0019
326425e5,axis1_access_vs_provenance_value-conflict_orderexp_interleaved_seed3004,interleaved,3004,post_washout,test-0020
6e7ff92d,axis1_access_vs_provenance_value-conflict_orderexp_interleaved_seed3004,interleaved,3004,post_washout,test-0020
0533abf7,axis1_access_vs_provenance_value-conflict_orderexp_interleaved_seed3004,interleaved,3004,post_washout,test-0020
229c7765,axis1_access_vs_provenance_value-conflict_orderexp_interleaved_seed3004,interleaved,3004,post_washout,test-0020
cda48295,axis1_access_vs_provenance_value-conflict_orderexp_interleaved_seed3004,interleaved,3004,post_washout,test-0020
a9417326,axis1_access_vs_provenance_value-conflict_orderexp_interleaved_seed3004,interleaved,3004,post_washout,test-0021
c952e9e9,axis1_access_vs_provenance_value-conflict_orderexp_interleaved_seed3004,interleaved,3004,post_washout,test-0021
90978978,axis1_access_vs_provenance_value-conflict_orderexp_interleaved_seed3004,interleaved,3004,post_washout,test-0021
408829aa,axis1_access_vs_provenance_value-conflict_orderexp_interleaved_seed3004,interleaved,3004,post_washout,test-0021
baa7d9e4,axis1_access_vs_provenance_value-conflict_orderexp_interleaved_seed3004,interleaved,3004,post_washout,test-0021
671f1cae,axis1_access_vs_provenance_value-conflict_orderexp_interleaved_seed3004,interleaved,3004,post_washout,test-0022
0256a5be,axis1_access_vs_provenance_value-conflict_orderexp_interleaved_seed3004,interleaved,3004,post_washout,test-0022
bd41c41b,axis1_access_vs_provenance_value-conflict_orderexp_interleaved_seed3004,interleaved,3004,post_washout,test-0022
2dc2bbb7,axis1_access_vs_provenance_value-conflict_orderexp_interleaved_seed3004,interleaved,3004,post_washout,test-0022
1bb68d10,axis1_access_vs_provenance_value-conflict_orderexp_interleaved_seed3004,interleaved,3004,post_washout,test-0022
5e4bb77d,axis1_access_vs_provenance_value-conflict_orderexp_interleaved_seed3004,interleaved,3004,post_washout,test-0023
a68c86ce,axis1_access_vs_provenance_value-conflict_orderexp_interleaved_seed3004,interleaved,3004,post_washout,test-0023
c7aa1ec5,axis1_access_vs_provenance_value-conflict_orderexp_interleaved_seed3004,interleaved,3004,post_washout,test-0023
55236c23,axis1_access_vs_provenance_value-conflict_orderexp_interleaved_seed3004,interleaved,3004,post_washout,test-0023
b3db347c,axis1_access_vs_provenance_value-conflict_orderexp_interleaved_seed3004,interleaved,3004,post_washout,test-0023
474e17ce,axis1_access_vs_provenance_value-conflict_orderexp_interleaved_seed3004,interleaved,3004,post_washout,test-0024
d6d5e6f8,axis1_access_vs_provenance_value-conflict_orderexp_interleaved_seed3004,interleaved,3004,post_washout,test-0024
239fb682,axis1_access_vs_provenance_value-conflict_orderexp_interleaved_seed3004,interleaved,3004,post_washout,test-0024
ddec7e93,axis1_access_vs_provenance_value-conflict_orderexp_interleaved_seed3004,interleaved,3004,post_washout,test-0024
7b8f71c0,axis1_access_vs_provenance_value-conflict_orderexp_interleaved_seed3004,interleaved,3004,post_washout,test-0024
edfa16d8,axis1_access_vs_provenance_value-conflict_orderexp_interleaved_seed3005,interleaved,3005,post_washout,test-0001
e051b787,axis1_access_vs_provenance_value-conflict_orderexp_interleaved_seed3005,interleaved,3005,post_washout,test-0001
f38cf770,axis1_access_vs_provenance_value-conflict_orderexp_interleaved_seed3005,interleaved,3005,post_washout,test-0001
e76ae2b0,axis1_access_vs_provenance_value-conflict_orderexp_interleaved_seed3005,interleaved,3005,post_washout,test-0001
a2d2febf,axis1_access_vs_provenance_value-conflict_orderexp_interleaved_seed3005,interleaved,3005,post_washout,test-0001
674f12bc,axis1_access_vs_provenance_value-conflict_orderexp_interleaved_seed3005,interleaved,3005,post_washout,test-0002
07e5c061,axis1_access_vs_provenance_value-conflict_orderexp_interleaved_seed3005,interleaved,3005,post_washout,test-0002
e5fcbc37,axis1_access_vs_provenance_value-conflict_orderexp_interleaved_seed3005,interleaved,3005,post_washout,test-0002
01ab1ae0,axis1_access_vs_provenance_value-conflict_orderexp_interleaved_seed3005,interleaved,3005,post_washout,test-0002
2176d019,axis1_access_vs_provenance_value-conflict_orderexp_interleaved_seed3005,interleaved,3005,post_washout,test-0002
8f251fa1,axis1_access_vs_provenance_value-conflict_orderexp_interleaved_seed3005,interleaved,3005,post_washout,test-0003
5152f618,axis1_access_vs_provenance_value-conflict_orderexp_interleaved_seed3005,interleaved,3005,post_washout,test-0003
149aa027,axis1_access_vs_provenance_value-conflict_orderexp_interleaved_seed3005,interleaved,3005,post_washout,test-0003
7b69a82d,axis1_access_vs_provenance_value-conflict_orderexp_interleaved_seed3005,interleaved,3005,post_washout,test-0003
337925c1,axis1_access_vs_provenance_value-conflict_orderexp_interleaved_seed3005,interleaved,3005,post_washout,test-0003
2f7d103a,axis1_access_vs_provenance_value-conflict_orderexp_interleaved_seed3005,interleaved,3005,post_washout,test-0004
01e3951d,axis1_access_vs_provenance_value-conflict_orderexp_interleaved_seed3005,interleaved,3005,post_washout,test-0004
6ee6a33a,axis1_access_vs_provenance_value-conflict_orderexp_interleaved_seed3005,interleaved,3005,post_washout,test-0004
02701d6f,axis1_access_vs_provenance_value-conflict_orderexp_interleaved_seed3005,interleaved,3005,post_washout,test-0004
d3cd1819,axis1_access_vs_provenance_value-conflict_orderexp_interleaved_seed3005,interleaved,3005,post_washout,test-0004
bfbdc35b,axis1_access_vs_provenance_value-conflict_orderexp_interleaved_seed3005,interleaved,3005,post_washout,test-0005
693312db,axis1_access_vs_provenance_value-conflict_orderexp_interleaved_seed3005,interleaved,3005,post_washout,test-0005
ee72162d,axis1_access_vs_provenance_value-conflict_orderexp_interleaved_seed3005,interleaved,3005,post_washout,test-0005
92f1960a,axis1_access_vs_provenance_value-conflict_orderexp_interleaved_seed3005,interleaved,3005,post_washout,test-0005
55c9a95e,axis1_access_vs_provenance_value-conflict_orderexp_interleaved_seed3005,interleaved,3005,post_washout,test-0005
94a0271c,axis1_access_vs_provenance_value-conflict_orderexp_interleaved_seed3005,interleaved,3005,post_washout,test-0006
bc924b2e,axis1_access_vs_provenance_value-conflict_orderexp_interleaved_seed3005,interleaved,3005,post_washout,test-0006
f13c7a7d,axis1_access_vs_provenance_value-conflict_orderexp_interleaved_seed3005,interleaved,3005,post_washout,test-0006
3f550cd9,axis1_access_vs_provenance_value-conflict_orderexp_interleaved_seed3005,interleaved,3005,post_washout,test-0006
da1e4337,axis1_access_vs_provenance_value-conflict_orderexp_interleaved_seed3005,interleaved,3005,post_washout,test-0006
5ce04360,axis1_access_vs_provenance_value-conflict_orderexp_interleaved_seed3005,interleaved,3005,post_washout,test-0007
a5faa6b0,axis1_access_vs_provenance_value-conflict_orderexp_interleaved_seed3005,interleaved,3005,post_washout,test-0007
b91100df,axis1_access_vs_provenance_value-conflict_orderexp_interleaved_seed3005,interleaved,3005,post_washout,test-0007
a89209e0,axis1_access_vs_provenance_value-conflict_orderexp_interleaved_seed3005,interleaved,3005,post_washout,test-0007
3176a197,axis1_access_vs_provenance_value-conflict_orderexp_interleaved_seed3005,interleaved,3005,post_washout,test-0007
a01c2231,axis1_access_vs_provenance_value-conflict_orderexp_interleaved_seed3005,interleaved,3005,post_washout,test-0008
bd057ee1,axis1_access_vs_provenance_value-conflict_orderexp_interleaved_seed3005,interleaved,3005,post_washout,test-0008
ba47e4a6,axis1_access_vs_provenance_value-conflict_orderexp_interleaved_seed3005,interleaved,3005,post_washout,test-0008
01ea0789,axis1_access_vs_provenance_value-conflict_orderexp_interleaved_seed3005,interleaved,3005,post_washout,test-0008
3466e96b,axis1_access_vs_provenance_value-conflict_orderexp_interleaved_seed3005,interleaved,3005,post_washout,test-0008
cc13216c,axis1_access_vs_provenance_value-conflict_orderexp_interleaved_seed3005,interleaved,3005,post_washout,test-0009
33b37f06,axis1_access_vs_provenance_value-conflict_orderexp_interleaved_seed3005,interleaved,3005,post_washout,test-0009
a40441c0,axis1_access_vs_provenance_value-conflict_orderexp_interleaved_seed3005,interleaved,3005,post_washout,test-0009
6a51c424,axis1_access_vs_provenance_value-conflict_orderexp_interleaved_seed3005,interleaved,3005,post_washout,test-0009
70308e33,axis1_access_vs_provenance_value-conflict_orderexp_interleaved_seed3005,interleaved,3005,post_washout,test-0009
752e327d,axis1_access_vs_provenance_value-conflict_orderexp_interleaved_seed3005,interleaved,3005,post_washout,test-0010
3719d891,axis1_access_vs_provenance_value-conflict_orderexp_interleaved_seed3005,interleaved,3005,post_washout,test-0010
c43e72bd,axis1_access_vs_provenance_value-conflict_orderexp_interleaved_seed3005,interleaved,3005,post_washout,test-0010
6e36e884,axis1_access_vs_provenance_value-conflict_orderexp_interleaved_seed3005,interleaved,3005,post_washout,test-0010
75437d4c,axis1_access_vs_provenance_value-conflict_orderexp_interleaved_seed3005,interleaved,3005,post_washout,test-0010
6d9241c8,axis1_access_vs_provenance_value-conflict_orderexp_interleaved_seed3005,interleaved,3005,post_washout,test-0011
ba441a6f,axis1_access_vs_provenance_value-conflict_orderexp_interleaved_seed3005,interleaved,3005,post_washout,test-0011
d9c1be35,axis1_access_vs_provenance_value-conflict_orderexp_interleaved_seed3005,interleaved,3005,post_washout,test-0011
a8fde61c,axis1_access_vs_provenance_value-conflict_orderexp_interleaved_seed3005,interleaved,3005,post_washout,test-0011
4496df8b,axis1_access_vs_provenance_value-conflict_orderexp_interleaved_seed3005,interleaved,3005,post_washout,test-0011
9e6d846a,axis1_access_vs_provenance_value-conflict_orderexp_interleaved_seed3005,interleaved,3005,post_washout,test-0012
61965f4c,axis1_access_vs_provenance_value-conflict_orderexp_interleaved_seed3005,interleaved,3005,post_washout,test-0012
f16700b8,axis1_access_vs_provenance_value-conflict_orderexp_interleaved_seed3005,interleaved,3005,post_washout,test-0012
488480a9,axis1_access_vs_provenance_value-conflict_orderexp_interleaved_seed3005,interleaved,3005,post_washout,test-0012
a971b62d,axis1_access_vs_provenance_value-conflict_orderexp_interleaved_seed3005,interleaved,3005,post_washout,test-0012
e180b2e6,axis1_access_vs_provenance_value-conflict_orderexp_interleaved_seed3005,interleaved,3005,post_washout,test-0013
b453b7c8,axis1_access_vs_provenance_value-conflict_orderexp_interleaved_seed3005,interleaved,3005,post_washout,test-0013
4669611a,axis1_access_vs_provenance_value-conflict_orderexp_interleaved_seed3005,interleaved,3005,post_washout,test-0013
8a4c3490,axis1_access_vs_provenance_value-conflict_orderexp_interleaved_seed3005,interleaved,3005,post_washout,test-0013
519504a6,axis1_access_vs_provenance_value-conflict_orderexp_interleaved_seed3005,interleaved,3005,post_washout,test-0013
34cdbf69,axis1_access_vs_provenance_value-conflict_orderexp_interleaved_seed3005,interleaved,3005,post_washout,test-0014
4ee2a126,axis1_access_vs_provenance_value-conflict_orderexp_interleaved_seed3005,interleaved,3005,post_washout,test-0014
650371b7,axis1_access_vs_provenance_value-conflict_orderexp_interleaved_seed3005,interleaved,3005,post_washout,test-0014
96a16f53,axis1_access_vs_provenance_value-conflict_orderexp_interleaved_seed3005,interleaved,3005,post_washout,test-0014
1aca2a0c,axis1_access_vs_provenance_value-conflict_orderexp_interleaved_seed3005,interleaved,3005,post_washout,test-0014
e779d93a,axis1_access_vs_provenance_value-conflict_orderexp_interleaved_seed3005,interleaved,3005,post_washout,test-0015
9b30ca5d,axis1_access_vs_provenance_value-conflict_orderexp_interleaved_seed3005,interleaved,3005,post_washout,test-0015
fb80c9b7,axis1_access_vs_provenance_value-conflict_orderexp_interleaved_seed3005,interleaved,3005,post_washout,test-0015
fde3a17a,axis1_access_vs_provenance_value-conflict_orderexp_interleaved_seed3005,interleaved,3005,post_washout,test-0015
f5cafdd3,axis1_access_vs_provenance_value-conflict_orderexp_interleaved_seed3005,interleaved,3005,post_washout,test-0015
adb193e0,axis1_access_vs_provenance_value-conflict_orderexp_interleaved_seed3005,interleaved,3005,post_washout,test-0016
d96c676e,axis1_access_vs_provenance_value-conflict_orderexp_interleaved_seed3005,interleaved,3005,post_washout,test-0016
450e7f9e,axis1_access_vs_provenance_value-conflict_orderexp_interleaved_seed3005,interleaved,3005,post_washout,test-0016
8c442d87,axis1_access_vs_provenance_value-conflict_orderexp_interleaved_seed3005,interleaved,3005,post_washout,test-0016
09f9fa36,axis1_access_vs_provenance_value-conflict_orderexp_interleaved_seed3005,interleaved,3005,post_washout,test-0016
7af1130c,axis1_access_vs_provenance_value-conflict_orderexp_interleaved_seed3005,interleaved,3005,post_washout,test-0017
9a332b40,axis1_access_vs_provenance_value-conflict_orderexp_interleaved_seed3005,interleaved,3005,post_washout,test-0017
a3966ce4,axis1_access_vs_provenance_value-conflict_orderexp_interleaved_seed3005,interleaved,3005,post_washout,test-0017
f1148016,axis1_access_vs_provenance_value-conflict_orderexp_interleaved_seed3005,interleaved,3005,post_washout,test-0017
dd3a5eaf,axis1_access_vs_provenance_value-conflict_orderexp_interleaved_seed3005,interleaved,3005,post_washout,test-0017
15a79e28,axis1_access_vs_provenance_value-conflict_orderexp_interleaved_seed3005,interleaved,3005,post_washout,test-0018
c63cf6c3,axis1_access_vs_provenance_value-conflict_orderexp_interleaved_seed3005,interleaved,3005,post_washout,test-0018
c6a39b72,axis1_access_vs_provenance_value-conflict_orderexp_interleaved_seed3005,interleaved,3005,post_washout,test-0018
cd8ae136,axis1_access_vs_provenance_value-conflict_orderexp_interleaved_seed3005,interleaved,3005,post_washout,test-0018
15504742,axis1_access_vs_provenance_value-conflict_orderexp_interleaved_seed3005,interleaved,3005,post_washout,test-0018
94d85d19,axis1_access_vs_provenance_value-conflict_orderexp_interleaved_seed3005,interleaved,3005,post_washout,test-0019
f862d2d0,axis1_access_vs_provenance_value-conflict_orderexp_interleaved_seed3005,interleaved,3005,post_washout,test-0019
07449808,axis1_access_vs_provenance_value-conflict_orderexp_interleaved_seed3005,interleaved,3005,post_washout,test-0019
ad91322d,axis1_access_vs_provenance_value-conflict_orderexp_interleaved_seed3005,interleaved,3005,post_washout,test-0019
1bab3ad3,axis1_access_vs_provenance_value-conflict_orderexp_interleaved_seed3005,interleaved,3005,post_washout,test-0019
e935f4fa,axis1_access_vs_provenance_value-conflict_orderexp_interleaved_seed3005,interleaved,3005,post_washout,test-0020
2c6e4b97,axis1_access_vs_provenance_value-conflict_orderexp_interleaved_seed3005,interleaved,3005,post_washout,test-0020
b5d0f7e8,axis1_access_vs_provenance_value-conflict_orderexp_interleaved_seed3005,interleaved,3005,post_washout,test-0020
ec9dd874,axis1_access_vs_provenance_value-conflict_orderexp_interleaved_seed3005,interleaved,3005,post_washout,test-0020
1174c707,axis1_access_vs_provenance_value-conflict_orderexp_interleaved_seed3005,interleaved,3005,post_washout,test-0020
e7444a6f,axis1_access_vs_provenance_value-conflict_orderexp_interleaved_seed3005,interleaved,3005,post_washout,test-0021
9eb59686,axis1_access_vs_provenance_value-conflict_orderexp_interleaved_seed3005,interleaved,3005,post_washout,test-0021
ee973aa5,axis1_access_vs_provenance_value-conflict_orderexp_interleaved_seed3005,interleaved,3005,post_washout,test-0021
61562607,axis1_access_vs_provenance_value-conflict_orderexp_interleaved_seed3005,interleaved,3005,post_washout,test-0021
0f869851,axis1_access_vs_provenance_value-conflict_orderexp_interleaved_seed3005,interleaved,3005,post_washout,test-0021
e58cdfe9,axis1_access_vs_provenance_value-conflict_orderexp_interleaved_seed3005,interleaved,3005,post_washout,test-0022
50ec9a58,axis1_access_vs_provenance_value-conflict_orderexp_interleaved_seed3005,interleaved,3005,post_washout,test-0022
af48e5f2,axis1_access_vs_provenance_value-conflict_orderexp_interleaved_seed3005,interleaved,3005,post_washout,test-0022
cdb78818,axis1_access_vs_provenance_value-conflict_orderexp_interleaved_seed3005,interleaved,3005,post_washout,test-0022
140f18e6,axis1_access_vs_provenance_value-conflict_orderexp_interleaved_seed3005,interleaved,3005,post_washout,test-0022
bcac1fad,axis1_access_vs_provenance_value-conflict_orderexp_interleaved_seed3005,interleaved,3005,post_washout,test-0023
78a146e6,axis1_access_vs_provenance_value-conflict_orderexp_interleaved_seed3005,interleaved,3005,post_washout,test-0023
cd51eaa5,axis1_access_vs_provenance_value-conflict_orderexp_interleaved_seed3005,interleaved,3005,post_washout,test-0023
b7d54ceb,axis1_access_vs_provenance_value-conflict_orderexp_interleaved_seed3005,interleaved,3005,post_washout,test-0023
ca10b8ca,axis1_access_vs_provenance_value-conflict_orderexp_interleaved_seed3005,interleaved,3005,post_washout,test-0023
5a0877f2,axis1_access_vs_provenance_value-conflict_orderexp_interleaved_seed3005,interleaved,3005,post_washout,test-0024
15364b2e,axis1_access_vs_provenance_value-conflict_orderexp_interleaved_seed3005,interleaved,3005,post_washout,test-0024
e16b8533,axis1_access_vs_provenance_value-conflict_orderexp_interleaved_seed3005,interleaved,3005,post_washout,test-0024
d18f3004,axis1_access_vs_provenance_value-conflict_orderexp_interleaved_seed3005,interleaved,3005,post_washout,test-0024
ffc65b19,axis1_access_vs_provenance_value-conflict_orderexp_interleaved_seed3005,interleaved,3005,post_washout,test-0024
457d52ea,axis1_access_vs_provenance_value-conflict_orderexp_interleaved_seed3006,interleaved,3006,post_washout,test-0001
f88f16d6,axis1_access_vs_provenance_value-conflict_orderexp_interleaved_seed3006,interleaved,3006,post_washout,test-0001
4c417b50,axis1_access_vs_provenance_value-conflict_orderexp_interleaved_seed3006,interleaved,3006,post_washout,test-0001
2430d180,axis1_access_vs_provenance_value-conflict_orderexp_interleaved_seed3006,interleaved,3006,post_washout,test-0001
deb3f8f7,axis1_access_vs_provenance_value-conflict_orderexp_interleaved_seed3006,interleaved,3006,post_washout,test-0001
2d219fcc,axis1_access_vs_provenance_value-conflict_orderexp_interleaved_seed3006,interleaved,3006,post_washout,test-0002
3ccfe2a7,axis1_access_vs_provenance_value-conflict_orderexp_interleaved_seed3006,interleaved,3006,post_washout,test-0002
7adba991,axis1_access_vs_provenance_value-conflict_orderexp_interleaved_seed3006,interleaved,3006,post_washout,test-0002
0e2a89bc,axis1_access_vs_provenance_value-conflict_orderexp_interleaved_seed3006,interleaved,3006,post_washout,test-0002
9f6c7989,axis1_access_vs_provenance_value-conflict_orderexp_interleaved_seed3006,interleaved,3006,post_washout,test-0002
960279c1,axis1_access_vs_provenance_value-conflict_orderexp_interleaved_seed3006,interleaved,3006,post_washout,test-0003
0db22108,axis1_access_vs_provenance_value-conflict_orderexp_interleaved_seed3006,interleaved,3006,post_washout,test-0003
3e954456,axis1_access_vs_provenance_value-conflict_orderexp_interleaved_seed3006,interleaved,3006,post_washout,test-0003
3213838a,axis1_access_vs_provenance_value-conflict_orderexp_interleaved_seed3006,interleaved,3006,post_washout,test-0003
2729aefa,axis1_access_vs_provenance_value-conflict_orderexp_interleaved_seed3006,interleaved,3006,post_washout,test-0003
669d2ef3,axis1_access_vs_provenance_value-conflict_orderexp_interleaved_seed3006,interleaved,3006,post_washout,test-0004
7e9c3af7,axis1_access_vs_provenance_value-conflict_orderexp_interleaved_seed3006,interleaved,3006,post_washout,test-0004
0d18e397,axis1_access_vs_provenance_value-conflict_orderexp_interleaved_seed3006,interleaved,3006,post_washout,test-0004
9060e0c6,axis1_access_vs_provenance_value-conflict_orderexp_interleaved_seed3006,interleaved,3006,post_washout,test-0004
55c8a54c,axis1_access_vs_provenance_value-conflict_orderexp_interleaved_seed3006,interleaved,3006,post_washout,test-0004
6aa403ad,axis1_access_vs_provenance_value-conflict_orderexp_interleaved_seed3006,interleaved,3006,post_washout,test-0005
cd7e62b8,axis1_access_vs_provenance_value-conflict_orderexp_interleaved_seed3006,interleaved,3006,post_washout,test-0005
c8b8d5bc,axis1_access_vs_provenance_value-conflict_orderexp_interleaved_seed3006,interleaved,3006,post_washout,test-0005
13ca1602,axis1_access_vs_provenance_value-conflict_orderexp_interleaved_seed3006,interleaved,3006,post_washout,test-0005
d1beb7ba,axis1_access_vs_provenance_value-conflict_orderexp_interleaved_seed3006,interleaved,3006,post_washout,test-0005
05427277,axis1_access_vs_provenance_value-conflict_orderexp_interleaved_seed3006,interleaved,3006,post_washout,test-0006
e97d3017,axis1_access_vs_provenance_value-conflict_orderexp_interleaved_seed3006,interleaved,3006,post_washout,test-0006
83ae8f48,axis1_access_vs_provenance_value-conflict_orderexp_interleaved_seed3006,interleaved,3006,post_washout,test-0006
276c050a,axis1_access_vs_provenance_value-conflict_orderexp_interleaved_seed3006,interleaved,3006,post_washout,test-0006
611b5b63,axis1_access_vs_provenance_value-conflict_orderexp_interleaved_seed3006,interleaved,3006,post_washout,test-0006
428dbaa1,axis1_access_vs_provenance_value-conflict_orderexp_interleaved_seed3006,interleaved,3006,post_washout,test-0007
f43f8997,axis1_access_vs_provenance_value-conflict_orderexp_interleaved_seed3006,interleaved,3006,post_washout,test-0007
f75134cd,axis1_access_vs_provenance_value-conflict_orderexp_interleaved_seed3006,interleaved,3006,post_washout,test-0007
51e49b88,axis1_access_vs_provenance_value-conflict_orderexp_interleaved_seed3006,interleaved,3006,post_washout,test-0007
7a7bae48,axis1_access_vs_provenance_value-conflict_orderexp_interleaved_seed3006,interleaved,3006,post_washout,test-0007
ebaaaad1,axis1_access_vs_provenance_value-conflict_orderexp_interleaved_seed3006,interleaved,3006,post_washout,test-0008
7a0f06a6,axis1_access_vs_provenance_value-conflict_orderexp_interleaved_seed3006,interleaved,3006,post_washout,test-0008
bcdca0e2,axis1_access_vs_provenance_value-conflict_orderexp_interleaved_seed3006,interleaved,3006,post_washout,test-0008
4997c6c2,axis1_access_vs_provenance_value-conflict_orderexp_interleaved_seed3006,interleaved,3006,post_washout,test-0008
3fd68a71,axis1_access_vs_provenance_value-conflict_orderexp_interleaved_seed3006,interleaved,3006,post_washout,test-0008
c9dc81b1,axis1_access_vs_provenance_value-conflict_orderexp_interleaved_seed3006,interleaved,3006,post_washout,test-0009
fa9010e4,axis1_access_vs_provenance_value-conflict_orderexp_interleaved_seed3006,interleaved,3006,post_washout,test-0009
7d435fee,axis1_access_vs_provenance_value-conflict_orderexp_interleaved_seed3006,interleaved,3006,post_washout,test-0009
c733bf7f,axis1_access_vs_provenance_value-conflict_orderexp_interleaved_seed3006,interleaved,3006,post_washout,test-0009
a9a95ac5,axis1_access_vs_provenance_value-conflict_orderexp_interleaved_seed3006,interleaved,3006,post_washout,test-0009
0ed78db9,axis1_access_vs_provenance_value-conflict_orderexp_interleaved_seed3006,interleaved,3006,post_washout,test-0010
77247709,axis1_access_vs_provenance_value-conflict_orderexp_interleaved_seed3006,interleaved,3006,post_washout,test-0010
77e2bcb2,axis1_access_vs_provenance_value-conflict_orderexp_interleaved_seed3006,interleaved,3006,post_washout,test-0010
66ad4c17,axis1_access_vs_provenance_value-conflict_orderexp_interleaved_seed3006,interleaved,3006,post_washout,test-0010
07d8d7b3,axis1_access_vs_provenance_value-conflict_orderexp_interleaved_seed3006,interleaved,3006,post_washout,test-0010
5f7cf2e2,axis1_access_vs_provenance_value-conflict_orderexp_interleaved_seed3006,interleaved,3006,post_washout,test-0011
77925d74,axis1_access_vs_provenance_value-conflict_orderexp_interleaved_seed3006,interleaved,3006,post_washout,test-0011
d8cc8629,axis1_access_vs_provenance_value-conflict_orderexp_interleaved_seed3006,interleaved,3006,post_washout,test-0011
bbed6df0,axis1_access_vs_provenance_value-conflict_orderexp_interleaved_seed3006,interleaved,3006,post_washout,test-0011
2322537f,axis1_access_vs_provenance_value-conflict_orderexp_interleaved_seed3006,interleaved,3006,post_washout,test-0011
3fb543ef,axis1_access_vs_provenance_value-conflict_orderexp_interleaved_seed3006,interleaved,3006,post_washout,test-0012
be6b1b7e,axis1_access_vs_provenance_value-conflict_orderexp_interleaved_seed3006,interleaved,3006,post_washout,test-0012
43a75afa,axis1_access_vs_provenance_value-conflict_orderexp_interleaved_seed3006,interleaved,3006,post_washout,test-0012
526ced4b,axis1_access_vs_provenance_value-conflict_orderexp_interleaved_seed3006,interleaved,3006,post_washout,test-0012
f689defe,axis1_access_vs_provenance_value-conflict_orderexp_interleaved_seed3006,interleaved,3006,post_washout,test-0012
71f6319d,axis1_access_vs_provenance_value-conflict_orderexp_interleaved_seed3006,interleaved,3006,post_washout,test-0013
b3226b1a,axis1_access_vs_provenance_value-conflict_orderexp_interleaved_seed3006,interleaved,3006,post_washout,test-0013
5e927792,axis1_access_vs_provenance_value-conflict_orderexp_interleaved_seed3006,interleaved,3006,post_washout,test-0013
c1b62491,axis1_access_vs_provenance_value-conflict_orderexp_interleaved_seed3006,interleaved,3006,post_washout,test-0013
84660db6,axis1_access_vs_provenance_value-conflict_orderexp_interleaved_seed3006,interleaved,3006,post_washout,test-0013
aad1b792,axis1_access_vs_provenance_value-conflict_orderexp_interleaved_seed3006,interleaved,3006,post_washout,test-0014
6b80ab3a,axis1_access_vs_provenance_value-conflict_orderexp_interleaved_seed3006,interleaved,3006,post_washout,test-0014
e2a7e51b,axis1_access_vs_provenance_value-conflict_orderexp_interleaved_seed3006,interleaved,3006,post_washout,test-0014
74c8de4f,axis1_access_vs_provenance_value-conflict_orderexp_interleaved_seed3006,interleaved,3006,post_washout,test-0014
7eda1b3a,axis1_access_vs_provenance_value-conflict_orderexp_interleaved_seed3006,interleaved,3006,post_washout,test-0014
05ad4054,axis1_access_vs_provenance_value-conflict_orderexp_interleaved_seed3006,interleaved,3006,post_washout,test-0015
8fb371b9,axis1_access_vs_provenance_value-conflict_orderexp_interleaved_seed3006,interleaved,3006,post_washout,test-0015
1ebc2651,axis1_access_vs_provenance_value-conflict_orderexp_interleaved_seed3006,interleaved,3006,post_washout,test-0015
6af73e71,axis1_access_vs_provenance_value-conflict_orderexp_interleaved_seed3006,interleaved,3006,post_washout,test-0015
4259ec92,axis1_access_vs_provenance_value-conflict_orderexp_interleaved_seed3006,interleaved,3006,post_washout,test-0015
438438f4,axis1_access_vs_provenance_value-conflict_orderexp_interleaved_seed3006,interleaved,3006,post_washout,test-0016
6c5f5dc9,axis1_access_vs_provenance_value-conflict_orderexp_interleaved_seed3006,interleaved,3006,post_washout,test-0016
04fe0771,axis1_access_vs_provenance_value-conflict_orderexp_interleaved_seed3006,interleaved,3006,post_washout,test-0016
b566b65b,axis1_access_vs_provenance_value-conflict_orderexp_interleaved_seed3006,interleaved,3006,post_washout,test-0016
6abf666f,axis1_access_vs_provenance_value-conflict_orderexp_interleaved_seed3006,interleaved,3006,post_washout,test-0016
11033f48,axis1_access_vs_provenance_value-conflict_orderexp_interleaved_seed3006,interleaved,3006,post_washout,test-0017
f0cd7385,axis1_access_vs_provenance_value-conflict_orderexp_interleaved_seed3006,interleaved,3006,post_washout,test-0017
f4399d5d,axis1_access_vs_provenance_value-conflict_orderexp_interleaved_seed3006,interleaved,3006,post_washout,test-0017
7b539fa8,axis1_access_vs_provenance_value-conflict_orderexp_interleaved_seed3006,interleaved,3006,post_washout,test-0017
23c2fb66,axis1_access_vs_provenance_value-conflict_orderexp_interleaved_seed3006,interleaved,3006,post_washout,test-0017
2b8a1702,axis1_access_vs_provenance_value-conflict_orderexp_interleaved_seed3006,interleaved,3006,post_washout,test-0018
e44e0c57,axis1_access_vs_provenance_value-conflict_orderexp_interleaved_seed3006,interleaved,3006,post_washout,test-0018
d77e2e8e,axis1_access_vs_provenance_value-conflict_orderexp_interleaved_seed3006,interleaved,3006,post_washout,test-0018
91d8f5ea,axis1_access_vs_provenance_value-conflict_orderexp_interleaved_seed3006,interleaved,3006,post_washout,test-0018
6f43eded,axis1_access_vs_provenance_value-conflict_orderexp_interleaved_seed3006,interleaved,3006,post_washout,test-0018
7fc9e661,axis1_access_vs_provenance_value-conflict_orderexp_interleaved_seed3006,interleaved,3006,post_washout,test-0019
0e3dc857,axis1_access_vs_provenance_value-conflict_orderexp_interleaved_seed3006,interleaved,3006,post_washout,test-0019
619cd93e,axis1_access_vs_provenance_value-conflict_orderexp_interleaved_seed3006,interleaved,3006,post_washout,test-0019
6b363ff9,axis1_access_vs_provenance_value-conflict_orderexp_interleaved_seed3006,interleaved,3006,post_washout,test-0019
308670a5,axis1_access_vs_provenance_value-conflict_orderexp_interleaved_seed3006,interleaved,3006,post_washout,test-0019
bb8622b8,axis1_access_vs_provenance_value-conflict_orderexp_interleaved_seed3006,interleaved,3006,post_washout,test-0020
5bc5bdac,axis1_access_vs_provenance_value-conflict_orderexp_interleaved_seed3006,interleaved,3006,post_washout,test-0020
650455f2,axis1_access_vs_provenance_value-conflict_orderexp_interleaved_seed3006,interleaved,3006,post_washout,test-0020
a614c44c,axis1_access_vs_provenance_value-conflict_orderexp_interleaved_seed3006,interleaved,3006,post_washout,test-0020
41e54ee1,axis1_access_vs_provenance_value-conflict_orderexp_interleaved_seed3006,interleaved,3006,post_washout,test-0020
ebfc088b,axis1_access_vs_provenance_value-conflict_orderexp_interleaved_seed3006,interleaved,3006,post_washout,test-0021
1cfefa44,axis1_access_vs_provenance_value-conflict_orderexp_interleaved_seed3006,interleaved,3006,post_washout,test-0021
ff0f9df9,axis1_access_vs_provenance_value-conflict_orderexp_interleaved_seed3006,interleaved,3006,post_washout,test-0021
78bb6071,axis1_access_vs_provenance_value-conflict_orderexp_interleaved_seed3006,interleaved,3006,post_washout,test-0021
034bbbb5,axis1_access_vs_provenance_value-conflict_orderexp_interleaved_seed3006,interleaved,3006,post_washout,test-0021
32cf1b57,axis1_access_vs_provenance_value-conflict_orderexp_interleaved_seed3006,interleaved,3006,post_washout,test-0022
feb27ce5,axis1_access_vs_provenance_value-conflict_orderexp_interleaved_seed3006,interleaved,3006,post_washout,test-0022
4d85b38e,axis1_access_vs_provenance_value-conflict_orderexp_interleaved_seed3006,interleaved,3006,post_washout,test-0022
28b2da6c,axis1_access_vs_provenance_value-conflict_orderexp_interleaved_seed3006,interleaved,3006,post_washout,test-0022
0ba76e22,axis1_access_vs_provenance_value-conflict_orderexp_interleaved_seed3006,interleaved,3006,post_washout,test-0022
a67caf77,axis1_access_vs_provenance_value-conflict_orderexp_interleaved_seed3006,interleaved,3006,post_washout,test-0023
a2dd87d5,axis1_access_vs_provenance_value-conflict_orderexp_interleaved_seed3006,interleaved,3006,post_washout,test-0023
ddf41252,axis1_access_vs_provenance_value-conflict_orderexp_interleaved_seed3006,interleaved,3006,post_washout,test-0023
19191c17,axis1_access_vs_provenance_value-conflict_orderexp_interleaved_seed3006,interleaved,3006,post_washout,test-0023
846b8514,axis1_access_vs_provenance_value-conflict_orderexp_interleaved_seed3006,interleaved,3006,post_washout,test-0023
bcf38b06,axis1_access_vs_provenance_value-conflict_orderexp_interleaved_seed3006,interleaved,3006,post_washout,test-0024
edf1b870,axis1_access_vs_provenance_value-conflict_orderexp_interleaved_seed3006,interleaved,3006,post_washout,test-0024
4f054516,axis1_access_vs_provenance_value-conflict_orderexp_interleaved_seed3006,interleaved,3006,post_washout,test-0024
fbcaec2e,axis1_access_vs_provenance_value-conflict_orderexp_interleaved_seed3006,interleaved,3006,post_washout,test-0024
f251daba,axis1_access_vs_provenance_value-conflict_orderexp_interleaved_seed3006,interleaved,3006,post_washout,test-0024
89881af9,axis1_access_vs_provenance_value-conflict_orderexp_interleaved_seed3007,interleaved,3007,post_washout,test-0001
e6277443,axis1_access_vs_provenance_value-conflict_orderexp_interleaved_seed3007,interleaved,3007,post_washout,test-0001
979a7230,axis1_access_vs_provenance_value-conflict_orderexp_interleaved_seed3007,interleaved,3007,post_washout,test-0001
cde3d457,axis1_access_vs_provenance_value-conflict_orderexp_interleaved_seed3007,interleaved,3007,post_washout,test-0001
2a7b753b,axis1_access_vs_provenance_value-conflict_orderexp_interleaved_seed3007,interleaved,3007,post_washout,test-0001
99cbdcbf,axis1_access_vs_provenance_value-conflict_orderexp_interleaved_seed3007,interleaved,3007,post_washout,test-0002
cfe52191,axis1_access_vs_provenance_value-conflict_orderexp_interleaved_seed3007,interleaved,3007,post_washout,test-0002
78d8e748,axis1_access_vs_provenance_value-conflict_orderexp_interleaved_seed3007,interleaved,3007,post_washout,test-0002
8ced4f05,axis1_access_vs_provenance_value-conflict_orderexp_interleaved_seed3007,interleaved,3007,post_washout,test-0002
a287a457,axis1_access_vs_provenance_value-conflict_orderexp_interleaved_seed3007,interleaved,3007,post_washout,test-0002
34cde0e3,axis1_access_vs_provenance_value-conflict_orderexp_interleaved_seed3007,interleaved,3007,post_washout,test-0003
0b8f973a,axis1_access_vs_provenance_value-conflict_orderexp_interleaved_seed3007,interleaved,3007,post_washout,test-0003
75d1ceaf,axis1_access_vs_provenance_value-conflict_orderexp_interleaved_seed3007,interleaved,3007,post_washout,test-0003
155736ec,axis1_access_vs_provenance_value-conflict_orderexp_interleaved_seed3007,interleaved,3007,post_washout,test-0003
b2c0baa4,axis1_access_vs_provenance_value-conflict_orderexp_interleaved_seed3007,interleaved,3007,post_washout,test-0003
db846efc,axis1_access_vs_provenance_value-conflict_orderexp_interleaved_seed3007,interleaved,3007,post_washout,test-0004
a36dc3dc,axis1_access_vs_provenance_value-conflict_orderexp_interleaved_seed3007,interleaved,3007,post_washout,test-0004
f686185a,axis1_access_vs_provenance_value-conflict_orderexp_interleaved_seed3007,interleaved,3007,post_washout,test-0004
b0db517c,axis1_access_vs_provenance_value-conflict_orderexp_interleaved_seed3007,interleaved,3007,post_washout,test-0004
0864f3e4,axis1_access_vs_provenance_value-conflict_orderexp_interleaved_seed3007,interleaved,3007,post_washout,test-0004
3dc97f9a,axis1_access_vs_provenance_value-conflict_orderexp_interleaved_seed3007,interleaved,3007,post_washout,test-0005
26a75209,axis1_access_vs_provenance_value-conflict_orderexp_interleaved_seed3007,interleaved,3007,post_washout,test-0005
3d4c7ffc,axis1_access_vs_provenance_value-conflict_orderexp_interleaved_seed3007,interleaved,3007,post_washout,test-0005
6f85cbc5,axis1_access_vs_provenance_value-conflict_orderexp_interleaved_seed3007,interleaved,3007,post_washout,test-0005
69499195,axis1_access_vs_provenance_value-conflict_orderexp_interleaved_seed3007,interleaved,3007,post_washout,test-0005
c71f97d6,axis1_access_vs_provenance_value-conflict_orderexp_interleaved_seed3007,interleaved,3007,post_washout,test-0006
288cf7bb,axis1_access_vs_provenance_value-conflict_orderexp_interleaved_seed3007,interleaved,3007,post_washout,test-0006
ef20d686,axis1_access_vs_provenance_value-conflict_orderexp_interleaved_seed3007,interleaved,3007,post_washout,test-0006
bf575c00,axis1_access_vs_provenance_value-conflict_orderexp_interleaved_seed3007,interleaved,3007,post_washout,test-0006
d093ce41,axis1_access_vs_provenance_value-conflict_orderexp_interleaved_seed3007,interleaved,3007,post_washout,test-0006
4401740e,axis1_access_vs_provenance_value-conflict_orderexp_interleaved_seed3007,interleaved,3007,post_washout,test-0007
455ffa85,axis1_access_vs_provenance_value-conflict_orderexp_interleaved_seed3007,interleaved,3007,post_washout,test-0007
a4064ee6,axis1_access_vs_provenance_value-conflict_orderexp_interleaved_seed3007,interleaved,3007,post_washout,test-0007
e7546f87,axis1_access_vs_provenance_value-conflict_orderexp_interleaved_seed3007,interleaved,3007,post_washout,test-0007
5f5586c1,axis1_access_vs_provenance_value-conflict_orderexp_interleaved_seed3007,interleaved,3007,post_washout,test-0007
8578a0da,axis1_access_vs_provenance_value-conflict_orderexp_interleaved_seed3007,interleaved,3007,post_washout,test-0008
afff50b2,axis1_access_vs_provenance_value-conflict_orderexp_interleaved_seed3007,interleaved,3007,post_washout,test-0008
ce2f6f17,axis1_access_vs_provenance_value-conflict_orderexp_interleaved_seed3007,interleaved,3007,post_washout,test-0008
0318eaa4,axis1_access_vs_provenance_value-conflict_orderexp_interleaved_seed3007,interleaved,3007,post_washout,test-0008
910a5acc,axis1_access_vs_provenance_value-conflict_orderexp_interleaved_seed3007,interleaved,3007,post_washout,test-0008
bf14fa72,axis1_access_vs_provenance_value-conflict_orderexp_interleaved_seed3007,interleaved,3007,post_washout,test-0009
671dda32,axis1_access_vs_provenance_value-conflict_orderexp_interleaved_seed3007,interleaved,3007,post_washout,test-0009
9295e77b,axis1_access_vs_provenance_value-conflict_orderexp_interleaved_seed3007,interleaved,3007,post_washout,test-0009
c4d09f26,axis1_access_vs_provenance_value-conflict_orderexp_interleaved_seed3007,interleaved,3007,post_washout,test-0009
97b92f99,axis1_access_vs_provenance_value-conflict_orderexp_interleaved_seed3007,interleaved,3007,post_washout,test-0009
92395662,axis1_access_vs_provenance_value-conflict_orderexp_interleaved_seed3007,interleaved,3007,post_washout,test-0010
454c9688,axis1_access_vs_provenance_value-conflict_orderexp_interleaved_seed3007,interleaved,3007,post_washout,test-0010
0daa9076,axis1_access_vs_provenance_value-conflict_orderexp_interleaved_seed3007,interleaved,3007,post_washout,test-0010
ad4f6f91,axis1_access_vs_provenance_value-conflict_orderexp_interleaved_seed3007,interleaved,3007,post_washout,test-0010
43926b6a,axis1_access_vs_provenance_value-conflict_orderexp_interleaved_seed3007,interleaved,3007,post_washout,test-0010
3d131173,axis1_access_vs_provenance_value-conflict_orderexp_interleaved_seed3007,interleaved,3007,post_washout,test-0011
4df1aea3,axis1_access_vs_provenance_value-conflict_orderexp_interleaved_seed3007,interleaved,3007,post_washout,test-0011
aeb77949,axis1_access_vs_provenance_value-conflict_orderexp_interleaved_seed3007,interleaved,3007,post_washout,test-0011
5825eeaf,axis1_access_vs_provenance_value-conflict_orderexp_interleaved_seed3007,interleaved,3007,post_washout,test-0011
b1d699ed,axis1_access_vs_provenance_value-conflict_orderexp_interleaved_seed3007,interleaved,3007,post_washout,test-0011
1878d945,axis1_access_vs_provenance_value-conflict_orderexp_interleaved_seed3007,interleaved,3007,post_washout,test-0012
e455b7dc,axis1_access_vs_provenance_value-conflict_orderexp_interleaved_seed3007,interleaved,3007,post_washout,test-0012
2eefa8a1,axis1_access_vs_provenance_value-conflict_orderexp_interleaved_seed3007,interleaved,3007,post_washout,test-0012
1aef76b5,axis1_access_vs_provenance_value-conflict_orderexp_interleaved_seed3007,interleaved,3007,post_washout,test-0012
d777435e,axis1_access_vs_provenance_value-conflict_orderexp_interleaved_seed3007,interleaved,3007,post_washout,test-0012
a7b7fc4d,axis1_access_vs_provenance_value-conflict_orderexp_interleaved_seed3007,interleaved,3007,post_washout,test-0013
57ad7f57,axis1_access_vs_provenance_value-conflict_orderexp_interleaved_seed3007,interleaved,3007,post_washout,test-0013
37b035fb,axis1_access_vs_provenance_value-conflict_orderexp_interleaved_seed3007,interleaved,3007,post_washout,test-0013
605821c8,axis1_access_vs_provenance_value-conflict_orderexp_interleaved_seed3007,interleaved,3007,post_washout,test-0013
d4df41a7,axis1_access_vs_provenance_value-conflict_orderexp_interleaved_seed3007,interleaved,3007,post_washout,test-0013
345ff3f8,axis1_access_vs_provenance_value-conflict_orderexp_interleaved_seed3007,interleaved,3007,post_washout,test-0014
737fa32e,axis1_access_vs_provenance_value-conflict_orderexp_interleaved_seed3007,interleaved,3007,post_washout,test-0014
31678ffc,axis1_access_vs_provenance_value-conflict_orderexp_interleaved_seed3007,interleaved,3007,post_washout,test-0014
b74fcf26,axis1_access_vs_provenance_value-conflict_orderexp_interleaved_seed3007,interleaved,3007,post_washout,test-0014
a76bb1a7,axis1_access_vs_provenance_value-conflict_orderexp_interleaved_seed3007,interleaved,3007,post_washout,test-0014
2515767d,axis1_access_vs_provenance_value-conflict_orderexp_interleaved_seed3007,interleaved,3007,post_washout,test-0015
1f75cb68,axis1_access_vs_provenance_value-conflict_orderexp_interleaved_seed3007,interleaved,3007,post_washout,test-0015
41e4800c,axis1_access_vs_provenance_value-conflict_orderexp_interleaved_seed3007,interleaved,3007,post_washout,test-0015
43cc7db1,axis1_access_vs_provenance_value-conflict_orderexp_interleaved_seed3007,interleaved,3007,post_washout,test-0015
80096135,axis1_access_vs_provenance_value-conflict_orderexp_interleaved_seed3007,interleaved,3007,post_washout,test-0015
4d62c0e9,axis1_access_vs_provenance_value-conflict_orderexp_interleaved_seed3007,interleaved,3007,post_washout,test-0016
c7df4fe8,axis1_access_vs_provenance_value-conflict_orderexp_interleaved_seed3007,interleaved,3007,post_washout,test-0016
74d89472,axis1_access_vs_provenance_value-conflict_orderexp_interleaved_seed3007,interleaved,3007,post_washout,test-0016
825542a1,axis1_access_vs_provenance_value-conflict_orderexp_interleaved_seed3007,interleaved,3007,post_washout,test-0016
6a2b44af,axis1_access_vs_provenance_value-conflict_orderexp_interleaved_seed3007,interleaved,3007,post_washout,test-0016
b0cd1adf,axis1_access_vs_provenance_value-conflict_orderexp_interleaved_seed3007,interleaved,3007,post_washout,test-0017
9ee0b855,axis1_access_vs_provenance_value-conflict_orderexp_interleaved_seed3007,interleaved,3007,post_washout,test-0017
ed330786,axis1_access_vs_provenance_value-conflict_orderexp_interleaved_seed3007,interleaved,3007,post_washout,test-0017
00c5f17d,axis1_access_vs_provenance_value-conflict_orderexp_interleaved_seed3007,interleaved,3007,post_washout,test-0017
1ad558c4,axis1_access_vs_provenance_value-conflict_orderexp_interleaved_seed3007,interleaved,3007,post_washout,test-0017
1b40e3c4,axis1_access_vs_provenance_value-conflict_orderexp_interleaved_seed3007,interleaved,3007,post_washout,test-0018
9c90f43e,axis1_access_vs_provenance_value-conflict_orderexp_interleaved_seed3007,interleaved,3007,post_washout,test-0018
ca5bb79b,axis1_access_vs_provenance_value-conflict_orderexp_interleaved_seed3007,interleaved,3007,post_washout,test-0018
9d5bd91a,axis1_access_vs_provenance_value-conflict_orderexp_interleaved_seed3007,interleaved,3007,post_washout,test-0018
eafcbcd4,axis1_access_vs_provenance_value-conflict_orderexp_interleaved_seed3007,interleaved,3007,post_washout,test-0018
3a45ada6,axis1_access_vs_provenance_value-conflict_orderexp_interleaved_seed3007,interleaved,3007,post_washout,test-0019
90f613b3,axis1_access_vs_provenance_value-conflict_orderexp_interleaved_seed3007,interleaved,3007,post_washout,test-0019
cf329485,axis1_access_vs_provenance_value-conflict_orderexp_interleaved_seed3007,interleaved,3007,post_washout,test-0019
0f2b70b2,axis1_access_vs_provenance_value-conflict_orderexp_interleaved_seed3007,interleaved,3007,post_washout,test-0019
0ff10bd0,axis1_access_vs_provenance_value-conflict_orderexp_interleaved_seed3007,interleaved,3007,post_washout,test-0019
f6a7e711,axis1_access_vs_provenance_value-conflict_orderexp_interleaved_seed3007,interleaved,3007,post_washout,test-0020
f01f58dd,axis1_access_vs_provenance_value-conflict_orderexp_interleaved_seed3007,interleaved,3007,post_washout,test-0020
bef1d320,axis1_access_vs_provenance_value-conflict_orderexp_interleaved_seed3007,interleaved,3007,post_washout,test-0020
6226ca8f,axis1_access_vs_provenance_value-conflict_orderexp_interleaved_seed3007,interleaved,3007,post_washout,test-0020
382217b3,axis1_access_vs_provenance_value-conflict_orderexp_interleaved_seed3007,interleaved,3007,post_washout,test-0020
b2e20129,axis1_access_vs_provenance_value-conflict_orderexp_interleaved_seed3007,interleaved,3007,post_washout,test-0021
890aab36,axis1_access_vs_provenance_value-conflict_orderexp_interleaved_seed3007,interleaved,3007,post_washout,test-0021
2b8c7670,axis1_access_vs_provenance_value-conflict_orderexp_interleaved_seed3007,interleaved,3007,post_washout,test-0021
506bd795,axis1_access_vs_provenance_value-conflict_orderexp_interleaved_seed3007,interleaved,3007,post_washout,test-0021
9f595608,axis1_access_vs_provenance_value-conflict_orderexp_interleaved_seed3007,interleaved,3007,post_washout,test-0021
e5f5ed0a,axis1_access_vs_provenance_value-conflict_orderexp_interleaved_seed3007,interleaved,3007,post_washout,test-0022
c2342a11,axis1_access_vs_provenance_value-conflict_orderexp_interleaved_seed3007,interleaved,3007,post_washout,test-0022
48d56ca1,axis1_access_vs_provenance_value-conflict_orderexp_interleaved_seed3007,interleaved,3007,post_washout,test-0022
f7ab6493,axis1_access_vs_provenance_value-conflict_orderexp_interleaved_seed3007,interleaved,3007,post_washout,test-0022
dd6811db,axis1_access_vs_provenance_value-conflict_orderexp_interleaved_seed3007,interleaved,3007,post_washout,test-0022
6f0e9a20,axis1_access_vs_provenance_value-conflict_orderexp_interleaved_seed3007,interleaved,3007,post_washout,test-0023
36fed08a,axis1_access_vs_provenance_value-conflict_orderexp_interleaved_seed3007,interleaved,3007,post_washout,test-0023
264fa470,axis1_access_vs_provenance_value-conflict_orderexp_interleaved_seed3007,interleaved,3007,post_washout,test-0023
5aaed143,axis1_access_vs_provenance_value-conflict_orderexp_interleaved_seed3007,interleaved,3007,post_washout,test-0023
dbf4ca95,axis1_access_vs_provenance_value-conflict_orderexp_interleaved_seed3007,interleaved,3007,post_washout,test-0023
7864dabc,axis1_access_vs_provenance_value-conflict_orderexp_interleaved_seed3007,interleaved,3007,post_washout,test-0024
395d3db1,axis1_access_vs_provenance_value-conflict_orderexp_interleaved_seed3007,interleaved,3007,post_washout,test-0024
422eea7c,axis1_access_vs_provenance_value-conflict_orderexp_interleaved_seed3007,interleaved,3007,post_washout,test-0024
a673716f,axis1_access_vs_provenance_value-conflict_orderexp_interleaved_seed3007,interleaved,3007,post_washout,test-0024
a512be69,axis1_access_vs_provenance_value-conflict_orderexp_interleaved_seed3007,interleaved,3007,post_washout,test-0024
c742c2bc,axis1_access_vs_provenance_value-conflict_orderexp_interleaved_seed3008,interleaved,3008,post_washout,test-0001
58dc1769,axis1_access_vs_provenance_value-conflict_orderexp_interleaved_seed3008,interleaved,3008,post_washout,test-0001
2e1608e7,axis1_access_vs_provenance_value-conflict_orderexp_interleaved_seed3008,interleaved,3008,post_washout,test-0001
042d0124,axis1_access_vs_provenance_value-conflict_orderexp_interleaved_seed3008,interleaved,3008,post_washout,test-0001
2e91c110,axis1_access_vs_provenance_value-conflict_orderexp_interleaved_seed3008,interleaved,3008,post_washout,test-0001
3e66e7df,axis1_access_vs_provenance_value-conflict_orderexp_interleaved_seed3008,interleaved,3008,post_washout,test-0002
1f9b3744,axis1_access_vs_provenance_value-conflict_orderexp_interleaved_seed3008,interleaved,3008,post_washout,test-0002
19ebc388,axis1_access_vs_provenance_value-conflict_orderexp_interleaved_seed3008,interleaved,3008,post_washout,test-0002
80133901,axis1_access_vs_provenance_value-conflict_orderexp_interleaved_seed3008,interleaved,3008,post_washout,test-0002
9fca8ce4,axis1_access_vs_provenance_value-conflict_orderexp_interleaved_seed3008,interleaved,3008,post_washout,test-0002
9a15f0cd,axis1_access_vs_provenance_value-conflict_orderexp_interleaved_seed3008,interleaved,3008,post_washout,test-0003
57b48cc5,axis1_access_vs_provenance_value-conflict_orderexp_interleaved_seed3008,interleaved,3008,post_washout,test-0003
100b2946,axis1_access_vs_provenance_value-conflict_orderexp_interleaved_seed3008,interleaved,3008,post_washout,test-0003
3d339d1f,axis1_access_vs_provenance_value-conflict_orderexp_interleaved_seed3008,interleaved,3008,post_washout,test-0003
56de67af,axis1_access_vs_provenance_value-conflict_orderexp_interleaved_seed3008,interleaved,3008,post_washout,test-0003
7da41821,axis1_access_vs_provenance_value-conflict_orderexp_interleaved_seed3008,interleaved,3008,post_washout,test-0004
ff0b334d,axis1_access_vs_provenance_value-conflict_orderexp_interleaved_seed3008,interleaved,3008,post_washout,test-0004
9d3bed2b,axis1_access_vs_provenance_value-conflict_orderexp_interleaved_seed3008,interleaved,3008,post_washout,test-0004
a55f1699,axis1_access_vs_provenance_value-conflict_orderexp_interleaved_seed3008,interleaved,3008,post_washout,test-0004
57460441,axis1_access_vs_provenance_value-conflict_orderexp_interleaved_seed3008,interleaved,3008,post_washout,test-0004
10c1f7f5,axis1_access_vs_provenance_value-conflict_orderexp_interleaved_seed3008,interleaved,3008,post_washout,test-0005
59e14c26,axis1_access_vs_provenance_value-conflict_orderexp_interleaved_seed3008,interleaved,3008,post_washout,test-0005
8667cb64,axis1_access_vs_provenance_value-conflict_orderexp_interleaved_seed3008,interleaved,3008,post_washout,test-0005
86a69e27,axis1_access_vs_provenance_value-conflict_orderexp_interleaved_seed3008,interleaved,3008,post_washout,test-0005
8dd4297a,axis1_access_vs_provenance_value-conflict_orderexp_interleaved_seed3008,interleaved,3008,post_washout,test-0005
af5ec350,axis1_access_vs_provenance_value-conflict_orderexp_interleaved_seed3008,interleaved,3008,post_washout,test-0006
88db2777,axis1_access_vs_provenance_value-conflict_orderexp_interleaved_seed3008,interleaved,3008,post_washout,test-0006
312c5e6f,axis1_access_vs_provenance_value-conflict_orderexp_interleaved_seed3008,interleaved,3008,post_washout,test-0006
27ff09f7,axis1_access_vs_provenance_value-conflict_orderexp_interleaved_seed3008,interleaved,3008,post_washout,test-0006
3c1d1e4a,axis1_access_vs_provenance_value-conflict_orderexp_interleaved_seed3008,interleaved,3008,post_washout,test-0006
8b9b49e3,axis1_access_vs_provenance_value-conflict_orderexp_interleaved_seed3008,interleaved,3008,post_washout,test-0007
51bfd5b2,axis1_access_vs_provenance_value-conflict_orderexp_interleaved_seed3008,interleaved,3008,post_washout,test-0007
08ff2756,axis1_access_vs_provenance_value-conflict_orderexp_interleaved_seed3008,interleaved,3008,post_washout,test-0007
d90322c4,axis1_access_vs_provenance_value-conflict_orderexp_interleaved_seed3008,interleaved,3008,post_washout,test-0007
c566cfd8,axis1_access_vs_provenance_value-conflict_orderexp_interleaved_seed3008,interleaved,3008,post_washout,test-0007
95c562fa,axis1_access_vs_provenance_value-conflict_orderexp_interleaved_seed3008,interleaved,3008,post_washout,test-0008
2cd8b4ca,axis1_access_vs_provenance_value-conflict_orderexp_interleaved_seed3008,interleaved,3008,post_washout,test-0008
116045ba,axis1_access_vs_provenance_value-conflict_orderexp_interleaved_seed3008,interleaved,3008,post_washout,test-0008
34d4255a,axis1_access_vs_provenance_value-conflict_orderexp_interleaved_seed3008,interleaved,3008,post_washout,test-0008
840637d1,axis1_access_vs_provenance_value-conflict_orderexp_interleaved_seed3008,interleaved,3008,post_washout,test-0008
310a2a63,axis1_access_vs_provenance_value-conflict_orderexp_interleaved_seed3008,interleaved,3008,post_washout,test-0009
48cc48bd,axis1_access_vs_provenance_value-conflict_orderexp_interleaved_seed3008,interleaved,3008,post_washout,test-0009
e1a6f350,axis1_access_vs_provenance_value-conflict_orderexp_interleaved_seed3008,interleaved,3008,post_washout,test-0009
2b1aaf2b,axis1_access_vs_provenance_value-conflict_orderexp_interleaved_seed3008,interleaved,3008,post_washout,test-0009
716f04f3,axis1_access_vs_provenance_value-conflict_orderexp_interleaved_seed3008,interleaved,3008,post_washout,test-0009
aa1a2ce8,axis1_access_vs_provenance_value-conflict_orderexp_interleaved_seed3008,interleaved,3008,post_washout,test-0010
d3eb6e45,axis1_access_vs_provenance_value-conflict_orderexp_interleaved_seed3008,interleaved,3008,post_washout,test-0010
7a4669bd,axis1_access_vs_provenance_value-conflict_orderexp_interleaved_seed3008,interleaved,3008,post_washout,test-0010
cbc2e606,axis1_access_vs_provenance_value-conflict_orderexp_interleaved_seed3008,interleaved,3008,post_washout,test-0010
2962add6,axis1_access_vs_provenance_value-conflict_orderexp_interleaved_seed3008,interleaved,3008,post_washout,test-0010
e33064b4,axis1_access_vs_provenance_value-conflict_orderexp_interleaved_seed3008,interleaved,3008,post_washout,test-0011
eee45e91,axis1_access_vs_provenance_value-conflict_orderexp_interleaved_seed3008,interleaved,3008,post_washout,test-0011
d5a3f23b,axis1_access_vs_provenance_value-conflict_orderexp_interleaved_seed3008,interleaved,3008,post_washout,test-0011
88e7787c,axis1_access_vs_provenance_value-conflict_orderexp_interleaved_seed3008,interleaved,3008,post_washout,test-0011
e379c135,axis1_access_vs_provenance_value-conflict_orderexp_interleaved_seed3008,interleaved,3008,post_washout,test-0011
ee4461f2,axis1_access_vs_provenance_value-conflict_orderexp_interleaved_seed3008,interleaved,3008,post_washout,test-0012
b8a9d1bc,axis1_access_vs_provenance_value-conflict_orderexp_interleaved_seed3008,interleaved,3008,post_washout,test-0012
84af4fb3,axis1_access_vs_provenance_value-conflict_orderexp_interleaved_seed3008,interleaved,3008,post_washout,test-0012
14b2b96b,axis1_access_vs_provenance_value-conflict_orderexp_interleaved_seed3008,interleaved,3008,post_washout,test-0012
c9477477,axis1_access_vs_provenance_value-conflict_orderexp_interleaved_seed3008,interleaved,3008,post_washout,test-0012
a0f38400,axis1_access_vs_provenance_value-conflict_orderexp_interleaved_seed3008,interleaved,3008,post_washout,test-0013
6f9ef23b,axis1_access_vs_provenance_value-conflict_orderexp_interleaved_seed3008,interleaved,3008,post_washout,test-0013
a99a0fe4,axis1_access_vs_provenance_value-conflict_orderexp_interleaved_seed3008,interleaved,3008,post_washout,test-0013
42ed2675,axis1_access_vs_provenance_value-conflict_orderexp_interleaved_seed3008,interleaved,3008,post_washout,test-0013
6e8c0757,axis1_access_vs_provenance_value-conflict_orderexp_interleaved_seed3008,interleaved,3008,post_washout,test-0013
91e27604,axis1_access_vs_provenance_value-conflict_orderexp_interleaved_seed3008,interleaved,3008,post_washout,test-0014
e28316dc,axis1_access_vs_provenance_value-conflict_orderexp_interleaved_seed3008,interleaved,3008,post_washout,test-0014
d69343f9,axis1_access_vs_provenance_value-conflict_orderexp_interleaved_seed3008,interleaved,3008,post_washout,test-0014
8cf3597f,axis1_access_vs_provenance_value-conflict_orderexp_interleaved_seed3008,interleaved,3008,post_washout,test-0014
b18f65c5,axis1_access_vs_provenance_value-conflict_orderexp_interleaved_seed3008,interleaved,3008,post_washout,test-0014
670effa1,axis1_access_vs_provenance_value-conflict_orderexp_interleaved_seed3008,interleaved,3008,post_washout,test-0015
d752585d,axis1_access_vs_provenance_value-conflict_orderexp_interleaved_seed3008,interleaved,3008,post_washout,test-0015
3bd630d3,axis1_access_vs_provenance_value-conflict_orderexp_interleaved_seed3008,interleaved,3008,post_washout,test-0015
a04bc139,axis1_access_vs_provenance_value-conflict_orderexp_interleaved_seed3008,interleaved,3008,post_washout,test-0015
d55d3806,axis1_access_vs_provenance_value-conflict_orderexp_interleaved_seed3008,interleaved,3008,post_washout,test-0015
6b979060,axis1_access_vs_provenance_value-conflict_orderexp_interleaved_seed3008,interleaved,3008,post_washout,test-0016
812207d9,axis1_access_vs_provenance_value-conflict_orderexp_interleaved_seed3008,interleaved,3008,post_washout,test-0016
a3f2b81e,axis1_access_vs_provenance_value-conflict_orderexp_interleaved_seed3008,interleaved,3008,post_washout,test-0016
7044edff,axis1_access_vs_provenance_value-conflict_orderexp_interleaved_seed3008,interleaved,3008,post_washout,test-0016
0a3dcb4b,axis1_access_vs_provenance_value-conflict_orderexp_interleaved_seed3008,interleaved,3008,post_washout,test-0016
078dce5d,axis1_access_vs_provenance_value-conflict_orderexp_interleaved_seed3008,interleaved,3008,post_washout,test-0017
5e487d74,axis1_access_vs_provenance_value-conflict_orderexp_interleaved_seed3008,interleaved,3008,post_washout,test-0017
636d425f,axis1_access_vs_provenance_value-conflict_orderexp_interleaved_seed3008,interleaved,3008,post_washout,test-0017
a1ea110a,axis1_access_vs_provenance_value-conflict_orderexp_interleaved_seed3008,interleaved,3008,post_washout,test-0017
fe75ceb4,axis1_access_vs_provenance_value-conflict_orderexp_interleaved_seed3008,interleaved,3008,post_washout,test-0017
fc47d843,axis1_access_vs_provenance_value-conflict_orderexp_interleaved_seed3008,interleaved,3008,post_washout,test-0018
652cd3aa,axis1_access_vs_provenance_value-conflict_orderexp_interleaved_seed3008,interleaved,3008,post_washout,test-0018
8ca2fbf5,axis1_access_vs_provenance_value-conflict_orderexp_interleaved_seed3008,interleaved,3008,post_washout,test-0018
26394fa4,axis1_access_vs_provenance_value-conflict_orderexp_interleaved_seed3008,interleaved,3008,post_washout,test-0018
02d7aae8,axis1_access_vs_provenance_value-conflict_orderexp_interleaved_seed3008,interleaved,3008,post_washout,test-0018
a19dd631,axis1_access_vs_provenance_value-conflict_orderexp_interleaved_seed3008,interleaved,3008,post_washout,test-0019
89a5c5cc,axis1_access_vs_provenance_value-conflict_orderexp_interleaved_seed3008,interleaved,3008,post_washout,test-0019
65efef8a,axis1_access_vs_provenance_value-conflict_orderexp_interleaved_seed3008,interleaved,3008,post_washout,test-0019
df8385d9,axis1_access_vs_provenance_value-conflict_orderexp_interleaved_seed3008,interleaved,3008,post_washout,test-0019
a3a516cb,axis1_access_vs_provenance_value-conflict_orderexp_interleaved_seed3008,interleaved,3008,post_washout,test-0019
3489a931,axis1_access_vs_provenance_value-conflict_orderexp_interleaved_seed3008,interleaved,3008,post_washout,test-0020
5da01602,axis1_access_vs_provenance_value-conflict_orderexp_interleaved_seed3008,interleaved,3008,post_washout,test-0020
a8712258,axis1_access_vs_provenance_value-conflict_orderexp_interleaved_seed3008,interleaved,3008,post_washout,test-0020
3b646406,axis1_access_vs_provenance_value-conflict_orderexp_interleaved_seed3008,interleaved,3008,post_washout,test-0020
aac9a979,axis1_access_vs_provenance_value-conflict_orderexp_interleaved_seed3008,interleaved,3008,post_washout,test-0020
271f02ab,axis1_access_vs_provenance_value-conflict_orderexp_interleaved_seed3008,interleaved,3008,post_washout,test-0021
496ed74a,axis1_access_vs_provenance_value-conflict_orderexp_interleaved_seed3008,interleaved,3008,post_washout,test-0021
08f0b91b,axis1_access_vs_provenance_value-conflict_orderexp_interleaved_seed3008,interleaved,3008,post_washout,test-0021
9859afb8,axis1_access_vs_provenance_value-conflict_orderexp_interleaved_seed3008,interleaved,3008,post_washout,test-0021
4f9e1c90,axis1_access_vs_provenance_value-conflict_orderexp_interleaved_seed3008,interleaved,3008,post_washout,test-0021
2f0f00c3,axis1_access_vs_provenance_value-conflict_orderexp_interleaved_seed3008,interleaved,3008,post_washout,test-0022
dd513313,axis1_access_vs_provenance_value-conflict_orderexp_interleaved_seed3008,interleaved,3008,post_washout,test-0022
e96fb740,axis1_access_vs_provenance_value-conflict_orderexp_interleaved_seed3008,interleaved,3008,post_washout,test-0022
d5507d13,axis1_access_vs_provenance_value-conflict_orderexp_interleaved_seed3008,interleaved,3008,post_washout,test-0022
e04edd7d,axis1_access_vs_provenance_value-conflict_orderexp_interleaved_seed3008,interleaved,3008,post_washout,test-0022
10f29b25,axis1_access_vs_provenance_value-conflict_orderexp_interleaved_seed3008,interleaved,3008,post_washout,test-0023
055e3665,axis1_access_vs_provenance_value-conflict_orderexp_interleaved_seed3008,interleaved,3008,post_washout,test-0023
25a30a9e,axis1_access_vs_provenance_value-conflict_orderexp_interleaved_seed3008,interleaved,3008,post_washout,test-0023
dcf0135d,axis1_access_vs_provenance_value-conflict_orderexp_interleaved_seed3008,interleaved,3008,post_washout,test-0023
5b546f6f,axis1_access_vs_provenance_value-conflict_orderexp_interleaved_seed3008,interleaved,3008,post_washout,test-0023
624b9259,axis1_access_vs_provenance_value-conflict_orderexp_interleaved_seed3008,interleaved,3008,post_washout,test-0024
ebe042a8,axis1_access_vs_provenance_value-conflict_orderexp_interleaved_seed3008,interleaved,3008,post_washout,test-0024
8a152722,axis1_access_vs_provenance_value-conflict_orderexp_interleaved_seed3008,interleaved,3008,post_washout,test-0024
278d62ad,axis1_access_vs_provenance_value-conflict_orderexp_interleaved_seed3008,interleaved,3008,post_washout,test-0024
aa457971,axis1_access_vs_provenance_value-conflict_orderexp_interleaved_seed3008,interleaved,3008,post_washout,test-0024
95dda369,axis1_access_vs_provenance_value-conflict_orderexp_interleaved_seed3009,interleaved,3009,post_washout,test-0001
668b3970,axis1_access_vs_provenance_value-conflict_orderexp_interleaved_seed3009,interleaved,3009,post_washout,test-0001
daae7412,axis1_access_vs_provenance_value-conflict_orderexp_interleaved_seed3009,interleaved,3009,post_washout,test-0001
2b1a8eb7,axis1_access_vs_provenance_value-conflict_orderexp_interleaved_seed3009,interleaved,3009,post_washout,test-0001
fa617362,axis1_access_vs_provenance_value-conflict_orderexp_interleaved_seed3009,interleaved,3009,post_washout,test-0001
ea274dcd,axis1_access_vs_provenance_value-conflict_orderexp_interleaved_seed3009,interleaved,3009,post_washout,test-0002
451f11be,axis1_access_vs_provenance_value-conflict_orderexp_interleaved_seed3009,interleaved,3009,post_washout,test-0002
7f0bf5d5,axis1_access_vs_provenance_value-conflict_orderexp_interleaved_seed3009,interleaved,3009,post_washout,test-0002
d0b2f90c,axis1_access_vs_provenance_value-conflict_orderexp_interleaved_seed3009,interleaved,3009,post_washout,test-0002
9ec167cb,axis1_access_vs_provenance_value-conflict_orderexp_interleaved_seed3009,interleaved,3009,post_washout,test-0002
25f4833f,axis1_access_vs_provenance_value-conflict_orderexp_interleaved_seed3009,interleaved,3009,post_washout,test-0003
47a880dd,axis1_access_vs_provenance_value-conflict_orderexp_interleaved_seed3009,interleaved,3009,post_washout,test-0003
ec17d7b7,axis1_access_vs_provenance_value-conflict_orderexp_interleaved_seed3009,interleaved,3009,post_washout,test-0003
581f320c,axis1_access_vs_provenance_value-conflict_orderexp_interleaved_seed3009,interleaved,3009,post_washout,test-0003
f66e853c,axis1_access_vs_provenance_value-conflict_orderexp_interleaved_seed3009,interleaved,3009,post_washout,test-0003
a2e7028d,axis1_access_vs_provenance_value-conflict_orderexp_interleaved_seed3009,interleaved,3009,post_washout,test-0004
01929613,axis1_access_vs_provenance_value-conflict_orderexp_interleaved_seed3009,interleaved,3009,post_washout,test-0004
1dc990ad,axis1_access_vs_provenance_value-conflict_orderexp_interleaved_seed3009,interleaved,3009,post_washout,test-0004
8cf11c96,axis1_access_vs_provenance_value-conflict_orderexp_interleaved_seed3009,interleaved,3009,post_washout,test-0004
cd7b7e32,axis1_access_vs_provenance_value-conflict_orderexp_interleaved_seed3009,interleaved,3009,post_washout,test-0004
ac586769,axis1_access_vs_provenance_value-conflict_orderexp_interleaved_seed3009,interleaved,3009,post_washout,test-0005
18b98cb0,axis1_access_vs_provenance_value-conflict_orderexp_interleaved_seed3009,interleaved,3009,post_washout,test-0005
98dd5b52,axis1_access_vs_provenance_value-conflict_orderexp_interleaved_seed3009,interleaved,3009,post_washout,test-0005
b0343998,axis1_access_vs_provenance_value-conflict_orderexp_interleaved_seed3009,interleaved,3009,post_washout,test-0005
de9f2de0,axis1_access_vs_provenance_value-conflict_orderexp_interleaved_seed3009,interleaved,3009,post_washout,test-0005
7eb6f16d,axis1_access_vs_provenance_value-conflict_orderexp_interleaved_seed3009,interleaved,3009,post_washout,test-0006
ee0fe894,axis1_access_vs_provenance_value-conflict_orderexp_interleaved_seed3009,interleaved,3009,post_washout,test-0006
7869c111,axis1_access_vs_provenance_value-conflict_orderexp_interleaved_seed3009,interleaved,3009,post_washout,test-0006
7e923c4a,axis1_access_vs_provenance_value-conflict_orderexp_interleaved_seed3009,interleaved,3009,post_washout,test-0006
9dec8e5d,axis1_access_vs_provenance_value-conflict_orderexp_interleaved_seed3009,interleaved,3009,post_washout,test-0006
7c373b18,axis1_access_vs_provenance_value-conflict_orderexp_interleaved_seed3009,interleaved,3009,post_washout,test-0007
050b9796,axis1_access_vs_provenance_value-conflict_orderexp_interleaved_seed3009,interleaved,3009,post_washout,test-0007
1956d8f4,axis1_access_vs_provenance_value-conflict_orderexp_interleaved_seed3009,interleaved,3009,post_washout,test-0007
69281472,axis1_access_vs_provenance_value-conflict_orderexp_interleaved_seed3009,interleaved,3009,post_washout,test-0007
61c93081,axis1_access_vs_provenance_value-conflict_orderexp_interleaved_seed3009,interleaved,3009,post_washout,test-0007
38411ffe,axis1_access_vs_provenance_value-conflict_orderexp_interleaved_seed3009,interleaved,3009,post_washout,test-0008
7b71bd9c,axis1_access_vs_provenance_value-conflict_orderexp_interleaved_seed3009,interleaved,3009,post_washout,test-0008
781f9980,axis1_access_vs_provenance_value-conflict_orderexp_interleaved_seed3009,interleaved,3009,post_washout,test-0008
44bf748d,axis1_access_vs_provenance_value-conflict_orderexp_interleaved_seed3009,interleaved,3009,post_washout,test-0008
7d68bed8,axis1_access_vs_provenance_value-conflict_orderexp_interleaved_seed3009,interleaved,3009,post_washout,test-0008
c1c44b19,axis1_access_vs_provenance_value-conflict_orderexp_interleaved_seed3009,interleaved,3009,post_washout,test-0009
a9dcbfd4,axis1_access_vs_provenance_value-conflict_orderexp_interleaved_seed3009,interleaved,3009,post_washout,test-0009
4f57b7c8,axis1_access_vs_provenance_value-conflict_orderexp_interleaved_seed3009,interleaved,3009,post_washout,test-0009
ea4e5d3e,axis1_access_vs_provenance_value-conflict_orderexp_interleaved_seed3009,interleaved,3009,post_washout,test-0009
577e65de,axis1_access_vs_provenance_value-conflict_orderexp_interleaved_seed3009,interleaved,3009,post_washout,test-0009
1cda5179,axis1_access_vs_provenance_value-conflict_orderexp_interleaved_seed3009,interleaved,3009,post_washout,test-0010
526267be,axis1_access_vs_provenance_value-conflict_orderexp_interleaved_seed3009,interleaved,3009,post_washout,test-0010
5c0587f2,axis1_access_vs_provenance_value-conflict_orderexp_interleaved_seed3009,interleaved,3009,post_washout,test-0010
8dde254e,axis1_access_vs_provenance_value-conflict_orderexp_interleaved_seed3009,interleaved,3009,post_washout,test-0010
f5e49a15,axis1_access_vs_provenance_value-conflict_orderexp_interleaved_seed3009,interleaved,3009,post_washout,test-0010
b14abad1,axis1_access_vs_provenance_value-conflict_orderexp_interleaved_seed3009,interleaved,3009,post_washout,test-0011
7f7499c5,axis1_access_vs_provenance_value-conflict_orderexp_interleaved_seed3009,interleaved,3009,post_washout,test-0011
8440d579,axis1_access_vs_provenance_value-conflict_orderexp_interleaved_seed3009,interleaved,3009,post_washout,test-0011
b1928300,axis1_access_vs_provenance_value-conflict_orderexp_interleaved_seed3009,interleaved,3009,post_washout,test-0011
b3e55088,axis1_access_vs_provenance_value-conflict_orderexp_interleaved_seed3009,interleaved,3009,post_washout,test-0011
9f700491,axis1_access_vs_provenance_value-conflict_orderexp_interleaved_seed3009,interleaved,3009,post_washout,test-0012
6b33a4aa,axis1_access_vs_provenance_value-conflict_orderexp_interleaved_seed3009,interleaved,3009,post_washout,test-0012
7dfeef9b,axis1_access_vs_provenance_value-conflict_orderexp_interleaved_seed3009,interleaved,3009,post_washout,test-0012
a8f3e229,axis1_access_vs_provenance_value-conflict_orderexp_interleaved_seed3009,interleaved,3009,post_washout,test-0012
5d69c57f,axis1_access_vs_provenance_value-conflict_orderexp_interleaved_seed3009,interleaved,3009,post_washout,test-0012
ace024f5,axis1_access_vs_provenance_value-conflict_orderexp_interleaved_seed3009,interleaved,3009,post_washout,test-0013
85f327c3,axis1_access_vs_provenance_value-conflict_orderexp_interleaved_seed3009,interleaved,3009,post_washout,test-0013
a2822081,axis1_access_vs_provenance_value-conflict_orderexp_interleaved_seed3009,interleaved,3009,post_washout,test-0013
39b24f88,axis1_access_vs_provenance_value-conflict_orderexp_interleaved_seed3009,interleaved,3009,post_washout,test-0013
a43dee63,axis1_access_vs_provenance_value-conflict_orderexp_interleaved_seed3009,interleaved,3009,post_washout,test-0013
b20ae8ea,axis1_access_vs_provenance_value-conflict_orderexp_interleaved_seed3009,interleaved,3009,post_washout,test-0014
b65e8e9b,axis1_access_vs_provenance_value-conflict_orderexp_interleaved_seed3009,interleaved,3009,post_washout,test-0014
cfc26e13,axis1_access_vs_provenance_value-conflict_orderexp_interleaved_seed3009,interleaved,3009,post_washout,test-0014
c108e697,axis1_access_vs_provenance_value-conflict_orderexp_interleaved_seed3009,interleaved,3009,post_washout,test-0014
bd9a7c71,axis1_access_vs_provenance_value-conflict_orderexp_interleaved_seed3009,interleaved,3009,post_washout,test-0014
742d08f6,axis1_access_vs_provenance_value-conflict_orderexp_interleaved_seed3009,interleaved,3009,post_washout,test-0015
a58659c4,axis1_access_vs_provenance_value-conflict_orderexp_interleaved_seed3009,interleaved,3009,post_washout,test-0015
5f1f6ea8,axis1_access_vs_provenance_value-conflict_orderexp_interleaved_seed3009,interleaved,3009,post_washout,test-0015
1cde95ad,axis1_access_vs_provenance_value-conflict_orderexp_interleaved_seed3009,interleaved,3009,post_washout,test-0015
ffd24c96,axis1_access_vs_provenance_value-conflict_orderexp_interleaved_seed3009,interleaved,3009,post_washout,test-0015
2ede9360,axis1_access_vs_provenance_value-conflict_orderexp_interleaved_seed3009,interleaved,3009,post_washout,test-0016
e43a7ec4,axis1_access_vs_provenance_value-conflict_orderexp_interleaved_seed3009,interleaved,3009,post_washout,test-0016
2fe021ef,axis1_access_vs_provenance_value-conflict_orderexp_interleaved_seed3009,interleaved,3009,post_washout,test-0016
0ef113fe,axis1_access_vs_provenance_value-conflict_orderexp_interleaved_seed3009,interleaved,3009,post_washout,test-0016
ab9e3608,axis1_access_vs_provenance_value-conflict_orderexp_interleaved_seed3009,interleaved,3009,post_washout,test-0016
44c263d3,axis1_access_vs_provenance_value-conflict_orderexp_interleaved_seed3009,interleaved,3009,post_washout,test-0017
c2092424,axis1_access_vs_provenance_value-conflict_orderexp_interleaved_seed3009,interleaved,3009,post_washout,test-0017
c8536e2a,axis1_access_vs_provenance_value-conflict_orderexp_interleaved_seed3009,interleaved,3009,post_washout,test-0017
e26fab67,axis1_access_vs_provenance_value-conflict_orderexp_interleaved_seed3009,interleaved,3009,post_washout,test-0017
0dc86e0b,axis1_access_vs_provenance_value-conflict_orderexp_interleaved_seed3009,interleaved,3009,post_washout,test-0017
1a8e5052,axis1_access_vs_provenance_value-conflict_orderexp_interleaved_seed3009,interleaved,3009,post_washout,test-0018
6d68a697,axis1_access_vs_provenance_value-conflict_orderexp_interleaved_seed3009,interleaved,3009,post_washout,test-0018
308766b7,axis1_access_vs_provenance_value-conflict_orderexp_interleaved_seed3009,interleaved,3009,post_washout,test-0018
bf281235,axis1_access_vs_provenance_value-conflict_orderexp_interleaved_seed3009,interleaved,3009,post_washout,test-0018
6a4dad6a,axis1_access_vs_provenance_value-conflict_orderexp_interleaved_seed3009,interleaved,3009,post_washout,test-0018
cc1e9a79,axis1_access_vs_provenance_value-conflict_orderexp_interleaved_seed3009,interleaved,3009,post_washout,test-0019
d66662ef,axis1_access_vs_provenance_value-conflict_orderexp_interleaved_seed3009,interleaved,3009,post_washout,test-0019
a06b4cae,axis1_access_vs_provenance_value-conflict_orderexp_interleaved_seed3009,interleaved,3009,post_washout,test-0019
0dd82474,axis1_access_vs_provenance_value-conflict_orderexp_interleaved_seed3009,interleaved,3009,post_washout,test-0019
d770e95a,axis1_access_vs_provenance_value-conflict_orderexp_interleaved_seed3009,interleaved,3009,post_washout,test-0019
2e3c3ff9,axis1_access_vs_provenance_value-conflict_orderexp_interleaved_seed3009,interleaved,3009,post_washout,test-0020
c34b1dbe,axis1_access_vs_provenance_value-conflict_orderexp_interleaved_seed3009,interleaved,3009,post_washout,test-0020
6ae3ba8c,axis1_access_vs_provenance_value-conflict_orderexp_interleaved_seed3009,interleaved,3009,post_washout,test-0020
9a6a58bf,axis1_access_vs_provenance_value-conflict_orderexp_interleaved_seed3009,interleaved,3009,post_washout,test-0020
d11c7424,axis1_access_vs_provenance_value-conflict_orderexp_interleaved_seed3009,interleaved,3009,post_washout,test-0020
4ef59675,axis1_access_vs_provenance_value-conflict_orderexp_interleaved_seed3009,interleaved,3009,post_washout,test-0021
efee1c56,axis1_access_vs_provenance_value-conflict_orderexp_interleaved_seed3009,interleaved,3009,post_washout,test-0021
22ae3123,axis1_access_vs_provenance_value-conflict_orderexp_interleaved_seed3009,interleaved,3009,post_washout,test-0021
504df62a,axis1_access_vs_provenance_value-conflict_orderexp_interleaved_seed3009,interleaved,3009,post_washout,test-0021
9a2e6e91,axis1_access_vs_provenance_value-conflict_orderexp_interleaved_seed3009,interleaved,3009,post_washout,test-0021
e9610af1,axis1_access_vs_provenance_value-conflict_orderexp_interleaved_seed3009,interleaved,3009,post_washout,test-0022
e88744bb,axis1_access_vs_provenance_value-conflict_orderexp_interleaved_seed3009,interleaved,3009,post_washout,test-0022
7e56dc73,axis1_access_vs_provenance_value-conflict_orderexp_interleaved_seed3009,interleaved,3009,post_washout,test-0022
e2f3280f,axis1_access_vs_provenance_value-conflict_orderexp_interleaved_seed3009,interleaved,3009,post_washout,test-0022
21a4298b,axis1_access_vs_provenance_value-conflict_orderexp_interleaved_seed3009,interleaved,3009,post_washout,test-0022
1519ee13,axis1_access_vs_provenance_value-conflict_orderexp_interleaved_seed3009,interleaved,3009,post_washout,test-0023
48dedcc7,axis1_access_vs_provenance_value-conflict_orderexp_interleaved_seed3009,interleaved,3009,post_washout,test-0023
d921bce9,axis1_access_vs_provenance_value-conflict_orderexp_interleaved_seed3009,interleaved,3009,post_washout,test-0023
bd7e3d53,axis1_access_vs_provenance_value-conflict_orderexp_interleaved_seed3009,interleaved,3009,post_washout,test-0023
f38f3929,axis1_access_vs_provenance_value-conflict_orderexp_interleaved_seed3009,interleaved,3009,post_washout,test-0023
f55b33ae,axis1_access_vs_provenance_value-conflict_orderexp_interleaved_seed3009,interleaved,3009,post_washout,test-0024
d6ba4c47,axis1_access_vs_provenance_value-conflict_orderexp_interleaved_seed3009,interleaved,3009,post_washout,test-0024
0686b738,axis1_access_vs_provenance_value-conflict_orderexp_interleaved_seed3009,interleaved,3009,post_washout,test-0024
fee7209c,axis1_access_vs_provenance_value-conflict_orderexp_interleaved_seed3009,interleaved,3009,post_washout,test-0024
2f368a89,axis1_access_vs_provenance_value-conflict_orderexp_interleaved_seed3009,interleaved,3009,post_washout,test-0024
9d363174,axis1_access_vs_provenance_value-conflict_orderexp_interleaved_seed3010,interleaved,3010,post_washout,test-0001
7a9d457e,axis1_access_vs_provenance_value-conflict_orderexp_interleaved_seed3010,interleaved,3010,post_washout,test-0001
9d39a38c,axis1_access_vs_provenance_value-conflict_orderexp_interleaved_seed3010,interleaved,3010,post_washout,test-0001
5df6eb96,axis1_access_vs_provenance_value-conflict_orderexp_interleaved_seed3010,interleaved,3010,post_washout,test-0001
f43e49bf,axis1_access_vs_provenance_value-conflict_orderexp_interleaved_seed3010,interleaved,3010,post_washout,test-0001
682b7ea2,axis1_access_vs_provenance_value-conflict_orderexp_interleaved_seed3010,interleaved,3010,post_washout,test-0002
f93367dd,axis1_access_vs_provenance_value-conflict_orderexp_interleaved_seed3010,interleaved,3010,post_washout,test-0002
eafcc845,axis1_access_vs_provenance_value-conflict_orderexp_interleaved_seed3010,interleaved,3010,post_washout,test-0002
fd9ae32f,axis1_access_vs_provenance_value-conflict_orderexp_interleaved_seed3010,interleaved,3010,post_washout,test-0002
4c276b41,axis1_access_vs_provenance_value-conflict_orderexp_interleaved_seed3010,interleaved,3010,post_washout,test-0002
3af553a8,axis1_access_vs_provenance_value-conflict_orderexp_interleaved_seed3010,interleaved,3010,post_washout,test-0003
9f7c293f,axis1_access_vs_provenance_value-conflict_orderexp_interleaved_seed3010,interleaved,3010,post_washout,test-0003
ed20c138,axis1_access_vs_provenance_value-conflict_orderexp_interleaved_seed3010,interleaved,3010,post_washout,test-0003
d343384f,axis1_access_vs_provenance_value-conflict_orderexp_interleaved_seed3010,interleaved,3010,post_washout,test-0003
fd618837,axis1_access_vs_provenance_value-conflict_orderexp_interleaved_seed3010,interleaved,3010,post_washout,test-0003
dc5c6b9a,axis1_access_vs_provenance_value-conflict_orderexp_interleaved_seed3010,interleaved,3010,post_washout,test-0004
83b2f54d,axis1_access_vs_provenance_value-conflict_orderexp_interleaved_seed3010,interleaved,3010,post_washout,test-0004
32f57f19,axis1_access_vs_provenance_value-conflict_orderexp_interleaved_seed3010,interleaved,3010,post_washout,test-0004
0c9b68dd,axis1_access_vs_provenance_value-conflict_orderexp_interleaved_seed3010,interleaved,3010,post_washout,test-0004
2e5b8e94,axis1_access_vs_provenance_value-conflict_orderexp_interleaved_seed3010,interleaved,3010,post_washout,test-0004
86fbf077,axis1_access_vs_provenance_value-conflict_orderexp_interleaved_seed3010,interleaved,3010,post_washout,test-0005
fd224e61,axis1_access_vs_provenance_value-conflict_orderexp_interleaved_seed3010,interleaved,3010,post_washout,test-0005
c0127cc8,axis1_access_vs_provenance_value-conflict_orderexp_interleaved_seed3010,interleaved,3010,post_washout,test-0005
a40e2d31,axis1_access_vs_provenance_value-conflict_orderexp_interleaved_seed3010,interleaved,3010,post_washout,test-0005
00cc2580,axis1_access_vs_provenance_value-conflict_orderexp_interleaved_seed3010,interleaved,3010,post_washout,test-0005
32450aff,axis1_access_vs_provenance_value-conflict_orderexp_interleaved_seed3010,interleaved,3010,post_washout,test-0006
f6d9ff66,axis1_access_vs_provenance_value-conflict_orderexp_interleaved_seed3010,interleaved,3010,post_washout,test-0006
d7018d83,axis1_access_vs_provenance_value-conflict_orderexp_interleaved_seed3010,interleaved,3010,post_washout,test-0006
3a9171a6,axis1_access_vs_provenance_value-conflict_orderexp_interleaved_seed3010,interleaved,3010,post_washout,test-0006
571e1015,axis1_access_vs_provenance_value-conflict_orderexp_interleaved_seed3010,interleaved,3010,post_washout,test-0006
2d487f0d,axis1_access_vs_provenance_value-conflict_orderexp_interleaved_seed3010,interleaved,3010,post_washout,test-0007
9fa3c538,axis1_access_vs_provenance_value-conflict_orderexp_interleaved_seed3010,interleaved,3010,post_washout,test-0007
7c9c09e5,axis1_access_vs_provenance_value-conflict_orderexp_interleaved_seed3010,interleaved,3010,post_washout,test-0007
e341df6b,axis1_access_vs_provenance_value-conflict_orderexp_interleaved_seed3010,interleaved,3010,post_washout,test-0007
2e4803a6,axis1_access_vs_provenance_value-conflict_orderexp_interleaved_seed3010,interleaved,3010,post_washout,test-0007
2530aba6,axis1_access_vs_provenance_value-conflict_orderexp_interleaved_seed3010,interleaved,3010,post_washout,test-0008
856818db,axis1_access_vs_provenance_value-conflict_orderexp_interleaved_seed3010,interleaved,3010,post_washout,test-0008
4a6e2972,axis1_access_vs_provenance_value-conflict_orderexp_interleaved_seed3010,interleaved,3010,post_washout,test-0008
95c511f3,axis1_access_vs_provenance_value-conflict_orderexp_interleaved_seed3010,interleaved,3010,post_washout,test-0008
baa0b300,axis1_access_vs_provenance_value-conflict_orderexp_interleaved_seed3010,interleaved,3010,post_washout,test-0008
f489cb09,axis1_access_vs_provenance_value-conflict_orderexp_interleaved_seed3010,interleaved,3010,post_washout,test-0009
43f0577a,axis1_access_vs_provenance_value-conflict_orderexp_interleaved_seed3010,interleaved,3010,post_washout,test-0009
df2f2138,axis1_access_vs_provenance_value-conflict_orderexp_interleaved_seed3010,interleaved,3010,post_washout,test-0009
61b51a33,axis1_access_vs_provenance_value-conflict_orderexp_interleaved_seed3010,interleaved,3010,post_washout,test-0009
78f15476,axis1_access_vs_provenance_value-conflict_orderexp_interleaved_seed3010,interleaved,3010,post_washout,test-0009
86853e0e,axis1_access_vs_provenance_value-conflict_orderexp_interleaved_seed3010,interleaved,3010,post_washout,test-0010
0fd7e294,axis1_access_vs_provenance_value-conflict_orderexp_interleaved_seed3010,interleaved,3010,post_washout,test-0010
cae64a50,axis1_access_vs_provenance_value-conflict_orderexp_interleaved_seed3010,interleaved,3010,post_washout,test-0010
aae8ec10,axis1_access_vs_provenance_value-conflict_orderexp_interleaved_seed3010,interleaved,3010,post_washout,test-0010
435abffa,axis1_access_vs_provenance_value-conflict_orderexp_interleaved_seed3010,interleaved,3010,post_washout,test-0010
65cf5960,axis1_access_vs_provenance_value-conflict_orderexp_interleaved_seed3010,interleaved,3010,post_washout,test-0011
af6734bd,axis1_access_vs_provenance_value-conflict_orderexp_interleaved_seed3010,interleaved,3010,post_washout,test-0011
57a75ec0,axis1_access_vs_provenance_value-conflict_orderexp_interleaved_seed3010,interleaved,3010,post_washout,test-0011
0b05d45d,axis1_access_vs_provenance_value-conflict_orderexp_interleaved_seed3010,interleaved,3010,post_washout,test-0011
3706c5ab,axis1_access_vs_provenance_value-conflict_orderexp_interleaved_seed3010,interleaved,3010,post_washout,test-0011
4a355296,axis1_access_vs_provenance_value-conflict_orderexp_interleaved_seed3010,interleaved,3010,post_washout,test-0012
4e93f117,axis1_access_vs_provenance_value-conflict_orderexp_interleaved_seed3010,interleaved,3010,post_washout,test-0012
89f52085,axis1_access_vs_provenance_value-conflict_orderexp_interleaved_seed3010,interleaved,3010,post_washout,test-0012
eeef0503,axis1_access_vs_provenance_value-conflict_orderexp_interleaved_seed3010,interleaved,3010,post_washout,test-0012
973a0feb,axis1_access_vs_provenance_value-conflict_orderexp_interleaved_seed3010,interleaved,3010,post_washout,test-0012
13e18e43,axis1_access_vs_provenance_value-conflict_orderexp_interleaved_seed3010,interleaved,3010,post_washout,test-0013
90ad0b07,axis1_access_vs_provenance_value-conflict_orderexp_interleaved_seed3010,interleaved,3010,post_washout,test-0013
e0dfa837,axis1_access_vs_provenance_value-conflict_orderexp_interleaved_seed3010,interleaved,3010,post_washout,test-0013
5556680b,axis1_access_vs_provenance_value-conflict_orderexp_interleaved_seed3010,interleaved,3010,post_washout,test-0013
083a256e,axis1_access_vs_provenance_value-conflict_orderexp_interleaved_seed3010,interleaved,3010,post_washout,test-0013
0b0e7025,axis1_access_vs_provenance_value-conflict_orderexp_interleaved_seed3010,interleaved,3010,post_washout,test-0014
664a8d0d,axis1_access_vs_provenance_value-conflict_orderexp_interleaved_seed3010,interleaved,3010,post_washout,test-0014
19f77ae4,axis1_access_vs_provenance_value-conflict_orderexp_interleaved_seed3010,interleaved,3010,post_washout,test-0014
aa691449,axis1_access_vs_provenance_value-conflict_orderexp_interleaved_seed3010,interleaved,3010,post_washout,test-0014
437bc420,axis1_access_vs_provenance_value-conflict_orderexp_interleaved_seed3010,interleaved,3010,post_washout,test-0014
6ec7b872,axis1_access_vs_provenance_value-conflict_orderexp_interleaved_seed3010,interleaved,3010,post_washout,test-0015
12e02063,axis1_access_vs_provenance_value-conflict_orderexp_interleaved_seed3010,interleaved,3010,post_washout,test-0015
9a165c3d,axis1_access_vs_provenance_value-conflict_orderexp_interleaved_seed3010,interleaved,3010,post_washout,test-0015
c59a20df,axis1_access_vs_provenance_value-conflict_orderexp_interleaved_seed3010,interleaved,3010,post_washout,test-0015
6f29d375,axis1_access_vs_provenance_value-conflict_orderexp_interleaved_seed3010,interleaved,3010,post_washout,test-0015
a9ca1c4b,axis1_access_vs_provenance_value-conflict_orderexp_interleaved_seed3010,interleaved,3010,post_washout,test-0016
edcb0b0c,axis1_access_vs_provenance_value-conflict_orderexp_interleaved_seed3010,interleaved,3010,post_washout,test-0016
4ec985e0,axis1_access_vs_provenance_value-conflict_orderexp_interleaved_seed3010,interleaved,3010,post_washout,test-0016
cb8655f1,axis1_access_vs_provenance_value-conflict_orderexp_interleaved_seed3010,interleaved,3010,post_washout,test-0016
30085b24,axis1_access_vs_provenance_value-conflict_orderexp_interleaved_seed3010,interleaved,3010,post_washout,test-0016
5a3c838d,axis1_access_vs_provenance_value-conflict_orderexp_interleaved_seed3010,interleaved,3010,post_washout,test-0017
4e0c32a4,axis1_access_vs_provenance_value-conflict_orderexp_interleaved_seed3010,interleaved,3010,post_washout,test-0017
8ba35844,axis1_access_vs_provenance_value-conflict_orderexp_interleaved_seed3010,interleaved,3010,post_washout,test-0017
ab4acdd7,axis1_access_vs_provenance_value-conflict_orderexp_interleaved_seed3010,interleaved,3010,post_washout,test-0017
3b1f45fa,axis1_access_vs_provenance_value-conflict_orderexp_interleaved_seed3010,interleaved,3010,post_washout,test-0017
a53f36ab,axis1_access_vs_provenance_value-conflict_orderexp_interleaved_seed3010,interleaved,3010,post_washout,test-0018
c6b8bdc3,axis1_access_vs_provenance_value-conflict_orderexp_interleaved_seed3010,interleaved,3010,post_washout,test-0018
562b7da5,axis1_access_vs_provenance_value-conflict_orderexp_interleaved_seed3010,interleaved,3010,post_washout,test-0018
feaf34c7,axis1_access_vs_provenance_value-conflict_orderexp_interleaved_seed3010,interleaved,3010,post_washout,test-0018
aed98883,axis1_access_vs_provenance_value-conflict_orderexp_interleaved_seed3010,interleaved,3010,post_washout,test-0018
d336cd14,axis1_access_vs_provenance_value-conflict_orderexp_interleaved_seed3010,interleaved,3010,post_washout,test-0019
48b343ec,axis1_access_vs_provenance_value-conflict_orderexp_interleaved_seed3010,interleaved,3010,post_washout,test-0019
dc6ebfeb,axis1_access_vs_provenance_value-conflict_orderexp_interleaved_seed3010,interleaved,3010,post_washout,test-0019
08634166,axis1_access_vs_provenance_value-conflict_orderexp_interleaved_seed3010,interleaved,3010,post_washout,test-0019
6138c75c,axis1_access_vs_provenance_value-conflict_orderexp_interleaved_seed3010,interleaved,3010,post_washout,test-0019
614123a8,axis1_access_vs_provenance_value-conflict_orderexp_interleaved_seed3010,interleaved,3010,post_washout,test-0020
ff65d8e7,axis1_access_vs_provenance_value-conflict_orderexp_interleaved_seed3010,interleaved,3010,post_washout,test-0020
a4ac0852,axis1_access_vs_provenance_value-conflict_orderexp_interleaved_seed3010,interleaved,3010,post_washout,test-0020
8bf8a9aa,axis1_access_vs_provenance_value-conflict_orderexp_interleaved_seed3010,interleaved,3010,post_washout,test-0020
c9de6fe1,axis1_access_vs_provenance_value-conflict_orderexp_interleaved_seed3010,interleaved,3010,post_washout,test-0020
d955cc50,axis1_access_vs_provenance_value-conflict_orderexp_interleaved_seed3010,interleaved,3010,post_washout,test-0021
aff0c2a7,axis1_access_vs_provenance_value-conflict_orderexp_interleaved_seed3010,interleaved,3010,post_washout,test-0021
eef2171f,axis1_access_vs_provenance_value-conflict_orderexp_interleaved_seed3010,interleaved,3010,post_washout,test-0021
a93376a1,axis1_access_vs_provenance_value-conflict_orderexp_interleaved_seed3010,interleaved,3010,post_washout,test-0021
60179691,axis1_access_vs_provenance_value-conflict_orderexp_interleaved_seed3010,interleaved,3010,post_washout,test-0021
a9481950,axis1_access_vs_provenance_value-conflict_orderexp_interleaved_seed3010,interleaved,3010,post_washout,test-0022
7d787983,axis1_access_vs_provenance_value-conflict_orderexp_interleaved_seed3010,interleaved,3010,post_washout,test-0022
bd724ba3,axis1_access_vs_provenance_value-conflict_orderexp_interleaved_seed3010,interleaved,3010,post_washout,test-0022
d2b4a5a5,axis1_access_vs_provenance_value-conflict_orderexp_interleaved_seed3010,interleaved,3010,post_washout,test-0022
a25bdfd9,axis1_access_vs_provenance_value-conflict_orderexp_interleaved_seed3010,interleaved,3010,post_washout,test-0022
1f7b3630,axis1_access_vs_provenance_value-conflict_orderexp_interleaved_seed3010,interleaved,3010,post_washout,test-0023
154fdfc1,axis1_access_vs_provenance_value-conflict_orderexp_interleaved_seed3010,interleaved,3010,post_washout,test-0023
4e98ef85,axis1_access_vs_provenance_value-conflict_orderexp_interleaved_seed3010,interleaved,3010,post_washout,test-0023
0665f41e,axis1_access_vs_provenance_value-conflict_orderexp_interleaved_seed3010,interleaved,3010,post_washout,test-0023
3ba27c5f,axis1_access_vs_provenance_value-conflict_orderexp_interleaved_seed3010,interleaved,3010,post_washout,test-0023
a5dbfca3,axis1_access_vs_provenance_value-conflict_orderexp_interleaved_seed3010,interleaved,3010,post_washout,test-0024
053da590,axis1_access_vs_provenance_value-conflict_orderexp_interleaved_seed3010,interleaved,3010,post_washout,test-0024
59fdaa59,axis1_access_vs_provenance_value-conflict_orderexp_interleaved_seed3010,interleaved,3010,post_washout,test-0024
31bdabf6,axis1_access_vs_provenance_value-conflict_orderexp_interleaved_seed3010,interleaved,3010,post_washout,test-0024
1c19dcc5,axis1_access_vs_provenance_value-conflict_orderexp_interleaved_seed3010,interleaved,3010,post_washout,test-0024
