label_id,run_name,condition,seed,checkpoint_boundary,scenario_id
7afb7646,axis1_access_vs_provenance_value-conflict_orderexp_A_first_seed3001,A_first,3001,post_phase1,test-0001
037e775f,axis1_access_vs_provenance_value-conflict_orderexp_A_first_seed3001,A_first,3001,post_phase1,test-0002
538b80ac,axis1_access_vs_provenance_value-conflict_orderexp_A_first_seed3001,A_first,3001,post_phase1,test-0003
fc0a4c18,axis1_access_vs_provenance_value-conflict_orderexp_A_first_seed3001,A_first,3001,post_phase1,test-0004
700ca575,axis1_access_vs_provenance_value-conflict_orderexp_A_first_seed3001,A_first,3001,post_phase1,test-0005
0e1aa226,axis1_access_vs_provenance_value-conflict_orderexp_A_first_seed3001,A_first,3001,post_phase1,test-0006
2e943e44,axis1_access_vs_provenance_value-conflict_orderexp_A_first_seed3001,A_first,3001,post_phase1,test-0007
3fefc5a5,axis1_access_vs_provenance_value-conflict_orderexp_A_first_seed3001,A_first,3001,post_phase1,test-0008
bf115ed0,axis1_access_vs_provenance_value-conflict_orderexp_A_first_seed3001,A_first,3001,post_phase1,test-0009
9cd515eb,axis1_access_vs_provenance_value-conflict_orderexp_A_first_seed3001,A_first,3001,post_phase1,test-0010
1ce013d6,axis1_access_vs_provenance_value-conflict_orderexp_A_first_seed3001,A_first,3001,post_phase1,test-0011
9fc98627,axis1_access_vs_provenance_value-conflict_orderexp_A_first_seed3001,A_first,3001,post_phase1,test-0012
383f64d0,axis1_access_vs_provenance_value-conflict_orderexp_A_first_seed3001,A_first,3001,post_phase1,test-0013
040d0fc0,axis1_access_vs_provenance_value-conflict_orderexp_A_first_seed3001,A_first,3001,post_phase1,test-0014
ee629345,axis1_access_vs_provenance_value-conflict_orderexp_A_first_seed3001,A_first,3001,post_phase1,test-0015
3b76e75a,axis1_access_vs_provenance_value-conflict_orderexp_A_first_seed3001,A_first,3001,post_phase1,test-0016
e6ad0937,axis1_access_vs_provenance_value-conflict_orderexp_A_first_seed3001,A_first,3001,post_phase1,test-0017
2bbce4c5,axis1_access_vs_provenance_value-conflict_orderexp_A_first_seed3001,A_first,3001,post_phase1,test-0018
e734b604,axis1_access_vs_provenance_value-conflict_orderexp_A_first_seed3001,A_first,3001,post_phase1,test-0019
fef72411,axis1_access_vs_provenance_value-conflict_orderexp_A_first_seed3001,A_first,3001,post_phase1,test-0020
1a661de1,axis1_access_vs_provenance_value-conflict_orderexp_A_first_seed3001,A_first,3001,post_phase1,test-0021
f11ca91f,axis1_access_vs_provenance_value-conflict_orderexp_A_first_seed3001,A_first,3001,post_phase1,test-0022
bad8fabe,axis1_access_vs_provenance_value-conflict_orderexp_A_first_seed3001,A_first,3001,post_phase1,test-0023
86879385,axis1_access_vs_provenance_value-conflict_orderexp_A_first_seed3001,A_first,3001,post_phase1,test-0024
fcd9def4,axis1_access_vs_provenance_value-conflict_orderexp_A_first_seed3001,A_first,3001,pre_washout,test-0001
d395db78,axis1_access_vs_provenance_value-conflict_orderexp_A_first_seed3001,A_first,3001,pre_washout,test-0002
4daf489d,axis1_access_vs_provenance_value-conflict_orderexp_A_first_seed3001,A_first,3001,pre_washout,test-0003
6ad01154,axis1_access_vs_provenance_value-conflict_orderexp_A_first_seed3001,A_first,3001,pre_washout,test-0004
f947fe75,axis1_access_vs_provenance_value-conflict_orderexp_A_first_seed3001,A_first,3001,pre_washout,test-0005
2a4c8afb,axis1_access_vs_provenance_value-conflict_orderexp_A_first_seed3001,A_first,3001,pre_washout,test-0006
59b59d29,axis1_access_vs_provenance_value-conflict_orderexp_A_first_seed3001,A_first,3001,pre_washout,test-0007
8fd3a963,axis1_access_vs_provenance_value-conflict_orderexp_A_first_seed3001,A_first,3001,pre_washout,test-0008
c7fb2da9,axis1_access_vs_provenance_value-conflict_orderexp_A_first_seed3001,A_first,3001,pre_washout,test-0009
529ba267,axis1_access_vs_provenance_value-conflict_orderexp_A_first_seed3001,A_first,3001,pre_washout,test-0010
cf3ffbd3,axis1_access_vs_provenance_value-conflict_orderexp_A_first_seed3001,A_first,3001,pre_washout,test-0011
5abfe2f6,axis1_access_vs_provenance_value-conflict_orderexp_A_first_seed3001,A_first,3001,pre_washout,test-0012
28ade029,axis1_access_vs_provenance_value-conflict_orderexp_A_first_seed3001,A_first,3001,pre_washout,test-0013
fc5779a4,axis1_access_vs_provenance_value-conflict_orderexp_A_first_seed3001,A_first,3001,pre_washout,test-0014
b10941dc,axis1_access_vs_provenance_value-conflict_orderexp_A_first_seed3001,A_first,3001,pre_washout,test-0015
fdea900b,axis1_access_vs_provenance_value-conflict_orderexp_A_first_seed3001,A_first,3001,pre_washout,test-0016
2288b6c7,axis1_access_vs_provenance_value-conflict_orderexp_A_first_seed3001,A_first,3001,pre_washout,test-0017
0a9c3b73,axis1_access_vs_provenance_value-conflict_orderexp_A_first_seed3001,A_first,3001,pre_washout,test-0018
6ebf80f7,axis1_access_vs_provenance_value-conflict_orderexp_A_first_seed3001,A_first,3001,pre_washout,test-0019
91b6395d,axis1_access_vs_provenance_value-conflict_orderexp_A_first_seed3001,A_first,3001,pre_washout,test-0020
e1f9292b,axis1_access_vs_provenance_value-conflict_orderexp_A_first_seed3001,A_first,3001,pre_washout,test-0021
96082b39,axis1_access_vs_provenance_value-conflict_orderexp_A_first_seed3001,A_first,3001,pre_washout,test-0022
f8b0dc1f,axis1_access_vs_provenance_value-conflict_orderexp_A_first_seed3001,A_first,3001,pre_washout,test-0023
11e06f43,axis1_access_vs_provenance_value-conflict_orderexp_A_first_seed3001,A_first,3001,pre_washout,test-0024
014848bd,axis1_access_vs_provenance_value-conflict_orderexp_A_first_seed3001,A_first,3001,post_washout,test-0001
e82da960,axis1_access_vs_provenance_value-conflict_orderexp_A_first_seed3001,A_first,3001,post_washout,test-0002
7b9e9027,axis1_access_vs_provenance_value-conflict_orderexp_A_first_seed3001,A_first,3001,post_washout,test-0003
9d723c5f,axis1_access_vs_provenance_value-conflict_orderexp_A_first_seed3001,A_first,3001,post_washout,test-0004
4843e4b0,axis1_access_vs_provenance_value-conflict_orderexp_A_first_seed3001,A_first,3001,post_washout,test-0005
a2d19bcd,axis1_access_vs_provenance_value-conflict_orderexp_A_first_seed3001,A_first,3001,post_washout,test-0006
fe94112d,axis1_access_vs_provenance_value-conflict_orderexp_A_first_seed3001,A_first,3001,post_washout,test-0007
c6bb54c7,axis1_access_vs_provenance_value-conflict_orderexp_A_first_seed3001,A_first,3001,post_washout,test-0008
4d05a187,axis1_access_vs_provenance_value-conflict_orderexp_A_first_seed3001,A_first,3001,post_washout,test-0009
07543798,axis1_access_vs_provenance_value-conflict_orderexp_A_first_seed3001,A_first,3001,post_washout,test-0010
8e12e1fe,axis1_access_vs_provenance_value-conflict_orderexp_A_first_seed3001,A_first,3001,post_washout,test-0011
a33134dc,axis1_access_vs_provenance_value-conflict_orderexp_A_first_seed3001,A_first,3001,post_washout,test-0012
fd387f17,axis1_access_vs_provenance_value-conflict_orderexp_A_first_seed3001,A_first,3001,post_washout,test-0013
6a56419c,axis1_access_vs_provenance_value-conflict_orderexp_A_first_seed3001,A_first,3001,post_washout,test-0014
f13ebfef,axis1_access_vs_provenance_value-conflict_orderexp_A_first_seed3001,A_first,3001,post_washout,test-0015
ffef63e5,axis1_access_vs_provenance_value-conflict_orderexp_A_first_seed3001,A_first,3001,post_washout,test-0016
4c87e739,axis1_access_vs_provenance_value-conflict_orderexp_A_first_seed3001,A_first,3001,post_washout,test-0017
2e965c65,axis1_access_vs_provenance_value-conflict_orderexp_A_first_seed3001,A_first,3001,post_washout,test-0018
247b1e7d,axis1_access_vs_provenance_value-conflict_orderexp_A_first_seed3001,A_first,3001,post_washout,test-0019
57adb476,axis1_access_vs_provenance_value-conflict_orderexp_A_first_seed3001,A_first,3001,post_washout,test-0020
08e7cc9b,axis1_access_vs_provenance_value-conflict_orderexp_A_first_seed3001,A_first,3001,post_washout,test-0021
c5cf218e,axis1_access_vs_provenance_value-conflict_orderexp_A_first_seed3001,A_first,3001,post_washout,test-0022
f7e91e19,axis1_access_vs_provenance_value-conflict_orderexp_A_first_seed3001,A_first,3001,post_washout,test-0023
3b1ed52a,axis1_access_vs_provenance_value-conflict_orderexp_A_first_seed3001,A_first,3001,post_washout,test-0024
6843a498,axis1_access_vs_provenance_value-conflict_orderexp_B_first_seed3001,B_first,3001,post_phase1,test-0001
416165de,axis1_access_vs_provenance_value-conflict_orderexp_B_first_seed3001,B_first,3001,post_phase1,test-0002
3c9b5d26,axis1_access_vs_provenance_value-conflict_orderexp_B_first_seed3001,B_first,3001,post_phase1,test-0003
92713425,axis1_access_vs_provenance_value-conflict_orderexp_B_first_seed3001,B_first,3001,post_phase1,test-0004
e7a438d5,axis1_access_vs_provenance_value-conflict_orderexp_B_first_seed3001,B_first,3001,post_phase1,test-0005
80ec4ee6,axis1_access_vs_provenance_value-conflict_orderexp_B_first_seed3001,B_first,3001,post_phase1,test-0006
2a341f58,axis1_access_vs_provenance_value-conflict_orderexp_B_first_seed3001,B_first,3001,post_phase1,test-0007
904d1a84,axis1_access_vs_provenance_value-conflict_orderexp_B_first_seed3001,B_first,3001,post_phase1,test-0008
b805a88b,axis1_access_vs_provenance_value-conflict_orderexp_B_first_seed3001,B_first,3001,post_phase1,test-0009
197f74c7,axis1_access_vs_provenance_value-conflict_orderexp_B_first_seed3001,B_first,3001,post_phase1,test-0010
6c37ffbb,axis1_access_vs_provenance_value-conflict_orderexp_B_first_seed3001,B_first,3001,post_phase1,test-0011
c8cc3ac5,axis1_access_vs_provenance_value-conflict_orderexp_B_first_seed3001,B_first,3001,post_phase1,test-0012
974997c6,axis1_access_vs_provenance_value-conflict_orderexp_B_first_seed3001,B_first,3001,post_phase1,test-0013
76e346e5,axis1_access_vs_provenance_value-conflict_orderexp_B_first_seed3001,B_first,3001,post_phase1,test-0014
0f537c59,axis1_access_vs_provenance_value-conflict_orderexp_B_first_seed3001,B_first,3001,post_phase1,test-0015
a3feb715,axis1_access_vs_provenance_value-conflict_orderexp_B_first_seed3001,B_first,3001,post_phase1,test-0016
8d5f00f7,axis1_access_vs_provenance_value-conflict_orderexp_B_first_seed3001,B_first,3001,post_phase1,test-0017
b63d606b,axis1_access_vs_provenance_value-conflict_orderexp_B_first_seed3001,B_first,3001,post_phase1,test-0018
00f3b41d,axis1_access_vs_provenance_value-conflict_orderexp_B_first_seed3001,B_first,3001,post_phase1,test-0019
a36ab267,axis1_access_vs_provenance_value-conflict_orderexp_B_first_seed3001,B_first,3001,post_phase1,test-0020
d796676b,axis1_access_vs_provenance_value-conflict_orderexp_B_first_seed3001,B_first,3001,post_phase1,test-0021
090d92a3,axis1_access_vs_provenance_value-conflict_orderexp_B_first_seed3001,B_first,3001,post_phase1,test-0022
1a700ab4,axis1_access_vs_provenance_value-conflict_orderexp_B_first_seed3001,B_first,3001,post_phase1,test-0023
23fb984e,axis1_access_vs_provenance_value-conflict_orderexp_B_first_seed3001,B_first,3001,post_phase1,test-0024
8dbd0daa,axis1_access_vs_provenance_value-conflict_orderexp_B_first_seed3001,B_first,3001,pre_washout,test-0001
93fbf33a,axis1_access_vs_provenance_value-conflict_orderexp_B_first_seed3001,B_first,3001,pre_washout,test-0002
f11e9056,axis1_access_vs_provenance_value-conflict_orderexp_B_first_seed3001,B_first,3001,pre_washout,test-0003
3c6135c3,axis1_access_vs_provenance_value-conflict_orderexp_B_first_seed3001,B_first,3001,pre_washout,test-0004
0fc1be0e,axis1_access_vs_provenance_value-conflict_orderexp_B_first_seed3001,B_first,3001,pre_washout,test-0005
97bb03f2,axis1_access_vs_provenance_value-conflict_orderexp_B_first_seed3001,B_first,3001,pre_washout,test-0006
546c8d8d,axis1_access_vs_provenance_value-conflict_orderexp_B_first_seed3001,B_first,3001,pre_washout,test-0007
4306605e,axis1_access_vs_provenance_value-conflict_orderexp_B_first_seed3001,B_first,3001,pre_washout,test-0008
0313dc10,axis1_access_vs_provenance_value-conflict_orderexp_B_first_seed3001,B_first,3001,pre_washout,test-0009
7ddea12d,axis1_access_vs_provenance_value-conflict_orderexp_B_first_seed3001,B_first,3001,pre_washout,test-0010
e4a08469,axis1_access_vs_provenance_value-conflict_orderexp_B_first_seed3001,B_first,3001,pre_washout,test-0011
320e824e,axis1_access_vs_provenance_value-conflict_orderexp_B_first_seed3001,B_first,3001,pre_washout,test-0012
0985701c,axis1_access_vs_provenance_value-conflict_orderexp_B_first_seed3001,B_first,3001,pre_washout,test-0013
061f8b66,axis1_access_vs_provenance_value-conflict_orderexp_B_first_seed3001,B_first,3001,pre_washout,test-0014
f70f84cf,axis1_access_vs_provenance_value-conflict_orderexp_B_first_seed3001,B_first,3001,pre_washout,test-0015
be4ea34c,axis1_access_vs_provenance_value-conflict_orderexp_B_first_seed3001,B_first,3001,pre_washout,test-0016
1c6e866d,axis1_access_vs_provenance_value-conflict_orderexp_B_first_seed3001,B_first,3001,pre_washout,test-0017
d5c651f3,axis1_access_vs_provenance_value-conflict_orderexp_B_first_seed3001,B_first,3001,pre_washout,test-0018
73cd8291,axis1_access_vs_provenance_value-conflict_orderexp_B_first_seed3001,B_first,3001,pre_washout,test-0019
1b4c9a49,axis1_access_vs_provenance_value-conflict_orderexp_B_first_seed3001,B_first,3001,pre_washout,test-0020
2fce4d81,axis1_access_vs_provenance_value-conflict_orderexp_B_first_seed3001,B_first,3001,pre_washout,test-0021
99e2e0eb,axis1_access_vs_provenance_value-conflict_orderexp_B_first_seed3001,B_first,3001,pre_washout,test-0022
5510bb9d,axis1_access_vs_provenance_value-conflict_orderexp_B_first_seed3001,B_first,3001,pre_washout,test-0023
12573e6f,axis1_access_vs_provenance_value-conflict_orderexp_B_first_seed3001,B_first,3001,pre_washout,test-0024
59591462,axis1_access_vs_provenance_value-conflict_orderexp_B_first_seed3001,B_first,3001,post_washout,test-0001
d0aa84cb,axis1_access_vs_provenance_value-conflict_orderexp_B_first_seed3001,B_first,3001,post_washout,test-0002
ad6f3607,axis1_access_vs_provenance_value-conflict_orderexp_B_first_seed3001,B_first,3001,post_washout,test-0003
4c121e90,axis1_access_vs_provenance_value-conflict_orderexp_B_first_seed3001,B_first,3001,post_washout,test-0004
8694bce6,axis1_access_vs_provenance_value-conflict_orderexp_B_first_seed3001,B_first,3001,post_washout,test-0005
f84b8925,axis1_access_vs_provenance_value-conflict_orderexp_B_first_seed3001,B_first,3001,post_washout,test-0006
9492b0fc,axis1_access_vs_provenance_value-conflict_orderexp_B_first_seed3001,B_first,3001,post_washout,test-0007
360eed2c,axis1_access_vs_provenance_value-conflict_orderexp_B_first_seed3001,B_first,3001,post_washout,test-0008
6fd29e6f,axis1_access_vs_provenance_value-conflict_orderexp_B_first_seed3001,B_first,3001,post_washout,test-0009
665b25b8,axis1_access_vs_provenance_value-conflict_orderexp_B_first_seed3001,B_first,3001,post_washout,test-0010
3ba714ba,axis1_access_vs_provenance_value-conflict_orderexp_B_first_seed3001,B_first,3001,post_washout,test-0011
f474098a,axis1_access_vs_provenance_value-conflict_orderexp_B_first_seed3001,B_first,3001,post_washout,test-0012
36deca05,axis1_access_vs_provenance_value-conflict_orderexp_B_first_seed3001,B_first,3001,post_washout,test-0013
2a24f675,axis1_access_vs_provenance_value-conflict_orderexp_B_first_seed3001,B_first,3001,post_washout,test-0014
906376a9,axis1_access_vs_provenance_value-conflict_orderexp_B_first_seed3001,B_first,3001,post_washout,test-0015
de97868f,axis1_access_vs_provenance_value-conflict_orderexp_B_first_seed3001,B_first,3001,post_washout,test-0016
4f77b095,axis1_access_vs_provenance_value-conflict_orderexp_B_first_seed3001,B_first,3001,post_washout,test-0017
73f22b42,axis1_access_vs_provenance_value-conflict_orderexp_B_first_seed3001,B_first,3001,post_washout,test-0018
41980918,axis1_access_vs_provenance_value-conflict_orderexp_B_first_seed3001,B_first,3001,post_washout,test-0019
bd3b1bf5,axis1_access_vs_provenance_value-conflict_orderexp_B_first_seed3001,B_first,3001,post_washout,test-0020
d484f368,axis1_access_vs_provenance_value-conflict_orderexp_B_first_seed3001,B_first,3001,post_washout,test-0021
69bdd762,axis1_access_vs_provenance_value-conflict_orderexp_B_first_seed3001,B_first,3001,post_washout,test-0022
fa67ecb6,axis1_access_vs_provenance_value-conflict_orderexp_B_first_seed3001,B_first,3001,post_washout,test-0023
39d0b453,axis1_access_vs_provenance_value-conflict_orderexp_B_first_seed3001,B_first,3001,post_washout,test-0024
525d9078,axis1_access_vs_provenance_value-conflict_orderexp_interleaved_seed3001,interleaved,3001,pre_washout,test-0001
196193f1,axis1_access_vs_provenance_value-conflict_orderexp_interleaved_seed3001,interleaved,3001,pre_washout,test-0002
4da3bd1f,axis1_access_vs_provenance_value-conflict_orderexp_interleaved_seed3001,interleaved,3001,pre_washout,test-0003
b35bad63,axis1_access_vs_provenance_value-conflict_orderexp_interleaved_seed3001,interleaved,3001,pre_washout,test-0004
6ab4dbea,axis1_access_vs_provenance_value-conflict_orderexp_interleaved_seed3001,interleaved,3001,pre_washout,test-0005
67c11604,axis1_access_vs_provenance_value-conflict_orderexp_interleaved_seed3001,interleaved,3001,pre_washout,test-0006
f4756f13,axis1_access_vs_provenance_value-conflict_orderexp_interleaved_seed3001,interleaved,3001,pre_washout,test-0007
fab5bcc6,axis1_access_vs_provenance_value-conflict_orderexp_interleaved_seed3001,interleaved,3001,pre_washout,test-0008
3f6f5486,axis1_access_vs_provenance_value-conflict_orderexp_interleaved_seed3001,interleaved,3001,pre_washout,test-0009
7f2fa845,axis1_access_vs_provenance_value-conflict_orderexp_interleaved_seed3001,interleaved,3001,pre_washout,test-0010
844b07b9,axis1_access_vs_provenance_value-conflict_orderexp_interleaved_seed3001,interleaved,3001,pre_washout,test-0011
998233f6,axis1_access_vs_provenance_value-conflict_orderexp_interleaved_seed3001,interleaved,3001,pre_washout,test-0012
9ec8d692,axis1_access_vs_provenance_value-conflict_orderexp_interleaved_seed3001,interleaved,3001,pre_washout,test-0013
343b3ae9,axis1_access_vs_provenance_value-conflict_orderexp_interleaved_seed3001,interleaved,3001,pre_washout,test-0014
eeeb7825,axis1_access_vs_provenance_value-conflict_orderexp_interleaved_seed3001,interleaved,3001,pre_washout,test-0015
0860809b,axis1_access_vs_provenance_value-conflict_orderexp_interleaved_seed3001,interleaved,3001,pre_washout,test-0016
6d63a968,axis1_access_vs_provenance_value-conflict_orderexp_interleaved_seed3001,interleaved,3001,pre_washout,test-0017
3178f024,axis1_access_vs_provenance_value-conflict_orderexp_interleaved_seed3001,interleaved,3001,pre_washout,test-0018
b171540e,axis1_access_vs_provenance_value-conflict_orderexp_interleaved_seed3001,interleaved,3001,pre_washout,test-0019
0125237d,axis1_access_vs_provenance_value-conflict_orderexp_interleaved_seed3001,interleaved,3001,pre_washout,test-0020
d6d7cb9e,axis1_access_vs_provenance_value-conflict_orderexp_interleaved_seed3001,interleaved,3001,pre_washout,test-0021
f08f061b,axis1_access_vs_provenance_value-conflict_orderexp_interleaved_seed3001,interleaved,3001,pre_washout,test-0022
a488ba32,axis1_access_vs_provenance_value-conflict_orderexp_interleaved_seed3001,interleaved,3001,pre_washout,test-0023
bbb6c948,axis1_access_vs_provenance_value-conflict_orderexp_interleaved_seed3001,interleaved,3001,pre_washout,test-0024
ad166101,axis1_access_vs_provenance_value-conflict_orderexp_interleaved_seed3001,interleaved,3001,post_washout,test-0001
e8546def,axis1_access_vs_provenance_value-conflict_orderexp_interleaved_seed3001,interleaved,3001,post_washout,test-0002
669d2f50,axis1_access_vs_provenance_value-conflict_orderexp_interleaved_seed3001,interleaved,3001,post_washout,test-0003
ba1f0487,axis1_access_vs_provenance_value-conflict_orderexp_interleaved_seed3001,interleaved,3001,post_washout,test-0004
dd27a03e,axis1_access_vs_provenance_value-conflict_orderexp_interleaved_seed3001,interleaved,3001,post_washout,test-0005
f87d5857,axis1_access_vs_provenance_value-conflict_orderexp_interleaved_seed3001,interleaved,3001,post_washout,test-0006
6a1f19f7,axis1_access_vs_provenance_value-conflict_orderexp_interleaved_seed3001,interleaved,3001,post_washout,test-0007
1bce08f5,axis1_access_vs_provenance_value-conflict_orderexp_interleaved_seed3001,interleaved,3001,post_washout,test-0008
5cefe76a,axis1_access_vs_provenance_value-conflict_orderexp_interleaved_seed3001,interleaved,3001,post_washout,test-0009
4368062c,axis1_access_vs_provenance_value-conflict_orderexp_interleaved_seed3001,interleaved,3001,post_washout,test-0010
132c3525,axis1_access_vs_provenance_value-conflict_orderexp_interleaved_seed3001,interleaved,3001,post_washout,test-0011
0fb2e1b2,axis1_access_vs_provenance_value-conflict_orderexp_interleaved_seed3001,interleaved,3001,post_washout,test-0012
09fb120e,axis1_access_vs_provenance_value-conflict_orderexp_interleaved_seed3001,interleaved,3001,post_washout,test-0013
317d4d03,axis1_access_vs_provenance_value-conflict_orderexp_interleaved_seed3001,interleaved,3001,post_washout,test-0014
f437a361,axis1_access_vs_provenance_value-conflict_orderexp_interleaved_seed3001,interleaved,3001,post_washout,test-0015
b0a28a68,axis1_access_vs_provenance_value-conflict_orderexp_interleaved_seed3001,interleaved,3001,post_washout,test-0016
2eb17eec,axis1_access_vs_provenance_value-conflict_orderexp_interleaved_seed3001,interleaved,3001,post_washout,test-0017
cda8d332,axis1_access_vs_provenance_value-conflict_orderexp_interleaved_seed3001,interleaved,3001,post_washout,test-0018
023507f8,axis1_access_vs_provenance_value-conflict_orderexp_interleaved_seed3001,interleaved,3001,post_washout,test-0019
7ff736cf,axis1_access_vs_provenance_value-conflict_orderexp_interleaved_seed3001,interleaved,3001,post_washout,test-0020
5027bf8e,axis1_access_vs_provenance_value-conflict_orderexp_interleaved_seed3001,interleaved,3001,post_washout,test-0021
b028271b,axis1_access_vs_provenance_value-conflict_orderexp_interleaved_seed3001,interleaved,3001,post_washout,test-0022
386302b1,axis1_access_vs_provenance_value-conflict_orderexp_interleaved_seed3001,interleaved,3001,post_washout,test-0023
9db6ee94,axis1_access_vs_provenance_value-conflict_orderexp_interleaved_seed3001,interleaved,3001,post_washout,test-0024
a5371eac,axis1_access_vs_provenance_value-conflict_orderexp_A_first_seed3002,A_first,3002,post_phase1,test-0001
1559f244,axis1_access_vs_provenance_value-conflict_orderexp_A_first_seed3002,A_first,3002,post_phase1,test-0002
5f182d2a,axis1_access_vs_provenance_value-conflict_orderexp_A_first_seed3002,A_first,3002,post_phase1,test-0003
b7a077de,axis1_access_vs_provenance_value-conflict_orderexp_A_first_seed3002,A_first,3002,post_phase1,test-0004
ecc00754,axis1_access_vs_provenance_value-conflict_orderexp_A_first_seed3002,A_first,3002,post_phase1,test-0005
3ea12e30,axis1_access_vs_provenance_value-conflict_orderexp_A_first_seed3002,A_first,3002,post_phase1,test-0006
78c9cba9,axis1_access_vs_provenance_value-conflict_orderexp_A_first_seed3002,A_first,3002,post_phase1,test-0007
af66263f,axis1_access_vs_provenance_value-conflict_orderexp_A_first_seed3002,A_first,3002,post_phase1,test-0008
eca9281c,axis1_access_vs_provenance_value-conflict_orderexp_A_first_seed3002,A_first,3002,post_phase1,test-0009
22f00c57,axis1_access_vs_provenance_value-conflict_orderexp_A_first_seed3002,A_first,3002,post_phase1,test-0010
ac3dea4b,axis1_access_vs_provenance_value-conflict_orderexp_A_first_seed3002,A_first,3002,post_phase1,test-0011
642c9166,axis1_access_vs_provenance_value-conflict_orderexp_A_first_seed3002,A_first,3002,post_phase1,test-0012
6611f8a1,axis1_access_vs_provenance_value-conflict_orderexp_A_first_seed3002,A_first,3002,post_phase1,test-0013
6d9ec165,axis1_access_vs_provenance_value-conflict_orderexp_A_first_seed3002,A_first,3002,post_phase1,test-0014
2e3ebc01,axis1_access_vs_provenance_value-conflict_orderexp_A_first_seed3002,A_first,3002,post_phase1,test-0015
11440161,axis1_access_vs_provenance_value-conflict_orderexp_A_first_seed3002,A_first,3002,post_phase1,test-0016
a650bfd0,axis1_access_vs_provenance_value-conflict_orderexp_A_first_seed3002,A_first,3002,post_phase1,test-0017
7820741e,axis1_access_vs_provenance_value-conflict_orderexp_A_first_seed3002,A_first,3002,post_phase1,test-0018
6f21925f,axis1_access_vs_provenance_value-conflict_orderexp_A_first_seed3002,A_first,3002,post_phase1,test-0019
b24d926c,axis1_access_vs_provenance_value-conflict_orderexp_A_first_seed3002,A_first,3002,post_phase1,test-0020
af5b33ac,axis1_access_vs_provenance_value-conflict_orderexp_A_first_seed3002,A_first,3002,post_phase1,test-0021
3adb55b5,axis1_access_vs_provenance_value-conflict_orderexp_A_first_seed3002,A_first,3002,post_phase1,test-0022
8039d1b3,axis1_access_vs_provenance_value-conflict_orderexp_A_first_seed3002,A_first,3002,post_phase1,test-0023
86ba6ed0,axis1_access_vs_provenance_value-conflict_orderexp_A_first_seed3002,A_first,3002,post_phase1,test-0024
355dcd0b,axis1_access_vs_provenance_value-conflict_orderexp_A_first_seed3002,A_first,3002,pre_washout,test-0001
5c8183dd,axis1_access_vs_provenance_value-conflict_orderexp_A_first_seed3002,A_first,3002,pre_washout,test-0002
de4b80ec,axis1_access_vs_provenance_value-conflict_orderexp_A_first_seed3002,A_first,3002,pre_washout,test-0003
37d95dcf,axis1_access_vs_provenance_value-conflict_orderexp_A_first_seed3002,A_first,3002,pre_washout,test-0004
ece7773b,axis1_access_vs_provenance_value-conflict_orderexp_A_first_seed3002,A_first,3002,pre_washout,test-0005
9b379670,axis1_access_vs_provenance_value-conflict_orderexp_A_first_seed3002,A_first,3002,pre_washout,test-0006
78e1379c,axis1_access_vs_provenance_value-conflict_orderexp_A_first_seed3002,A_first,3002,pre_washout,test-0007
ce970e23,axis1_access_vs_provenance_value-conflict_orderexp_A_first_seed3002,A_first,3002,pre_washout,test-0008
13e404de,axis1_access_vs_provenance_value-conflict_orderexp_A_first_seed3002,A_first,3002,pre_washout,test-0009
5d87c078,axis1_access_vs_provenance_value-conflict_orderexp_A_first_seed3002,A_first,3002,pre_washout,test-0010
1516ede8,axis1_access_vs_provenance_value-conflict_orderexp_A_first_seed3002,A_first,3002,pre_washout,test-0011
45bdfd29,axis1_access_vs_provenance_value-conflict_orderexp_A_first_seed3002,A_first,3002,pre_washout,test-0012
0e494013,axis1_access_vs_provenance_value-conflict_orderexp_A_first_seed3002,A_first,3002,pre_washout,test-0013
53d55a59,axis1_access_vs_provenance_value-conflict_orderexp_A_first_seed3002,A_first,3002,pre_washout,test-0014
d4973209,axis1_access_vs_provenance_value-conflict_orderexp_A_first_seed3002,A_first,3002,pre_washout,test-0015
954f6db9,axis1_access_vs_provenance_value-conflict_orderexp_A_first_seed3002,A_first,3002,pre_washout,test-0016
07f0ed70,axis1_access_vs_provenance_value-conflict_orderexp_A_first_seed3002,A_first,3002,pre_washout,test-0017
43bf21ba,axis1_access_vs_provenance_value-conflict_orderexp_A_first_seed3002,A_first,3002,pre_washout,test-0018
17f82610,axis1_access_vs_provenance_value-conflict_orderexp_A_first_seed3002,A_first,3002,pre_washout,test-0019
d38f5757,axis1_access_vs_provenance_value-conflict_orderexp_A_first_seed3002,A_first,3002,pre_washout,test-0020
ff2325b7,axis1_access_vs_provenance_value-conflict_orderexp_A_first_seed3002,A_first,3002,pre_washout,test-0021
4b03dceb,axis1_access_vs_provenance_value-conflict_orderexp_A_first_seed3002,A_first,3002,pre_washout,test-0022
5e5b857b,axis1_access_vs_provenance_value-conflict_orderexp_A_first_seed3002,A_first,3002,pre_washout,test-0023
852ff7a6,axis1_access_vs_provenance_value-conflict_orderexp_A_first_seed3002,A_first,3002,pre_washout,test-0024
38394c83,axis1_access_vs_provenance_value-conflict_orderexp_A_first_seed3002,A_first,3002,post_washout,test-0001
77fe7533,axis1_access_vs_provenance_value-conflict_orderexp_A_first_seed3002,A_first,3002,post_washout,test-0002
77e808cf,axis1_access_vs_provenance_value-conflict_orderexp_A_first_seed3002,A_first,3002,post_washout,test-0003
3567c933,axis1_access_vs_provenance_value-conflict_orderexp_A_first_seed3002,A_first,3002,post_washout,test-0004
0217a06f,axis1_access_vs_provenance_value-conflict_orderexp_A_first_seed3002,A_first,3002,post_washout,test-0005
b37e85ba,axis1_access_vs_provenance_value-conflict_orderexp_A_first_seed3002,A_first,3002,post_washout,test-0006
be0d0a11,axis1_access_vs_provenance_value-conflict_orderexp_A_first_seed3002,A_first,3002,post_washout,test-0007
844ca1d4,axis1_access_vs_provenance_value-conflict_orderexp_A_first_seed3002,A_first,3002,post_washout,test-0008
5c018ad6,axis1_access_vs_provenance_value-conflict_orderexp_A_first_seed3002,A_first,3002,post_washout,test-0009
87d37a5a,axis1_access_vs_provenance_value-conflict_orderexp_A_first_seed3002,A_first,3002,post_washout,test-0010
7418feb0,axis1_access_vs_provenance_value-conflict_orderexp_A_first_seed3002,A_first,3002,post_washout,test-0011
d8c64f5b,axis1_access_vs_provenance_value-conflict_orderexp_A_first_seed3002,A_first,3002,post_washout,test-0012
618930d1,axis1_access_vs_provenance_value-conflict_orderexp_A_first_seed3002,A_first,3002,post_washout,test-0013
a6a3a954,axis1_access_vs_provenance_value-conflict_orderexp_A_first_seed3002,A_first,3002,post_washout,test-0014
68c46bd9,axis1_access_vs_provenance_value-conflict_orderexp_A_first_seed3002,A_first,3002,post_washout,test-0015
7587a234,axis1_access_vs_provenance_value-conflict_orderexp_A_first_seed3002,A_first,3002,post_washout,test-0016
53746059,axis1_access_vs_provenance_value-conflict_orderexp_A_first_seed3002,A_first,3002,post_washout,test-0017
4550fc94,axis1_access_vs_provenance_value-conflict_orderexp_A_first_seed3002,A_first,3002,post_washout,test-0018
1837128f,axis1_access_vs_provenance_value-conflict_orderexp_A_first_seed3002,A_first,3002,post_washout,test-0019
166a6ebb,axis1_access_vs_provenance_value-conflict_orderexp_A_first_seed3002,A_first,3002,post_washout,test-0020
dce882fb,axis1_access_vs_provenance_value-conflict_orderexp_A_first_seed3002,A_first,3002,post_washout,test-0021
5884e58e,axis1_access_vs_provenance_value-conflict_orderexp_A_first_seed3002,A_first,3002,post_washout,test-0022
7e8e7626,axis1_access_vs_provenance_value-conflict_orderexp_A_first_seed3002,A_first,3002,post_washout,test-0023
37e30878,axis1_access_vs_provenance_value-conflict_orderexp_A_first_seed3002,A_first,3002,post_washout,test-0024
c1337cc1,axis1_access_vs_provenance_value-conflict_orderexp_B_first_seed3002,B_first,3002,post_phase1,test-0001
f0d77b46,axis1_access_vs_provenance_value-conflict_orderexp_B_first_seed3002,B_first,3002,post_phase1,test-0002
9bd08a57,axis1_access_vs_provenance_value-conflict_orderexp_B_first_seed3002,B_first,3002,post_phase1,test-0003
bc038689,axis1_access_vs_provenance_value-conflict_orderexp_B_first_seed3002,B_first,3002,post_phase1,test-0004
7670c750,axis1_access_vs_provenance_value-conflict_orderexp_B_first_seed3002,B_first,3002,post_phase1,test-0005
cbd34054,axis1_access_vs_provenance_value-conflict_orderexp_B_first_seed3002,B_first,3002,post_phase1,test-0006
51396159,axis1_access_vs_provenance_value-conflict_orderexp_B_first_seed3002,B_first,3002,post_phase1,test-0007
80669706,axis1_access_vs_provenance_value-conflict_orderexp_B_first_seed3002,B_first,3002,post_phase1,test-0008
20ce88b4,axis1_access_vs_provenance_value-conflict_orderexp_B_first_seed3002,B_first,3002,post_phase1,test-0009
5aad1060,axis1_access_vs_provenance_value-conflict_orderexp_B_first_seed3002,B_first,3002,post_phase1,test-0010
f3134657,axis1_access_vs_provenance_value-conflict_orderexp_B_first_seed3002,B_first,3002,post_phase1,test-0011
8c6ee8f5,axis1_access_vs_provenance_value-conflict_orderexp_B_first_seed3002,B_first,3002,post_phase1,test-0012
9a601426,axis1_access_vs_provenance_value-conflict_orderexp_B_first_seed3002,B_first,3002,post_phase1,test-0013
0c037520,axis1_access_vs_provenance_value-conflict_orderexp_B_first_seed3002,B_first,3002,post_phase1,test-0014
56aed37d,axis1_access_vs_provenance_value-conflict_orderexp_B_first_seed3002,B_first,3002,post_phase1,test-0015
7cfd585a,axis1_access_vs_provenance_value-conflict_orderexp_B_first_seed3002,B_first,3002,post_phase1,test-0016
343e458d,axis1_access_vs_provenance_value-conflict_orderexp_B_first_seed3002,B_first,3002,post_phase1,test-0017
a30fffe1,axis1_access_vs_provenance_value-conflict_orderexp_B_first_seed3002,B_first,3002,post_phase1,test-0018
dae84c25,axis1_access_vs_provenance_value-conflict_orderexp_B_first_seed3002,B_first,3002,post_phase1,test-0019
a0303a0f,axis1_access_vs_provenance_value-conflict_orderexp_B_first_seed3002,B_first,3002,post_phase1,test-0020
c95157aa,axis1_access_vs_provenance_value-conflict_orderexp_B_first_seed3002,B_first,3002,post_phase1,test-0021
347bf2e2,axis1_access_vs_provenance_value-conflict_orderexp_B_first_seed3002,B_first,3002,post_phase1,test-0022
9f061e39,axis1_access_vs_provenance_value-conflict_orderexp_B_first_seed3002,B_first,3002,post_phase1,test-0023
2a4a05d0,axis1_access_vs_provenance_value-conflict_orderexp_B_first_seed3002,B_first,3002,post_phase1,test-0024
06dbcd8f,axis1_access_vs_provenance_value-conflict_orderexp_B_first_seed3002,B_first,3002,pre_washout,test-0001
15c4540e,axis1_access_vs_provenance_value-conflict_orderexp_B_first_seed3002,B_first,3002,pre_washout,test-0002
04e9525a,axis1_access_vs_provenance_value-conflict_orderexp_B_first_seed3002,B_first,3002,pre_washout,test-0003
0a775d90,axis1_access_vs_provenance_value-conflict_orderexp_B_first_seed3002,B_first,3002,pre_washout,test-0004
b3133f9e,axis1_access_vs_provenance_value-conflict_orderexp_B_first_seed3002,B_first,3002,pre_washout,test-0005
568f3021,axis1_access_vs_provenance_value-conflict_orderexp_B_first_seed3002,B_first,3002,pre_washout,test-0006
b311fec7,axis1_access_vs_provenance_value-conflict_orderexp_B_first_seed3002,B_first,3002,pre_washout,test-0007
0227b0ba,axis1_access_vs_provenance_value-conflict_orderexp_B_first_seed3002,B_first,3002,pre_washout,test-0008
2bac5649,axis1_access_vs_provenance_value-conflict_orderexp_B_first_seed3002,B_first,3002,pre_washout,test-0009
0951f7cd,axis1_access_vs_provenance_value-conflict_orderexp_B_first_seed3002,B_first,3002,pre_washout,test-0010
d0ec6d71,axis1_access_vs_provenance_value-conflict_orderexp_B_first_seed3002,B_first,3002,pre_washout,test-0011
6c336abc,axis1_access_vs_provenance_value-conflict_orderexp_B_first_seed3002,B_first,3002,pre_washout,test-0012
e74da813,axis1_access_vs_provenance_value-conflict_orderexp_B_first_seed3002,B_first,3002,pre_washout,test-0013
b76074a9,axis1_access_vs_provenance_value-conflict_orderexp_B_first_seed3002,B_first,3002,pre_washout,test-0014
f2799e57,axis1_access_vs_provenance_value-conflict_orderexp_B_first_seed3002,B_first,3002,pre_washout,test-0015
e221a7e1,axis1_access_vs_provenance_value-conflict_orderexp_B_first_seed3002,B_first,3002,pre_washout,test-0016
a2aa1d1b,axis1_access_vs_provenance_value-conflict_orderexp_B_first_seed3002,B_first,3002,pre_washout,test-0017
6f7f28f2,axis1_access_vs_provenance_value-conflict_orderexp_B_first_seed3002,B_first,3002,pre_washout,test-0018
cbcea240,axis1_access_vs_provenance_value-conflict_orderexp_B_first_seed3002,B_first,3002,pre_washout,test-0019
2ab9ce77,axis1_access_vs_provenance_value-conflict_orderexp_B_first_seed3002,B_first,3002,pre_washout,test-0020
43a93af9,axis1_access_vs_provenance_value-conflict_orderexp_B_first_seed3002,B_first,3002,pre_washout,test-0021
9322c08f,axis1_access_vs_provenance_value-conflict_orderexp_B_first_seed3002,B_first,3002,pre_washout,test-0022
d5eecd1b,axis1_access_vs_provenance_value-conflict_orderexp_B_first_seed3002,B_first,3002,pre_washout,test-0023
dd774c1a,axis1_access_vs_provenance_value-conflict_orderexp_B_first_seed3002,B_first,3002,pre_washout,test-0024
0920d0b5,axis1_access_vs_provenance_value-conflict_orderexp_B_first_seed3002,B_first,3002,post_washout,test-0001
30016a2b,axis1_access_vs_provenance_value-conflict_orderexp_B_first_seed3002,B_first,3002,post_washout,test-0002
83cbffac,axis1_access_vs_provenance_value-conflict_orderexp_B_first_seed3002,B_first,3002,post_washout,test-0003
26b201ce,axis1_access_vs_provenance_value-conflict_orderexp_B_first_seed3002,B_first,3002,post_washout,test-0004
19e167ff,axis1_access_vs_provenance_value-conflict_orderexp_B_first_seed3002,B_first,3002,post_washout,test-0005
a79ee531,axis1_access_vs_provenance_value-conflict_orderexp_B_first_seed3002,B_first,3002,post_washout,test-0006
a4ad68ed,axis1_access_vs_provenance_value-conflict_orderexp_B_first_seed3002,B_first,3002,post_washout,test-0007
56844c49,axis1_access_vs_provenance_value-conflict_orderexp_B_first_seed3002,B_first,3002,post_washout,test-0008
9813ad2e,axis1_access_vs_provenance_value-conflict_orderexp_B_first_seed3002,B_first,3002,post_washout,test-0009
18db6a24,axis1_access_vs_provenance_value-conflict_orderexp_B_first_seed3002,B_first,3002,post_washout,test-0010
aca62c5e,axis1_access_vs_provenance_value-conflict_orderexp_B_first_seed3002,B_first,3002,post_washout,test-0011
a1973f9a,axis1_access_vs_provenance_value-conflict_orderexp_B_first_seed3002,B_first,3002,post_washout,test-0012
7c870c94,axis1_access_vs_provenance_value-conflict_orderexp_B_first_seed3002,B_first,3002,post_washout,test-0013
9bdb8599,axis1_access_vs_provenance_value-conflict_orderexp_B_first_seed3002,B_first,3002,post_washout,test-0014
3b996c96,axis1_access_vs_provenance_value-conflict_orderexp_B_first_seed3002,B_first,3002,post_washout,test-0015
ecf10210,axis1_access_vs_provenance_value-conflict_orderexp_B_first_seed3002,B_first,3002,post_washout,test-0016
dbc5a2ce,axis1_access_vs_provenance_value-conflict_orderexp_B_first_seed3002,B_first,3002,post_washout,test-0017
02c6fc6e,axis1_access_vs_provenance_value-conflict_orderexp_B_first_seed3002,B_first,3002,post_washout,test-0018
3632af9b,axis1_access_vs_provenance_value-conflict_orderexp_B_first_seed3002,B_first,3002,post_washout,test-0019
723631fc,axis1_access_vs_provenance_value-conflict_orderexp_B_first_seed3002,B_first,3002,post_washout,test-0020
2b38e47d,axis1_access_vs_provenance_value-conflict_orderexp_B_first_seed3002,B_first,3002,post_washout,test-0021
628cba72,axis1_access_vs_provenance_value-conflict_orderexp_B_first_seed3002,B_first,3002,post_washout,test-0022
4ea94c21,axis1_access_vs_provenance_value-conflict_orderexp_B_first_seed3002,B_first,3002,post_washout,test-0023
e175a702,axis1_access_vs_provenance_value-conflict_orderexp_B_first_seed3002,B_first,3002,post_washout,test-0024
5eca811c,axis1_access_vs_provenance_value-conflict_orderexp_interleaved_seed3002,interleaved,3002,pre_washout,test-0001
5ace1c0a,axis1_access_vs_provenance_value-conflict_orderexp_interleaved_seed3002,interleaved,3002,pre_washout,test-0002
077f8ae3,axis1_access_vs_provenance_value-conflict_orderexp_interleaved_seed3002,interleaved,3002,pre_washout,test-0003
901a3759,axis1_access_vs_provenance_value-conflict_orderexp_interleaved_seed3002,interleaved,3002,pre_washout,test-0004
8cfbd790,axis1_access_vs_provenance_value-conflict_orderexp_interleaved_seed3002,interleaved,3002,pre_washout,test-0005
3fdc62b7,axis1_access_vs_provenance_value-conflict_orderexp_interleaved_seed3002,interleaved,3002,pre_washout,test-0006
e77f47f1,axis1_access_vs_provenance_value-conflict_orderexp_interleaved_seed3002,interleaved,3002,pre_washout,test-0007
416eb19e,axis1_access_vs_provenance_value-conflict_orderexp_interleaved_seed3002,interleaved,3002,pre_washout,test-0008
30379e9d,axis1_access_vs_provenance_value-conflict_orderexp_interleaved_seed3002,interleaved,3002,pre_washout,test-0009
9ee70f05,axis1_access_vs_provenance_value-conflict_orderexp_interleaved_seed3002,interleaved,3002,pre_washout,test-0010
1d5c9495,axis1_access_vs_provenance_value-conflict_orderexp_interleaved_seed3002,interleaved,3002,pre_washout,test-0011
c07be923,axis1_access_vs_provenance_value-conflict_orderexp_interleaved_seed3002,interleaved,3002,pre_washout,test-0012
8ccbb8f4,axis1_access_vs_provenance_value-conflict_orderexp_interleaved_seed3002,interleaved,3002,pre_washout,test-0013
80655e9e,axis1_access_vs_provenance_value-conflict_orderexp_interleaved_seed3002,interleaved,3002,pre_washout,test-0014
8917cbac,axis1_access_vs_provenance_value-conflict_orderexp_interleaved_seed3002,interleaved,3002,pre_washout,test-0015
824eaa8c,axis1_access_vs_provenance_value-conflict_orderexp_interleaved_seed3002,interleaved,3002,pre_washout,test-0016
af9bf76c,axis1_access_vs_provenance_value-conflict_orderexp_interleaved_seed3002,interleaved,3002,pre_washout,test-0017
dbec8beb,axis1_access_vs_provenance_value-conflict_orderexp_interleaved_seed3002,interleaved,3002,pre_washout,test-0018
18fdb53d,axis1_access_vs_provenance_value-conflict_orderexp_interleaved_seed3002,interleaved,3002,pre_washout,test-0019
bab870a5,axis1_access_vs_provenance_value-conflict_orderexp_interleaved_seed3002,interleaved,3002,pre_washout,test-0020
7b5db758,axis1_access_vs_provenance_value-conflict_orderexp_interleaved_seed3002,interleaved,3002,pre_washout,test-0021
4863dfb7,axis1_access_vs_provenance_value-conflict_orderexp_interleaved_seed3002,interleaved,3002,pre_washout,test-0022
1fe519d6,axis1_access_vs_provenance_value-conflict_orderexp_interleaved_seed3002,interleaved,3002,pre_washout,test-0023
f378decc,axis1_access_vs_provenance_value-conflict_orderexp_interleaved_seed3002,interleaved,3002,pre_washout,test-0024
c1a8a22e,axis1_access_vs_provenance_value-conflict_orderexp_interleaved_seed3002,interleaved,3002,post_washout,test-0001
3c85a308,axis1_access_vs_provenance_value-conflict_orderexp_interleaved_seed3002,interleaved,3002,post_washout,test-0002
401a7c5d,axis1_access_vs_provenance_value-conflict_orderexp_interleaved_seed3002,interleaved,3002,post_washout,test-0003
18b493a9,axis1_access_vs_provenance_value-conflict_orderexp_interleaved_seed3002,interleaved,3002,post_washout,test-0004
1b1e4c75,axis1_access_vs_provenance_value-conflict_orderexp_interleaved_seed3002,interleaved,3002,post_washout,test-0005
e6633a13,axis1_access_vs_provenance_value-conflict_orderexp_interleaved_seed3002,interleaved,3002,post_washout,test-0006
85cb194c,axis1_access_vs_provenance_value-conflict_orderexp_interleaved_seed3002,interleaved,3002,post_washout,test-0007
9f9d27ab,axis1_access_vs_provenance_value-conflict_orderexp_interleaved_seed3002,interleaved,3002,post_washout,test-0008
cdcd39fd,axis1_access_vs_provenance_value-conflict_orderexp_interleaved_seed3002,interleaved,3002,post_washout,test-0009
762d3c34,axis1_access_vs_provenance_value-conflict_orderexp_interleaved_seed3002,interleaved,3002,post_washout,test-0010
ff9bc911,axis1_access_vs_provenance_value-conflict_orderexp_interleaved_seed3002,interleaved,3002,post_washout,test-0011
08be99bf,axis1_access_vs_provenance_value-conflict_orderexp_interleaved_seed3002,interleaved,3002,post_washout,test-0012
308e5025,axis1_access_vs_provenance_value-conflict_orderexp_interleaved_seed3002,interleaved,3002,post_washout,test-0013
9d23dae4,axis1_access_vs_provenance_value-conflict_orderexp_interleaved_seed3002,interleaved,3002,post_washout,test-0014
ce5d99fe,axis1_access_vs_provenance_value-conflict_orderexp_interleaved_seed3002,interleaved,3002,post_washout,test-0015
b8df5e71,axis1_access_vs_provenance_value-conflict_orderexp_interleaved_seed3002,interleaved,3002,post_washout,test-0016
7346dbed,axis1_access_vs_provenance_value-conflict_orderexp_interleaved_seed3002,interleaved,3002,post_washout,test-0017
92f8fd2c,axis1_access_vs_provenance_value-conflict_orderexp_interleaved_seed3002,interleaved,3002,post_washout,test-0018
fa749bab,axis1_access_vs_provenance_value-conflict_orderexp_interleaved_seed3002,interleaved,3002,post_washout,test-0019
752e7f29,axis1_access_vs_provenance_value-conflict_orderexp_interleaved_seed3002,interleaved,3002,post_washout,test-0020
0a566134,axis1_access_vs_provenance_value-conflict_orderexp_interleaved_seed3002,interleaved,3002,post_washout,test-0021
72e5170a,axis1_access_vs_provenance_value-conflict_orderexp_interleaved_seed3002,interleaved,3002,post_washout,test-0022
0b751da7,axis1_access_vs_provenance_value-conflict_orderexp_interleaved_seed3002,interleaved,3002,post_washout,test-0023
515768fe,axis1_access_vs_provenance_value-conflict_orderexp_interleaved_seed3002,interleaved,3002,post_washout,test-0024
2408f380,axis1_access_vs_provenance_value-conflict_orderexp_A_first_seed3003,A_first,3003,post_phase1,test-0001
164e043e,axis1_access_vs_provenance_value-conflict_orderexp_A_first_seed3003,A_first,3003,post_phase1,test-0002
ebd5787d,axis1_access_vs_provenance_value-conflict_orderexp_A_first_seed3003,A_first,3003,post_phase1,test-0003
d79daf4a,axis1_access_vs_provenance_value-conflict_orderexp_A_first_seed3003,A_first,3003,post_phase1,test-0004
ed84c884,axis1_access_vs_provenance_value-conflict_orderexp_A_first_seed3003,A_first,3003,post_phase1,test-0005
7188673c,axis1_access_vs_provenance_value-conflict_orderexp_A_first_seed3003,A_first,3003,post_phase1,test-0006
ebc3f76b,axis1_access_vs_provenance_value-conflict_orderexp_A_first_seed3003,A_first,3003,post_phase1,test-0007
3f1c8603,axis1_access_vs_provenance_value-conflict_orderexp_A_first_seed3003,A_first,3003,post_phase1,test-0008
6b245f62,axis1_access_vs_provenance_value-conflict_orderexp_A_first_seed3003,A_first,3003,post_phase1,test-0009
56886fe7,axis1_access_vs_provenance_value-conflict_orderexp_A_first_seed3003,A_first,3003,post_phase1,test-0010
e194a917,axis1_access_vs_provenance_value-conflict_orderexp_A_first_seed3003,A_first,3003,post_phase1,test-0011
c901c6b9,axis1_access_vs_provenance_value-conflict_orderexp_A_first_seed3003,A_first,3003,post_phase1,test-0012
a3f4fd61,axis1_access_vs_provenance_value-conflict_orderexp_A_first_seed3003,A_first,3003,post_phase1,test-0013
9121d07d,axis1_access_vs_provenance_value-conflict_orderexp_A_first_seed3003,A_first,3003,post_phase1,test-0014
1ab2685c,axis1_access_vs_provenance_value-conflict_orderexp_A_first_seed3003,A_first,3003,post_phase1,test-0015
ad405a54,axis1_access_vs_provenance_value-conflict_orderexp_A_first_seed3003,A_first,3003,post_phase1,test-0016
6e4d7bdf,axis1_access_vs_provenance_value-conflict_orderexp_A_first_seed3003,A_first,3003,post_phase1,test-0017
d0e3886a,axis1_access_vs_provenance_value-conflict_orderexp_A_first_seed3003,A_first,3003,post_phase1,test-0018
d2ce450f,axis1_access_vs_provenance_value-conflict_orderexp_A_first_seed3003,A_first,3003,post_phase1,test-0019
1608f00b,axis1_access_vs_provenance_value-conflict_orderexp_A_first_seed3003,A_first,3003,post_phase1,test-0020
56d11ae3,axis1_access_vs_provenance_value-conflict_orderexp_A_first_seed3003,A_first,3003,post_phase1,test-0021
154cefba,axis1_access_vs_provenance_value-conflict_orderexp_A_first_seed3003,A_first,3003,post_phase1,test-0022
9a3ed9f8,axis1_access_vs_provenance_value-conflict_orderexp_A_first_seed3003,A_first,3003,post_phase1,test-0023
6f0c1649,axis1_access_vs_provenance_value-conflict_orderexp_A_first_seed3003,A_first,3003,post_phase1,test-0024
719df0a7,axis1_access_vs_provenance_value-conflict_orderexp_A_first_seed3003,A_first,3003,pre_washout,test-0001
4e4405f0,axis1_access_vs_provenance_value-conflict_orderexp_A_first_seed3003,A_first,3003,pre_washout,test-0002
7c30971e,axis1_access_vs_provenance_value-conflict_orderexp_A_first_seed3003,A_first,3003,pre_washout,test-0003
09afd5e7,axis1_access_vs_provenance_value-conflict_orderexp_A_first_seed3003,A_first,3003,pre_washout,test-0004
9e4c17fd,axis1_access_vs_provenance_value-conflict_orderexp_A_first_seed3003,A_first,3003,pre_washout,test-0005
f701f09f,axis1_access_vs_provenance_value-conflict_orderexp_A_first_seed3003,A_first,3003,pre_washout,test-0006
8060bc51,axis1_access_vs_provenance_value-conflict_orderexp_A_first_seed3003,A_first,3003,pre_washout,test-0007
383cbee9,axis1_access_vs_provenance_value-conflict_orderexp_A_first_seed3003,A_first,3003,pre_washout,test-0008
a4a6ddf9,axis1_access_vs_provenance_value-conflict_orderexp_A_first_seed3003,A_first,3003,pre_washout,test-0009
8217e2eb,axis1_access_vs_provenance_value-conflict_orderexp_A_first_seed3003,A_first,3003,pre_washout,test-0010
095a0edd,axis1_access_vs_provenance_value-conflict_orderexp_A_first_seed3003,A_first,3003,pre_washout,test-0011
81e3aee5,axis1_access_vs_provenance_value-conflict_orderexp_A_first_seed3003,A_first,3003,pre_washout,test-0012
9200531c,axis1_access_vs_provenance_value-conflict_orderexp_A_first_seed3003,A_first,3003,pre_washout,test-0013
67b1425c,axis1_access_vs_provenance_value-conflict_orderexp_A_first_seed3003,A_first,3003,pre_washout,test-0014
322ac293,axis1_access_vs_provenance_value-conflict_orderexp_A_first_seed3003,A_first,3003,pre_washout,test-0015
ca1f994f,axis1_access_vs_provenance_value-conflict_orderexp_A_first_seed3003,A_first,3003,pre_washout,test-0016
9106fe3e,axis1_access_vs_provenance_value-conflict_orderexp_A_first_seed3003,A_first,3003,pre_washout,test-0017
5d0dd22f,axis1_access_vs_provenance_value-conflict_orderexp_A_first_seed3003,A_first,3003,pre_washout,test-0018
34651089,axis1_access_vs_provenance_value-conflict_orderexp_A_first_seed3003,A_first,3003,pre_washout,test-0019
8ebadfd6,axis1_access_vs_provenance_value-conflict_orderexp_A_first_seed3003,A_first,3003,pre_washout,test-0020
9d69c74c,axis1_access_vs_provenance_value-conflict_orderexp_A_first_seed3003,A_first,3003,pre_washout,test-0021
162a5111,axis1_access_vs_provenance_value-conflict_orderexp_A_first_seed3003,A_first,3003,pre_washout,test-0022
9fd3d3f9,axis1_access_vs_provenance_value-conflict_orderexp_A_first_seed3003,A_first,3003,pre_washout,test-0023
9f89a8fd,axis1_access_vs_provenance_value-conflict_orderexp_A_first_seed3003,A_first,3003,pre_washout,test-0024
53d5d394,axis1_access_vs_provenance_value-conflict_orderexp_A_first_seed3003,A_first,3003,post_washout,test-0001
d21c3058,axis1_access_vs_provenance_value-conflict_orderexp_A_first_seed3003,A_first,3003,post_washout,test-0002
c1b1c785,axis1_access_vs_provenance_value-conflict_orderexp_A_first_seed3003,A_first,3003,post_washout,test-0003
b867631f,axis1_access_vs_provenance_value-conflict_orderexp_A_first_seed3003,A_first,3003,post_washout,test-0004
74ff2703,axis1_access_vs_provenance_value-conflict_orderexp_A_first_seed3003,A_first,3003,post_washout,test-0005
228956af,axis1_access_vs_provenance_value-conflict_orderexp_A_first_seed3003,A_first,3003,post_washout,test-0006
06335e88,axis1_access_vs_provenance_value-conflict_orderexp_A_first_seed3003,A_first,3003,post_washout,test-0007
03b44b63,axis1_access_vs_provenance_value-conflict_orderexp_A_first_seed3003,A_first,3003,post_washout,test-0008
6a941602,axis1_access_vs_provenance_value-conflict_orderexp_A_first_seed3003,A_first,3003,post_washout,test-0009
8456e18f,axis1_access_vs_provenance_value-conflict_orderexp_A_first_seed3003,A_first,3003,post_washout,test-0010
aae384c8,axis1_access_vs_provenance_value-conflict_orderexp_A_first_seed3003,A_first,3003,post_washout,test-0011
18776360,axis1_access_vs_provenance_value-conflict_orderexp_A_first_seed3003,A_first,3003,post_washout,test-0012
84d56a35,axis1_access_vs_provenance_value-conflict_orderexp_A_first_seed3003,A_first,3003,post_washout,test-0013
aeb0ed65,axis1_access_vs_provenance_value-conflict_orderexp_A_first_seed3003,A_first,3003,post_washout,test-0014
8e3e4dc0,axis1_access_vs_provenance_value-conflict_orderexp_A_first_seed3003,A_first,3003,post_washout,test-0015
1b2680a7,axis1_access_vs_provenance_value-conflict_orderexp_A_first_seed3003,A_first,3003,post_washout,test-0016
13155832,axis1_access_vs_provenance_value-conflict_orderexp_A_first_seed3003,A_first,3003,post_washout,test-0017
43b96555,axis1_access_vs_provenance_value-conflict_orderexp_A_first_seed3003,A_first,3003,post_washout,test-0018
75d55184,axis1_access_vs_provenance_value-conflict_orderexp_A_first_seed3003,A_first,3003,post_washout,test-0019
e95b2177,axis1_access_vs_provenance_value-conflict_orderexp_A_first_seed3003,A_first,3003,post_washout,test-0020
9af584c0,axis1_access_vs_provenance_value-conflict_orderexp_A_first_seed3003,A_first,3003,post_washout,test-0021
76559e03,axis1_access_vs_provenance_value-conflict_orderexp_A_first_seed3003,A_first,3003,post_washout,test-0022
d62c5cfc,axis1_access_vs_provenance_value-conflict_orderexp_A_first_seed3003,A_first,3003,post_washout,test-0023
0d646ff4,axis1_access_vs_provenance_value-conflict_orderexp_A_first_seed3003,A_first,3003,post_washout,test-0024
07c697c8,axis1_access_vs_provenance_value-conflict_orderexp_B_first_seed3003,B_first,3003,post_phase1,test-0001
250c1a75,axis1_access_vs_provenance_value-conflict_orderexp_B_first_seed3003,B_first,3003,post_phase1,test-0002
2f42a63d,axis1_access_vs_provenance_value-conflict_orderexp_B_first_seed3003,B_first,3003,post_phase1,test-0003
37a45498,axis1_access_vs_provenance_value-conflict_orderexp_B_first_seed3003,B_first,3003,post_phase1,test-0004
5cbbe6a7,axis1_access_vs_provenance_value-conflict_orderexp_B_first_seed3003,B_first,3003,post_phase1,test-0005
e55a0ec2,axis1_access_vs_provenance_value-conflict_orderexp_B_first_seed3003,B_first,3003,post_phase1,test-0006
f3656230,axis1_access_vs_provenance_value-conflict_orderexp_B_first_seed3003,B_first,3003,post_phase1,test-0007
6f45ad32,axis1_access_vs_provenance_value-conflict_orderexp_B_first_seed3003,B_first,3003,post_phase1,test-0008
e0dbeaf4,axis1_access_vs_provenance_value-conflict_orderexp_B_first_seed3003,B_first,3003,post_phase1,test-0009
edf19eae,axis1_access_vs_provenance_value-conflict_orderexp_B_first_seed3003,B_first,3003,post_phase1,test-0010
eefafda3,axis1_access_vs_provenance_value-conflict_orderexp_B_first_seed3003,B_first,3003,post_phase1,test-0011
e9dfe1d5,axis1_access_vs_provenance_value-conflict_orderexp_B_first_seed3003,B_first,3003,post_phase1,test-0012
63ed17d6,axis1_access_vs_provenance_value-conflict_orderexp_B_first_seed3003,B_first,3003,post_phase1,test-0013
1cd5ed29,axis1_access_vs_provenance_value-conflict_orderexp_B_first_seed3003,B_first,3003,post_phase1,test-0014
300e8e52,axis1_access_vs_provenance_value-conflict_orderexp_B_first_seed3003,B_first,3003,post_phase1,test-0015
215a585d,axis1_access_vs_provenance_value-conflict_orderexp_B_first_seed3003,B_first,3003,post_phase1,test-0016
c798eb44,axis1_access_vs_provenance_value-conflict_orderexp_B_first_seed3003,B_first,3003,post_phase1,test-0017
09f3d419,axis1_access_vs_provenance_value-conflict_orderexp_B_first_seed3003,B_first,3003,post_phase1,test-0018
e89ca0eb,axis1_access_vs_provenance_value-conflict_orderexp_B_first_seed3003,B_first,3003,post_phase1,test-0019
0030e37f,axis1_access_vs_provenance_value-conflict_orderexp_B_first_seed3003,B_first,3003,post_phase1,test-0020
4f707d1a,axis1_access_vs_provenance_value-conflict_orderexp_B_first_seed3003,B_first,3003,post_phase1,test-0021
ec7658a5,axis1_access_vs_provenance_value-conflict_orderexp_B_first_seed3003,B_first,3003,post_phase1,test-0022
4089f0f7,axis1_access_vs_provenance_value-conflict_orderexp_B_first_seed3003,B_first,3003,post_phase1,test-0023
1c6dccad,axis1_access_vs_provenance_value-conflict_orderexp_B_first_seed3003,B_first,3003,post_phase1,test-0024
a615f35d,axis1_access_vs_provenance_value-conflict_orderexp_B_first_seed3003,B_first,3003,pre_washout,test-0001
65c74b47,axis1_access_vs_provenance_value-conflict_orderexp_B_first_seed3003,B_first,3003,pre_washout,test-0002
4c48a80e,axis1_access_vs_provenance_value-conflict_orderexp_B_first_seed3003,B_first,3003,pre_washout,test-0003
42e5f6a5,axis1_access_vs_provenance_value-conflict_orderexp_B_first_seed3003,B_first,3003,pre_washout,test-0004
f51f577c,axis1_access_vs_provenance_value-conflict_orderexp_B_first_seed3003,B_first,3003,pre_washout,test-0005
b55c4730,axis1_access_vs_provenance_value-conflict_orderexp_B_first_seed3003,B_first,3003,pre_washout,test-0006
cf053f51,axis1_access_vs_provenance_value-conflict_orderexp_B_first_seed3003,B_first,3003,pre_washout,test-0007
8f73d791,axis1_access_vs_provenance_value-conflict_orderexp_B_first_seed3003,B_first,3003,pre_washout,test-0008
a7c424db,axis1_access_vs_provenance_value-conflict_orderexp_B_first_seed3003,B_first,3003,pre_washout,test-0009
f0c14804,axis1_access_vs_provenance_value-conflict_orderexp_B_first_seed3003,B_first,3003,pre_washout,test-0010
18938455,axis1_access_vs_provenance_value-conflict_orderexp_B_first_seed3003,B_first,3003,pre_washout,test-0011
ce9e4731,axis1_access_vs_provenance_value-conflict_orderexp_B_first_seed3003,B_first,3003,pre_washout,test-0012
25dcd2cb,axis1_access_vs_provenance_value-conflict_orderexp_B_first_seed3003,B_first,3003,pre_washout,test-0013
066d20ea,axis1_access_vs_provenance_value-conflict_orderexp_B_first_seed3003,B_first,3003,pre_washout,test-0014
0e989dc7,axis1_access_vs_provenance_value-conflict_orderexp_B_first_seed3003,B_first,3003,pre_washout,test-0015
58ed034b,axis1_access_vs_provenance_value-conflict_orderexp_B_first_seed3003,B_first,3003,pre_washout,test-0016
b16a0fa0,axis1_access_vs_provenance_value-conflict_orderexp_B_first_seed3003,B_first,3003,pre_washout,test-0017
a279d21a,axis1_access_vs_provenance_value-conflict_orderexp_B_first_seed3003,B_first,3003,pre_washout,test-0018
ed8f9a5d,axis1_access_vs_provenance_value-conflict_orderexp_B_first_seed3003,B_first,3003,pre_washout,test-0019
1a42c1ac,axis1_access_vs_provenance_value-conflict_orderexp_B_first_seed3003,B_first,3003,pre_washout,test-0020
d9d998df,axis1_access_vs_provenance_value-conflict_orderexp_B_first_seed3003,B_first,3003,pre_washout,test-0021
c8cd1a5d,axis1_access_vs_provenance_value-conflict_orderexp_B_first_seed3003,B_first,3003,pre_washout,test-0022
0ff261e9,axis1_access_vs_provenance_value-conflict_orderexp_B_first_seed3003,B_first,3003,pre_washout,test-0023
401d2034,axis1_access_vs_provenance_value-conflict_orderexp_B_first_seed3003,B_first,3003,pre_washout,test-0024
85dc7cc7,axis1_access_vs_provenance_value-conflict_orderexp_B_first_seed3003,B_first,3003,post_washout,test-0001
88be0fb0,axis1_access_vs_provenance_value-conflict_orderexp_B_first_seed3003,B_first,3003,post_washout,test-0002
dc4ac140,axis1_access_vs_provenance_value-conflict_orderexp_B_first_seed3003,B_first,3003,post_washout,test-0003
90143176,axis1_access_vs_provenance_value-conflict_orderexp_B_first_seed3003,B_first,3003,post_washout,test-0004
d7ec06e9,axis1_access_vs_provenance_value-conflict_orderexp_B_first_seed3003,B_first,3003,post_washout,test-0005
f551cc31,axis1_access_vs_provenance_value-conflict_orderexp_B_first_seed3003,B_first,3003,post_washout,test-0006
ba1ac326,axis1_access_vs_provenance_value-conflict_orderexp_B_first_seed3003,B_first,3003,post_washout,test-0007
0c8376de,axis1_access_vs_provenance_value-conflict_orderexp_B_first_seed3003,B_first,3003,post_washout,test-0008
29c052b5,axis1_access_vs_provenance_value-conflict_orderexp_B_first_seed3003,B_first,3003,post_washout,test-0009
bacf79aa,axis1_access_vs_provenance_value-conflict_orderexp_B_first_seed3003,B_first,3003,post_washout,test-0010
0c8cd982,axis1_access_vs_provenance_value-conflict_orderexp_B_first_seed3003,B_first,3003,post_washout,test-0011
f471eec0,axis1_access_vs_provenance_value-conflict_orderexp_B_first_seed3003,B_first,3003,post_washout,test-0012
7a78c0cc,axis1_access_vs_provenance_value-conflict_orderexp_B_first_seed3003,B_first,3003,post_washout,test-0013
a29e6d83,axis1_access_vs_provenance_value-conflict_orderexp_B_first_seed3003,B_first,3003,post_washout,test-0014
0a3a6f1b,axis1_access_vs_provenance_value-conflict_orderexp_B_first_seed3003,B_first,3003,post_washout,test-0015
ed54dc0d,axis1_access_vs_provenance_value-conflict_orderexp_B_first_seed3003,B_first,3003,post_washout,test-0016
902f2263,axis1_access_vs_provenance_value-conflict_orderexp_B_first_seed3003,B_first,3003,post_washout,test-0017
ec3fc342,axis1_access_vs_provenance_value-conflict_orderexp_B_first_seed3003,B_first,3003,post_washout,test-0018
dfbd58a9,axis1_access_vs_provenance_value-conflict_orderexp_B_first_seed3003,B_first,3003,post_washout,test-0019
815c1b3d,axis1_access_vs_provenance_value-conflict_orderexp_B_first_seed3003,B_first,3003,post_washout,test-0020
f9ff80b1,axis1_access_vs_provenance_value-conflict_orderexp_B_first_seed3003,B_first,3003,post_washout,test-0021
fed34042,axis1_access_vs_provenance_value-conflict_orderexp_B_first_seed3003,B_first,3003,post_washout,test-0022
d4ebc2aa,axis1_access_vs_provenance_value-conflict_orderexp_B_first_seed3003,B_first,3003,post_washout,test-0023
f9a51670,axis1_access_vs_provenance_value-conflict_orderexp_B_first_seed3003,B_first,3003,post_washout,test-0024
e51c60c5,axis1_access_vs_provenance_value-conflict_orderexp_interleaved_seed3003,interleaved,3003,pre_washout,test-0001
e73878fb,axis1_access_vs_provenance_value-conflict_orderexp_interleaved_seed3003,interleaved,3003,pre_washout,test-0002
ae4d8db2,axis1_access_vs_provenance_value-conflict_orderexp_interleaved_seed3003,interleaved,3003,pre_washout,test-0003
0ab52d3b,axis1_access_vs_provenance_value-conflict_orderexp_interleaved_seed3003,interleaved,3003,pre_washout,test-0004
c7fb9679,axis1_access_vs_provenance_value-conflict_orderexp_interleaved_seed3003,interleaved,3003,pre_washout,test-0005
cb2bbc11,axis1_access_vs_provenance_value-conflict_orderexp_interleaved_seed3003,interleaved,3003,pre_washout,test-0006
76761f35,axis1_access_vs_provenance_value-conflict_orderexp_interleaved_seed3003,interleaved,3003,pre_washout,test-0007
3c258da6,axis1_access_vs_provenance_value-conflict_orderexp_interleaved_seed3003,interleaved,3003,pre_washout,test-0008
3dda2eb9,axis1_access_vs_provenance_value-conflict_orderexp_interleaved_seed3003,interleaved,3003,pre_washout,test-0009
c26faadc,axis1_access_vs_provenance_value-conflict_orderexp_interleaved_seed3003,interleaved,3003,pre_washout,test-0010
d52fd45b,axis1_access_vs_provenance_value-conflict_orderexp_interleaved_seed3003,interleaved,3003,pre_washout,test-0011
c051f758,axis1_access_vs_provenance_value-conflict_orderexp_interleaved_seed3003,interleaved,3003,pre_washout,test-0012
2ad7f260,axis1_access_vs_provenance_value-conflict_orderexp_interleaved_seed3003,interleaved,3003,pre_washout,test-0013
ec0c3e66,axis1_access_vs_provenance_value-conflict_orderexp_interleaved_seed3003,interleaved,3003,pre_washout,test-0014
fee878bc,axis1_access_vs_provenance_value-conflict_orderexp_interleaved_seed3003,interleaved,3003,pre_washout,test-0015
aa974be6,axis1_access_vs_provenance_value-conflict_orderexp_interleaved_seed3003,interleaved,3003,pre_washout,test-0016
c9a73b1c,axis1_access_vs_provenance_value-conflict_orderexp_interleaved_seed3003,interleaved,3003,pre_washout,test-0017
44aba1f7,axis1_access_vs_provenance_value-conflict_orderexp_interleaved_seed3003,interleaved,3003,pre_washout,test-0018
424cc96e,axis1_access_vs_provenance_value-conflict_orderexp_interleaved_seed3003,interleaved,3003,pre_washout,test-0019
95c5f63b,axis1_access_vs_provenance_value-conflict_orderexp_interleaved_seed3003,interleaved,3003,pre_washout,test-0020
d40d0062,axis1_access_vs_provenance_value-conflict_orderexp_interleaved_seed3003,interleaved,3003,pre_washout,test-0021
b6f744fa,axis1_access_vs_provenance_value-conflict_orderexp_interleaved_seed3003,interleaved,3003,pre_washout,test-0022
e7bde255,axis1_access_vs_provenance_value-conflict_orderexp_interleaved_seed3003,interleaved,3003,pre_washout,test-0023
2f2c9332,axis1_access_vs_provenance_value-conflict_orderexp_interleaved_seed3003,interleaved,3003,pre_washout,test-0024
1729c216,axis1_access_vs_provenance_value-conflict_orderexp_interleaved_seed3003,interleaved,3003,post_washout,test-0001
4f5bc837,axis1_access_vs_provenance_value-conflict_orderexp_interleaved_seed3003,interleaved,3003,post_washout,test-0002
dc07c1ac,axis1_access_vs_provenance_value-conflict_orderexp_interleaved_seed3003,interleaved,3003,post_washout,test-0003
b967eb63,axis1_access_vs_provenance_value-conflict_orderexp_interleaved_seed3003,interleaved,3003,post_washout,test-0004
a0785e2e,axis1_access_vs_provenance_value-conflict_orderexp_interleaved_seed3003,interleaved,3003,post_washout,test-0005
6b310aae,axis1_access_vs_provenance_value-conflict_orderexp_interleaved_seed3003,interleaved,3003,post_washout,test-0006
c96cab87,axis1_access_vs_provenance_value-conflict_orderexp_interleaved_seed3003,interleaved,3003,post_washout,test-0007
79783843,axis1_access_vs_provenance_value-conflict_orderexp_interleaved_seed3003,interleaved,3003,post_washout,test-0008
dd73378f,axis1_access_vs_provenance_value-conflict_orderexp_interleaved_seed3003,interleaved,3003,post_washout,test-0009
b63a6453,axis1_access_vs_provenance_value-conflict_orderexp_interleaved_seed3003,interleaved,3003,post_washout,test-0010
fe4bee64,axis1_access_vs_provenance_value-conflict_orderexp_interleaved_seed3003,interleaved,3003,post_washout,test-0011
69086691,axis1_access_vs_provenance_value-conflict_orderexp_interleaved_seed3003,interleaved,3003,post_washout,test-0012
b8016dae,axis1_access_vs_provenance_value-conflict_orderexp_interleaved_seed3003,interleaved,3003,post_washout,test-0013
66cb296a,axis1_access_vs_provenance_value-conflict_orderexp_interleaved_seed3003,interleaved,3003,post_washout,test-0014
44b8a07e,axis1_access_vs_provenance_value-conflict_orderexp_interleaved_seed3003,interleaved,3003,post_washout,test-0015
a023a563,axis1_access_vs_provenance_value-conflict_orderexp_interleaved_seed3003,interleaved,3003,post_washout,test-0016
19fc7ff0,axis1_access_vs_provenance_value-conflict_orderexp_interleaved_seed3003,interleaved,3003,post_washout,test-0017
ae8b1543,axis1_access_vs_provenance_value-conflict_orderexp_interleaved_seed3003,interleaved,3003,post_washout,test-0018
71ea5b0d,axis1_access_vs_provenance_value-conflict_orderexp_interleaved_seed3003,interleaved,3003,post_washout,test-0019
709a761a,axis1_access_vs_provenance_value-conflict_orderexp_interleaved_seed3003,interleaved,3003,post_washout,test-0020
f30d4bf5,axis1_access_vs_provenance_value-conflict_orderexp_interleaved_seed3003,interleaved,3003,post_washout,test-0021
fd44d6b5,axis1_access_vs_provenance_value-conflict_orderexp_interleaved_seed3003,interleaved,3003,post_washout,test-0022
5ab40c95,axis1_access_vs_provenance_value-conflict_orderexp_interleaved_seed3003,interleaved,3003,post_washout,test-0023
2a94a0ca,axis1_access_vs_provenance_value-conflict_orderexp_interleaved_seed3003,interleaved,3003,post_washout,test-0024
8ce147ea,axis1_access_vs_provenance_value-conflict_orderexp_A_first_seed3004,A_first,3004,post_phase1,test-0001
13853642,axis1_access_vs_provenance_value-conflict_orderexp_A_first_seed3004,A_first,3004,post_phase1,test-0002
cff271fc,axis1_access_vs_provenance_value-conflict_orderexp_A_first_seed3004,A_first,3004,post_phase1,test-0003
73855dbc,axis1_access_vs_provenance_value-conflict_orderexp_A_first_seed3004,A_first,3004,post_phase1,test-0004
5d05a917,axis1_access_vs_provenance_value-conflict_orderexp_A_first_seed3004,A_first,3004,post_phase1,test-0005
41bd3bd5,axis1_access_vs_provenance_value-conflict_orderexp_A_first_seed3004,A_first,3004,post_phase1,test-0006
8e1ffd38,axis1_access_vs_provenance_value-conflict_orderexp_A_first_seed3004,A_first,3004,post_phase1,test-0007
56483e4a,axis1_access_vs_provenance_value-conflict_orderexp_A_first_seed3004,A_first,3004,post_phase1,test-0008
55f3d3e4,axis1_access_vs_provenance_value-conflict_orderexp_A_first_seed3004,A_first,3004,post_phase1,test-0009
3bf7891e,axis1_access_vs_provenance_value-conflict_orderexp_A_first_seed3004,A_first,3004,post_phase1,test-0010
e0107273,axis1_access_vs_provenance_value-conflict_orderexp_A_first_seed3004,A_first,3004,post_phase1,test-0011
1bbd8a5a,axis1_access_vs_provenance_value-conflict_orderexp_A_first_seed3004,A_first,3004,post_phase1,test-0012
75450b6b,axis1_access_vs_provenance_value-conflict_orderexp_A_first_seed3004,A_first,3004,post_phase1,test-0013
ab478071,axis1_access_vs_provenance_value-conflict_orderexp_A_first_seed3004,A_first,3004,post_phase1,test-0014
34b10b00,axis1_access_vs_provenance_value-conflict_orderexp_A_first_seed3004,A_first,3004,post_phase1,test-0015
c594ad5e,axis1_access_vs_provenance_value-conflict_orderexp_A_first_seed3004,A_first,3004,post_phase1,test-0016
f3b10ad7,axis1_access_vs_provenance_value-conflict_orderexp_A_first_seed3004,A_first,3004,post_phase1,test-0017
c84258d7,axis1_access_vs_provenance_value-conflict_orderexp_A_first_seed3004,A_first,3004,post_phase1,test-0018
b2827a0e,axis1_access_vs_provenance_value-conflict_orderexp_A_first_seed3004,A_first,3004,post_phase1,test-0019
84ad03a9,axis1_access_vs_provenance_value-conflict_orderexp_A_first_seed3004,A_first,3004,post_phase1,test-0020
ca19e969,axis1_access_vs_provenance_value-conflict_orderexp_A_first_seed3004,A_first,3004,post_phase1,test-0021
cd4a101c,axis1_access_vs_provenance_value-conflict_orderexp_A_first_seed3004,A_first,3004,post_phase1,test-0022
9c18b712,axis1_access_vs_provenance_value-conflict_orderexp_A_first_seed3004,A_first,3004,post_phase1,test-0023
fe73e8b9,axis1_access_vs_provenance_value-conflict_orderexp_A_first_seed3004,A_first,3004,post_phase1,test-0024
fc25415e,axis1_access_vs_provenance_value-conflict_orderexp_A_first_seed3004,A_first,3004,pre_washout,test-0001
5e8724dc,axis1_access_vs_provenance_value-conflict_orderexp_A_first_seed3004,A_first,3004,pre_washout,test-0002
90fec613,axis1_access_vs_provenance_value-conflict_orderexp_A_first_seed3004,A_first,3004,pre_washout,test-0003
a3c7b7b4,axis1_access_vs_provenance_value-conflict_orderexp_A_first_seed3004,A_first,3004,pre_washout,test-0004
2715b8f2,axis1_access_vs_provenance_value-conflict_orderexp_A_first_seed3004,A_first,3004,pre_washout,test-0005
6b976179,axis1_access_vs_provenance_value-conflict_orderexp_A_first_seed3004,A_first,3004,pre_washout,test-0006
1e17feff,axis1_access_vs_provenance_value-conflict_orderexp_A_first_seed3004,A_first,3004,pre_washout,test-0007
c877d6f8,axis1_access_vs_provenance_value-conflict_orderexp_A_first_seed3004,A_first,3004,pre_washout,test-0008
542f192a,axis1_access_vs_provenance_value-conflict_orderexp_A_first_seed3004,A_first,3004,pre_washout,test-0009
0a5b5638,axis1_access_vs_provenance_value-conflict_orderexp_A_first_seed3004,A_first,3004,pre_washout,test-0010
aa13eebd,axis1_access_vs_provenance_value-conflict_orderexp_A_first_seed3004,A_first,3004,pre_washout,test-0011
72eb0176,axis1_access_vs_provenance_value-conflict_orderexp_A_first_seed3004,A_first,3004,pre_washout,test-0012
0553f1b1,axis1_access_vs_provenance_value-conflict_orderexp_A_first_seed3004,A_first,3004,pre_washout,test-0013
bfe0463e,axis1_access_vs_provenance_value-conflict_orderexp_A_first_seed3004,A_first,3004,pre_washout,test-0014
85a6353b,axis1_access_vs_provenance_value-conflict_orderexp_A_first_seed3004,A_first,3004,pre_washout,test-0015
f931a620,axis1_access_vs_provenance_value-conflict_orderexp_A_first_seed3004,A_first,3004,pre_washout,test-0016
e20f6091,axis1_access_vs_provenance_value-conflict_orderexp_A_first_seed3004,A_first,3004,pre_washout,test-0017
edd7801a,axis1_access_vs_provenance_value-conflict_orderexp_A_first_seed3004,A_first,3004,pre_washout,test-0018
8e0db3c1,axis1_access_vs_provenance_value-conflict_orderexp_A_first_seed3004,A_first,3004,pre_washout,test-0019
0e44272d,axis1_access_vs_provenance_value-conflict_orderexp_A_first_seed3004,A_first,3004,pre_washout,test-0020
6200363f,axis1_access_vs_provenance_value-conflict_orderexp_A_first_seed3004,A_first,3004,pre_washout,test-0021
ec43d24c,axis1_access_vs_provenance_value-conflict_orderexp_A_first_seed3004,A_first,3004,pre_washout,test-0022
cd3bc174,axis1_access_vs_provenance_value-conflict_orderexp_A_first_seed3004,A_first,3004,pre_washout,test-0023
f8d11d65,axis1_access_vs_provenance_value-conflict_orderexp_A_first_seed3004,A_first,3004,pre_washout,test-0024
726f58bf,axis1_access_vs_provenance_value-conflict_orderexp_A_first_seed3004,A_first,3004,post_washout,test-0001
e44425d9,axis1_access_vs_provenance_value-conflict_orderexp_A_first_seed3004,A_first,3004,post_washout,test-0002
341153e5,axis1_access_vs_provenance_value-conflict_orderexp_A_first_seed3004,A_first,3004,post_washout,test-0003
424ce6ed,axis1_access_vs_provenance_value-conflict_orderexp_A_first_seed3004,A_first,3004,post_washout,test-0004
48deeb7c,axis1_access_vs_provenance_value-conflict_orderexp_A_first_seed3004,A_first,3004,post_washout,test-0005
d5ce31b2,axis1_access_vs_provenance_value-conflict_orderexp_A_first_seed3004,A_first,3004,post_washout,test-0006
f6edd12d,axis1_access_vs_provenance_value-conflict_orderexp_A_first_seed3004,A_first,3004,post_washout,test-0007
e0ea63fc,axis1_access_vs_provenance_value-conflict_orderexp_A_first_seed3004,A_first,3004,post_washout,test-0008
8f91f4fe,axis1_access_vs_provenance_value-conflict_orderexp_A_first_seed3004,A_first,3004,post_washout,test-0009
cb10507e,axis1_access_vs_provenance_value-conflict_orderexp_A_first_seed3004,A_first,3004,post_washout,test-0010
40ae4516,axis1_access_vs_provenance_value-conflict_orderexp_A_first_seed3004,A_first,3004,post_washout,test-0011
ac80ba22,axis1_access_vs_provenance_value-conflict_orderexp_A_first_seed3004,A_first,3004,post_washout,test-0012
4fd435fc,axis1_access_vs_provenance_value-conflict_orderexp_A_first_seed3004,A_first,3004,post_washout,test-0013
7f3fdda8,axis1_access_vs_provenance_value-conflict_orderexp_A_first_seed3004,A_first,3004,post_washout,test-0014
6cc6a37c,axis1_access_vs_provenance_value-conflict_orderexp_A_first_seed3004,A_first,3004,post_washout,test-0015
7ec496b8,axis1_access_vs_provenance_value-conflict_orderexp_A_first_seed3004,A_first,3004,post_washout,test-0016
fbb11fb6,axis1_access_vs_provenance_value-conflict_orderexp_A_first_seed3004,A_first,3004,post_washout,test-0017
b3599607,axis1_access_vs_provenance_value-conflict_orderexp_A_first_seed3004,A_first,3004,post_washout,test-0018
67c45ba5,axis1_access_vs_provenance_value-conflict_orderexp_A_first_seed3004,A_first,3004,post_washout,test-0019
62439aa3,axis1_access_vs_provenance_value-conflict_orderexp_A_first_seed3004,A_first,3004,post_washout,test-0020
b1013852,axis1_access_vs_provenance_value-conflict_orderexp_A_first_seed3004,A_first,3004,post_washout,test-0021
72423a6d,axis1_access_vs_provenance_value-conflict_orderexp_A_first_seed3004,A_first,3004,post_washout,test-0022
1bdbb6a0,axis1_access_vs_provenance_value-conflict_orderexp_A_first_seed3004,A_first,3004,post_washout,test-0023
d4c37bb0,axis1_access_vs_provenance_value-conflict_orderexp_A_first_seed3004,A_first,3004,post_washout,test-0024
afd5b5a4,axis1_access_vs_provenance_value-conflict_orderexp_B_first_seed3004,B_first,3004,post_phase1,test-0001
b53432a5,axis1_access_vs_provenance_value-conflict_orderexp_B_first_seed3004,B_first,3004,post_phase1,test-0002
c237323e,axis1_access_vs_provenance_value-conflict_orderexp_B_first_seed3004,B_first,3004,post_phase1,test-0003
05563fd2,axis1_access_vs_provenance_value-conflict_orderexp_B_first_seed3004,B_first,3004,post_phase1,test-0004
b365fc21,axis1_access_vs_provenance_value-conflict_orderexp_B_first_seed3004,B_first,3004,post_phase1,test-0005
4bc73bb8,axis1_access_vs_provenance_value-conflict_orderexp_B_first_seed3004,B_first,3004,post_phase1,test-0006
3bafa7de,axis1_access_vs_provenance_value-conflict_orderexp_B_first_seed3004,B_first,3004,post_phase1,test-0007
071480fe,axis1_access_vs_provenance_value-conflict_orderexp_B_first_seed3004,B_first,3004,post_phase1,test-0008
8ae6a530,axis1_access_vs_provenance_value-conflict_orderexp_B_first_seed3004,B_first,3004,post_phase1,test-0009
a0c094e1,axis1_access_vs_provenance_value-conflict_orderexp_B_first_seed3004,B_first,3004,post_phase1,test-0010
96c9bef1,axis1_access_vs_provenance_value-conflict_orderexp_B_first_seed3004,B_first,3004,post_phase1,test-0011
aee0aa03,axis1_access_vs_provenance_value-conflict_orderexp_B_first_seed3004,B_first,3004,post_phase1,test-0012
95c33c7a,axis1_access_vs_provenance_value-conflict_orderexp_B_first_seed3004,B_first,3004,post_phase1,test-0013
34ada58d,axis1_access_vs_provenance_value-conflict_orderexp_B_first_seed3004,B_first,3004,post_phase1,test-0014
deda5148,axis1_access_vs_provenance_value-conflict_orderexp_B_first_seed3004,B_first,3004,post_phase1,test-0015
ea437739,axis1_access_vs_provenance_value-conflict_orderexp_B_first_seed3004,B_first,3004,post_phase1,test-0016
f1a49e6a,axis1_access_vs_provenance_value-conflict_orderexp_B_first_seed3004,B_first,3004,post_phase1,test-0017
bb6cd419,axis1_access_vs_provenance_value-conflict_orderexp_B_first_seed3004,B_first,3004,post_phase1,test-0018
fc3e791b,axis1_access_vs_provenance_value-conflict_orderexp_B_first_seed3004,B_first,3004,post_phase1,test-0019
e926601b,axis1_access_vs_provenance_value-conflict_orderexp_B_first_seed3004,B_first,3004,post_phase1,test-0020
2bffb689,axis1_access_vs_provenance_value-conflict_orderexp_B_first_seed3004,B_first,3004,post_phase1,test-0021
c9599411,axis1_access_vs_provenance_value-conflict_orderexp_B_first_seed3004,B_first,3004,post_phase1,test-0022
e99e6b7f,axis1_access_vs_provenance_value-conflict_orderexp_B_first_seed3004,B_first,3004,post_phase1,test-0023
7ce70a39,axis1_access_vs_provenance_value-conflict_orderexp_B_first_seed3004,B_first,3004,post_phase1,test-0024
c3debdf9,axis1_access_vs_provenance_value-conflict_orderexp_B_first_seed3004,B_first,3004,pre_washout,test-0001
5d85fd26,axis1_access_vs_provenance_value-conflict_orderexp_B_first_seed3004,B_first,3004,pre_washout,test-0002
c600b31b,axis1_access_vs_provenance_value-conflict_orderexp_B_first_seed3004,B_first,3004,pre_washout,test-0003
e01b18f4,axis1_access_vs_provenance_value-conflict_orderexp_B_first_seed3004,B_first,3004,pre_washout,test-0004
d4b66ce0,axis1_access_vs_provenance_value-conflict_orderexp_B_first_seed3004,B_first,3004,pre_washout,test-0005
c60c74b1,axis1_access_vs_provenance_value-conflict_orderexp_B_first_seed3004,B_first,3004,pre_washout,test-0006
0cf171df,axis1_access_vs_provenance_value-conflict_orderexp_B_first_seed3004,B_first,3004,pre_washout,test-0007
5b119932,axis1_access_vs_provenance_value-conflict_orderexp_B_first_seed3004,B_first,3004,pre_washout,test-0008
19a02496,axis1_access_vs_provenance_value-conflict_orderexp_B_first_seed3004,B_first,3004,pre_washout,test-0009
222f7812,axis1_access_vs_provenance_value-conflict_orderexp_B_first_seed3004,B_first,3004,pre_washout,test-0010
7567a0ca,axis1_access_vs_provenance_value-conflict_orderexp_B_first_seed3004,B_first,3004,pre_washout,test-0011
a63fed8a,axis1_access_vs_provenance_value-conflict_orderexp_B_first_seed3004,B_first,3004,pre_washout,test-0012
fe832b39,axis1_access_vs_provenance_value-conflict_orderexp_B_first_seed3004,B_first,3004,pre_washout,test-0013
d74cf127,axis1_access_vs_provenance_value-conflict_orderexp_B_first_seed3004,B_first,3004,pre_washout,test-0014
a8f538e9,axis1_access_vs_provenance_value-conflict_orderexp_B_first_seed3004,B_first,3004,pre_washout,test-0015
0fe778c5,axis1_access_vs_provenance_value-conflict_orderexp_B_first_seed3004,B_first,3004,pre_washout,test-0016
0848f0c6,axis1_access_vs_provenance_value-conflict_orderexp_B_first_seed3004,B_first,3004,pre_washout,test-0017
3c98e0be,axis1_access_vs_provenance_value-conflict_orderexp_B_first_seed3004,B_first,3004,pre_washout,test-0018
72ffa990,axis1_access_vs_provenance_value-conflict_orderexp_B_first_seed3004,B_first,3004,pre_washout,test-0019
70086e25,axis1_access_vs_provenance_value-conflict_orderexp_B_first_seed3004,B_first,3004,pre_washout,test-0020
078c732f,axis1_access_vs_provenance_value-conflict_orderexp_B_first_seed3004,B_first,3004,pre_washout,test-0021
97a4ce00,axis1_access_vs_provenance_value-conflict_orderexp_B_first_seed3004,B_first,3004,pre_washout,test-0022
cfeb915b,axis1_access_vs_provenance_value-conflict_orderexp_B_first_seed3004,B_first,3004,pre_washout,test-0023
332c827d,axis1_access_vs_provenance_value-conflict_orderexp_B_first_seed3004,B_first,3004,pre_washout,test-0024
f6e42e94,axis1_access_vs_provenance_value-conflict_orderexp_B_first_seed3004,B_first,3004,post_washout,test-0001
c0cc9cc9,axis1_access_vs_provenance_value-conflict_orderexp_B_first_seed3004,B_first,3004,post_washout,test-0002
c90760da,axis1_access_vs_provenance_value-conflict_orderexp_B_first_seed3004,B_first,3004,post_washout,test-0003
42fee031,axis1_access_vs_provenance_value-conflict_orderexp_B_first_seed3004,B_first,3004,post_washout,test-0004
b07b7a0d,axis1_access_vs_provenance_value-conflict_orderexp_B_first_seed3004,B_first,3004,post_washout,test-0005
a7c6cd9d,axis1_access_vs_provenance_value-conflict_orderexp_B_first_seed3004,B_first,3004,post_washout,test-0006
046a029a,axis1_access_vs_provenance_value-conflict_orderexp_B_first_seed3004,B_first,3004,post_washout,test-0007
527d6730,axis1_access_vs_provenance_value-conflict_orderexp_B_first_seed3004,B_first,3004,post_washout,test-0008
b1c101cf,axis1_access_vs_provenance_value-conflict_orderexp_B_first_seed3004,B_first,3004,post_washout,test-0009
2edad493,axis1_access_vs_provenance_value-conflict_orderexp_B_first_seed3004,B_first,3004,post_washout,test-0010
8a1438fe,axis1_access_vs_provenance_value-conflict_orderexp_B_first_seed3004,B_first,3004,post_washout,test-0011
3b787839,axis1_access_vs_provenance_value-conflict_orderexp_B_first_seed3004,B_first,3004,post_washout,test-0012
6c9da728,axis1_access_vs_provenance_value-conflict_orderexp_B_first_seed3004,B_first,3004,post_washout,test-0013
87f0c58f,axis1_access_vs_provenance_value-conflict_orderexp_B_first_seed3004,B_first,3004,post_washout,test-0014
397e5595,axis1_access_vs_provenance_value-conflict_orderexp_B_first_seed3004,B_first,3004,post_washout,test-0015
a97521b3,axis1_access_vs_provenance_value-conflict_orderexp_B_first_seed3004,B_first,3004,post_washout,test-0016
0393fec9,axis1_access_vs_provenance_value-conflict_orderexp_B_first_seed3004,B_first,3004,post_washout,test-0017
7c0b6c79,axis1_access_vs_provenance_value-conflict_orderexp_B_first_seed3004,B_first,3004,post_washout,test-0018
1745d2e3,axis1_access_vs_provenance_value-conflict_orderexp_B_first_seed3004,B_first,3004,post_washout,test-0019
02d4b1df,axis1_access_vs_provenance_value-conflict_orderexp_B_first_seed3004,B_first,3004,post_washout,test-0020
6d8df53f,axis1_access_vs_provenance_value-conflict_orderexp_B_first_seed3004,B_first,3004,post_washout,test-0021
4e794097,axis1_access_vs_provenance_value-conflict_orderexp_B_first_seed3004,B_first,3004,post_washout,test-0022
66b36cb4,axis1_access_vs_provenance_value-conflict_orderexp_B_first_seed3004,B_first,3004,post_washout,test-0023
67b1a44d,axis1_access_vs_provenance_value-conflict_orderexp_B_first_seed3004,B_first,3004,post_washout,test-0024
3f59bc64,axis1_access_vs_provenance_value-conflict_orderexp_interleaved_seed3004,interleaved,3004,pre_washout,test-0001
b512769a,axis1_access_vs_provenance_value-conflict_orderexp_interleaved_seed3004,interleaved,3004,pre_washout,test-0002
b08dde78,axis1_access_vs_provenance_value-conflict_orderexp_interleaved_seed3004,interleaved,3004,pre_washout,test-0003
1ddc57b0,axis1_access_vs_provenance_value-conflict_orderexp_interleaved_seed3004,interleaved,3004,pre_washout,test-0004
b5f726b1,axis1_access_vs_provenance_value-conflict_orderexp_interleaved_seed3004,interleaved,3004,pre_washout,test-0005
7a9b4712,axis1_access_vs_provenance_value-conflict_orderexp_interleaved_seed3004,interleaved,3004,pre_washout,test-0006
46489471,axis1_access_vs_provenance_value-conflict_orderexp_interleaved_seed3004,interleaved,3004,pre_washout,test-0007
d2443b54,axis1_access_vs_provenance_value-conflict_orderexp_interleaved_seed3004,interleaved,3004,pre_washout,test-0008
e21ee966,axis1_access_vs_provenance_value-conflict_orderexp_interleaved_seed3004,interleaved,3004,pre_washout,test-0009
902d8425,axis1_access_vs_provenance_value-conflict_orderexp_interleaved_seed3004,interleaved,3004,pre_washout,test-0010
184e81c8,axis1_access_vs_provenance_value-conflict_orderexp_interleaved_seed3004,interleaved,3004,pre_washout,test-0011
855819f4,axis1_access_vs_provenance_value-conflict_orderexp_interleaved_seed3004,interleaved,3004,pre_washout,test-0012
ddc2d6d6,axis1_access_vs_provenance_value-conflict_orderexp_interleaved_seed3004,interleaved,3004,pre_washout,test-0013
d7a738ab,axis1_access_vs_provenance_value-conflict_orderexp_interleaved_seed3004,interleaved,3004,pre_washout,test-0014
282044db,axis1_access_vs_provenance_value-conflict_orderexp_interleaved_seed3004,interleaved,3004,pre_washout,test-0015
448f16e4,axis1_access_vs_provenance_value-conflict_orderexp_interleaved_seed3004,interleaved,3004,pre_washout,test-0016
b9527a85,axis1_access_vs_provenance_value-conflict_orderexp_interleaved_seed3004,interleaved,3004,pre_washout,test-0017
93f6c97a,axis1_access_vs_provenance_value-conflict_orderexp_interleaved_seed3004,interleaved,3004,pre_washout,test-0018
04928ab8,axis1_access_vs_provenance_value-conflict_orderexp_interleaved_seed3004,interleaved,3004,pre_washout,test-0019
ac2c5915,axis1_access_vs_provenance_value-conflict_orderexp_interleaved_seed3004,interleaved,3004,pre_washout,test-0020
3a2ecb8d,axis1_access_vs_provenance_value-conflict_orderexp_interleaved_seed3004,interleaved,3004,pre_washout,test-0021
289a849d,axis1_access_vs_provenance_value-conflict_orderexp_interleaved_seed3004,interleaved,3004,pre_washout,test-0022
442f25f6,axis1_access_vs_provenance_value-conflict_orderexp_interleaved_seed3004,interleaved,3004,pre_washout,test-0023
9a86e714,axis1_access_vs_provenance_value-conflict_orderexp_interleaved_seed3004,interleaved,3004,pre_washout,test-0024
c90adcd8,axis1_access_vs_provenance_value-conflict_orderexp_interleaved_seed3004,interleaved,3004,post_washout,test-0001
dbc4306b,axis1_access_vs_provenance_value-conflict_orderexp_interleaved_seed3004,interleaved,3004,post_washout,test-0002
ccc12c3d,axis1_access_vs_provenance_value-conflict_orderexp_interleaved_seed3004,interleaved,3004,post_washout,test-0003
5503dedb,axis1_access_vs_provenance_value-conflict_orderexp_interleaved_seed3004,interleaved,3004,post_washout,test-0004
979fe215,axis1_access_vs_provenance_value-conflict_orderexp_interleaved_seed3004,interleaved,3004,post_washout,test-0005
93524b3d,axis1_access_vs_provenance_value-conflict_orderexp_interleaved_seed3004,interleaved,3004,post_washout,test-0006
c27f6f8b,axis1_access_vs_provenance_value-conflict_orderexp_interleaved_seed3004,interleaved,3004,post_washout,test-0007
a43b19d4,axis1_access_vs_provenance_value-conflict_orderexp_interleaved_seed3004,interleaved,3004,post_washout,test-0008
1d57159c,axis1_access_vs_provenance_value-conflict_orderexp_interleaved_seed3004,interleaved,3004,post_washout,test-0009
3151ea50,axis1_access_vs_provenance_value-conflict_orderexp_interleaved_seed3004,interleaved,3004,post_washout,test-0010
d06f265a,axis1_access_vs_provenance_value-conflict_orderexp_interleaved_seed3004,interleaved,3004,post_washout,test-0011
0d5af92f,axis1_access_vs_provenance_value-conflict_orderexp_interleaved_seed3004,interleaved,3004,post_washout,test-0012
588c81bd,axis1_access_vs_provenance_value-conflict_orderexp_interleaved_seed3004,interleaved,3004,post_washout,test-0013
ca6b5d36,axis1_access_vs_provenance_value-conflict_orderexp_interleaved_seed3004,interleaved,3004,post_washout,test-0014
1b8198d7,axis1_access_vs_provenance_value-conflict_orderexp_interleaved_seed3004,interleaved,3004,post_washout,test-0015
6557c000,axis1_access_vs_provenance_value-conflict_orderexp_interleaved_seed3004,interleaved,3004,post_washout,test-0016
4dd387b2,axis1_access_vs_provenance_value-conflict_orderexp_interleaved_seed3004,interleaved,3004,post_washout,test-0017
6d9a83de,axis1_access_vs_provenance_value-conflict_orderexp_interleaved_seed3004,interleaved,3004,post_washout,test-0018
c0c46d1f,axis1_access_vs_provenance_value-conflict_orderexp_interleaved_seed3004,interleaved,3004,post_washout,test-0019
15128db3,axis1_access_vs_provenance_value-conflict_orderexp_interleaved_seed3004,interleaved,3004,post_washout,test-0020
4b86f8f4,axis1_access_vs_provenance_value-conflict_orderexp_interleaved_seed3004,interleaved,3004,post_washout,test-0021
648d05f3,axis1_access_vs_provenance_value-conflict_orderexp_interleaved_seed3004,interleaved,3004,post_washout,test-0022
4b03ca58,axis1_access_vs_provenance_value-conflict_orderexp_interleaved_seed3004,interleaved,3004,post_washout,test-0023
901fa7ab,axis1_access_vs_provenance_value-conflict_orderexp_interleaved_seed3004,interleaved,3004,post_washout,test-0024
bda45890,axis1_access_vs_provenance_value-conflict_orderexp_A_first_seed3005,A_first,3005,post_phase1,test-0001
b344d63b,axis1_access_vs_provenance_value-conflict_orderexp_A_first_seed3005,A_first,3005,post_phase1,test-0002
f1d61968,axis1_access_vs_provenance_value-conflict_orderexp_A_first_seed3005,A_first,3005,post_phase1,test-0003
cc5db3bf,axis1_access_vs_provenance_value-conflict_orderexp_A_first_seed3005,A_first,3005,post_phase1,test-0004
50016bec,axis1_access_vs_provenance_value-conflict_orderexp_A_first_seed3005,A_first,3005,post_phase1,test-0005
d6014607,axis1_access_vs_provenance_value-conflict_orderexp_A_first_seed3005,A_first,3005,post_phase1,test-0006
ac818f54,axis1_access_vs_provenance_value-conflict_orderexp_A_first_seed3005,A_first,3005,post_phase1,test-0007
b5654a4f,axis1_access_vs_provenance_value-conflict_orderexp_A_first_seed3005,A_first,3005,post_phase1,test-0008
fc7dfeb3,axis1_access_vs_provenance_value-conflict_orderexp_A_first_seed3005,A_first,3005,post_phase1,test-0009
bb20fd73,axis1_access_vs_provenance_value-conflict_orderexp_A_first_seed3005,A_first,3005,post_phase1,test-0010
c4495458,axis1_access_vs_provenance_value-conflict_orderexp_A_first_seed3005,A_first,3005,post_phase1,test-0011
309abc8d,axis1_access_vs_provenance_value-conflict_orderexp_A_first_seed3005,A_first,3005,post_phase1,test-0012
c26e76c0,axis1_access_vs_provenance_value-conflict_orderexp_A_first_seed3005,A_first,3005,post_phase1,test-0013
14213396,axis1_access_vs_provenance_value-conflict_orderexp_A_first_seed3005,A_first,3005,post_phase1,test-0014
ab92c8f6,axis1_access_vs_provenance_value-conflict_orderexp_A_first_seed3005,A_first,3005,post_phase1,test-0015
88201c98,axis1_access_vs_provenance_value-conflict_orderexp_A_first_seed3005,A_first,3005,post_phase1,test-0016
79525ef9,axis1_access_vs_provenance_value-conflict_orderexp_A_first_seed3005,A_first,3005,post_phase1,test-0017
4641cf68,axis1_access_vs_provenance_value-conflict_orderexp_A_first_seed3005,A_first,3005,post_phase1,test-0018
3061546a,axis1_access_vs_provenance_value-conflict_orderexp_A_first_seed3005,A_first,3005,post_phase1,test-0019
659cce44,axis1_access_vs_provenance_value-conflict_orderexp_A_first_seed3005,A_first,3005,post_phase1,test-0020
533f2dea,axis1_access_vs_provenance_value-conflict_orderexp_A_first_seed3005,A_first,3005,post_phase1,test-0021
4022e4f9,axis1_access_vs_provenance_value-conflict_orderexp_A_first_seed3005,A_first,3005,post_phase1,test-0022
531784fa,axis1_access_vs_provenance_value-conflict_orderexp_A_first_seed3005,A_first,3005,post_phase1,test-0023
5d9c2067,axis1_access_vs_provenance_value-conflict_orderexp_A_first_seed3005,A_first,3005,post_phase1,test-0024
747fd142,axis1_access_vs_provenance_value-conflict_orderexp_A_first_seed3005,A_first,3005,pre_washout,test-0001
615e48b9,axis1_access_vs_provenance_value-conflict_orderexp_A_first_seed3005,A_first,3005,pre_washout,test-0002
24c4287d,axis1_access_vs_provenance_value-conflict_orderexp_A_first_seed3005,A_first,3005,pre_washout,test-0003
c96ae6da,axis1_access_vs_provenance_value-conflict_orderexp_A_first_seed3005,A_first,3005,pre_washout,test-0004
8fe5209b,axis1_access_vs_provenance_value-conflict_orderexp_A_first_seed3005,A_first,3005,pre_washout,test-0005
26eb70f2,axis1_access_vs_provenance_value-conflict_orderexp_A_first_seed3005,A_first,3005,pre_washout,test-0006
08361b3d,axis1_access_vs_provenance_value-conflict_orderexp_A_first_seed3005,A_first,3005,pre_washout,test-0007
22c1a33b,axis1_access_vs_provenance_value-conflict_orderexp_A_first_seed3005,A_first,3005,pre_washout,test-0008
c30b6f87,axis1_access_vs_provenance_value-conflict_orderexp_A_first_seed3005,A_first,3005,pre_washout,test-0009
1d74627c,axis1_access_vs_provenance_value-conflict_orderexp_A_first_seed3005,A_first,3005,pre_washout,test-0010
27301279,axis1_access_vs_provenance_value-conflict_orderexp_A_first_seed3005,A_first,3005,pre_washout,test-0011
be5c9afa,axis1_access_vs_provenance_value-conflict_orderexp_A_first_seed3005,A_first,3005,pre_washout,test-0012
8355f3e5,axis1_access_vs_provenance_value-conflict_orderexp_A_first_seed3005,A_first,3005,pre_washout,test-0013
3b46a4f0,axis1_access_vs_provenance_value-conflict_orderexp_A_first_seed3005,A_first,3005,pre_washout,test-0014
cd497432,axis1_access_vs_provenance_value-conflict_orderexp_A_first_seed3005,A_first,3005,pre_washout,test-0015
429c65be,axis1_access_vs_provenance_value-conflict_orderexp_A_first_seed3005,A_first,3005,pre_washout,test-0016
ff896e23,axis1_access_vs_provenance_value-conflict_orderexp_A_first_seed3005,A_first,3005,pre_washout,test-0017
10462bc1,axis1_access_vs_provenance_value-conflict_orderexp_A_first_seed3005,A_first,3005,pre_washout,test-0018
07298cc6,axis1_access_vs_provenance_value-conflict_orderexp_A_first_seed3005,A_first,3005,pre_washout,test-0019
8856c470,axis1_access_vs_provenance_value-conflict_orderexp_A_first_seed3005,A_first,3005,pre_washout,test-0020
d9236f37,axis1_access_vs_provenance_value-conflict_orderexp_A_first_seed3005,A_first,3005,pre_washout,test-0021
a21449a5,axis1_access_vs_provenance_value-conflict_orderexp_A_first_seed3005,A_first,3005,pre_washout,test-0022
a9f25131,axis1_access_vs_provenance_value-conflict_orderexp_A_first_seed3005,A_first,3005,pre_washout,test-0023
49601ff8,axis1_access_vs_provenance_value-conflict_orderexp_A_first_seed3005,A_first,3005,pre_washout,test-0024
510bc821,axis1_access_vs_provenance_value-conflict_orderexp_A_first_seed3005,A_first,3005,post_washout,test-0001
2cd2f0aa,axis1_access_vs_provenance_value-conflict_orderexp_A_first_seed3005,A_first,3005,post_washout,test-0002
c6ff7825,axis1_access_vs_provenance_value-conflict_orderexp_A_first_seed3005,A_first,3005,post_washout,test-0003
a88aa25b,axis1_access_vs_provenance_value-conflict_orderexp_A_first_seed3005,A_first,3005,post_washout,test-0004
7375cdbd,axis1_access_vs_provenance_value-conflict_orderexp_A_first_seed3005,A_first,3005,post_washout,test-0005
a116c8fc,axis1_access_vs_provenance_value-conflict_orderexp_A_first_seed3005,A_first,3005,post_washout,test-0006
276218e2,axis1_access_vs_provenance_value-conflict_orderexp_A_first_seed3005,A_first,3005,post_washout,test-0007
5074fc80,axis1_access_vs_provenance_value-conflict_orderexp_A_first_seed3005,A_first,3005,post_washout,test-0008
4501cbf6,axis1_access_vs_provenance_value-conflict_orderexp_A_first_seed3005,A_first,3005,post_washout,test-0009
9dee1e52,axis1_access_vs_provenance_value-conflict_orderexp_A_first_seed3005,A_first,3005,post_washout,test-0010
c06d2c66,axis1_access_vs_provenance_value-conflict_orderexp_A_first_seed3005,A_first,3005,post_washout,test-0011
c2f03daf,axis1_access_vs_provenance_value-conflict_orderexp_A_first_seed3005,A_first,3005,post_washout,test-0012
2c1e586d,axis1_access_vs_provenance_value-conflict_orderexp_A_first_seed3005,A_first,3005,post_washout,test-0013
a91cd4dd,axis1_access_vs_provenance_value-conflict_orderexp_A_first_seed3005,A_first,3005,post_washout,test-0014
2b42582f,axis1_access_vs_provenance_value-conflict_orderexp_A_first_seed3005,A_first,3005,post_washout,test-0015
fd76dd97,axis1_access_vs_provenance_value-conflict_orderexp_A_first_seed3005,A_first,3005,post_washout,test-0016
1daab821,axis1_access_vs_provenance_value-conflict_orderexp_A_first_seed3005,A_first,3005,post_washout,test-0017
a176b570,axis1_access_vs_provenance_value-conflict_orderexp_A_first_seed3005,A_first,3005,post_washout,test-0018
2b6f2dc4,axis1_access_vs_provenance_value-conflict_orderexp_A_first_seed3005,A_first,3005,post_washout,test-0019
659213df,axis1_access_vs_provenance_value-conflict_orderexp_A_first_seed3005,A_first,3005,post_washout,test-0020
e4539cb8,axis1_access_vs_provenance_value-conflict_orderexp_A_first_seed3005,A_first,3005,post_washout,test-0021
f7f9a425,axis1_access_vs_provenance_value-conflict_orderexp_A_first_seed3005,A_first,3005,post_washout,test-0022
0deac554,axis1_access_vs_provenance_value-conflict_orderexp_A_first_seed3005,A_first,3005,post_washout,test-0023
69b6c142,axis1_access_vs_provenance_value-conflict_orderexp_A_first_seed3005,A_first,3005,post_washout,test-0024
f0f4e2fa,axis1_access_vs_provenance_value-conflict_orderexp_B_first_seed3005,B_first,3005,post_phase1,test-0001
9bdcd0bd,axis1_access_vs_provenance_value-conflict_orderexp_B_first_seed3005,B_first,3005,post_phase1,test-0002
2eb0f5ef,axis1_access_vs_provenance_value-conflict_orderexp_B_first_seed3005,B_first,3005,post_phase1,test-0003
470747ba,axis1_access_vs_provenance_value-conflict_orderexp_B_first_seed3005,B_first,3005,post_phase1,test-0004
70f1c359,axis1_access_vs_provenance_value-conflict_orderexp_B_first_seed3005,B_first,3005,post_phase1,test-0005
3e5155aa,axis1_access_vs_provenance_value-conflict_orderexp_B_first_seed3005,B_first,3005,post_phase1,test-0006
da99f2c5,axis1_access_vs_provenance_value-conflict_orderexp_B_first_seed3005,B_first,3005,post_phase1,test-0007
e1e0e843,axis1_access_vs_provenance_value-conflict_orderexp_B_first_seed3005,B_first,3005,post_phase1,test-0008
7a13f29b,axis1_access_vs_provenance_value-conflict_orderexp_B_first_seed3005,B_first,3005,post_phase1,test-0009
ed7a03e1,axis1_access_vs_provenance_value-conflict_orderexp_B_first_seed3005,B_first,3005,post_phase1,test-0010
9ca73510,axis1_access_vs_provenance_value-conflict_orderexp_B_first_seed3005,B_first,3005,post_phase1,test-0011
20eee058,axis1_access_vs_provenance_value-conflict_orderexp_B_first_seed3005,B_first,3005,post_phase1,test-0012
adce4be0,axis1_access_vs_provenance_value-conflict_orderexp_B_first_seed3005,B_first,3005,post_phase1,test-0013
e695467c,axis1_access_vs_provenance_value-conflict_orderexp_B_first_seed3005,B_first,3005,post_phase1,test-0014
4413cbf8,axis1_access_vs_provenance_value-conflict_orderexp_B_first_seed3005,B_first,3005,post_phase1,test-0015
bf068a11,axis1_access_vs_provenance_value-conflict_orderexp_B_first_seed3005,B_first,3005,post_phase1,test-0016
f9f9ea5d,axis1_access_vs_provenance_value-conflict_orderexp_B_first_seed3005,B_first,3005,post_phase1,test-0017
9bcb0fd8,axis1_access_vs_provenance_value-conflict_orderexp_B_first_seed3005,B_first,3005,post_phase1,test-0018
cca85c0c,axis1_access_vs_provenance_value-conflict_orderexp_B_first_seed3005,B_first,3005,post_phase1,test-0019
a7b1424f,axis1_access_vs_provenance_value-conflict_orderexp_B_first_seed3005,B_first,3005,post_phase1,test-0020
aac381f1,axis1_access_vs_provenance_value-conflict_orderexp_B_first_seed3005,B_first,3005,post_phase1,test-0021
885f2f47,axis1_access_vs_provenance_value-conflict_orderexp_B_first_seed3005,B_first,3005,post_phase1,test-0022
945e76b2,axis1_access_vs_provenance_value-conflict_orderexp_B_first_seed3005,B_first,3005,post_phase1,test-0023
b403fada,axis1_access_vs_provenance_value-conflict_orderexp_B_first_seed3005,B_first,3005,post_phase1,test-0024
6f61827c,axis1_access_vs_provenance_value-conflict_orderexp_B_first_seed3005,B_first,3005,pre_washout,test-0001
f6444f97,axis1_access_vs_provenance_value-conflict_orderexp_B_first_seed3005,B_first,3005,pre_washout,test-0002
5bf5bfe4,axis1_access_vs_provenance_value-conflict_orderexp_B_first_seed3005,B_first,3005,pre_washout,test-0003
9d57f5dd,axis1_access_vs_provenance_value-conflict_orderexp_B_first_seed3005,B_first,3005,pre_washout,test-0004
b7e1f90c,axis1_access_vs_provenance_value-conflict_orderexp_B_first_seed3005,B_first,3005,pre_washout,test-0005
55c3975b,axis1_access_vs_provenance_value-conflict_orderexp_B_first_seed3005,B_first,3005,pre_washout,test-0006
dbeb9dfc,axis1_access_vs_provenance_value-conflict_orderexp_B_first_seed3005,B_first,3005,pre_washout,test-0007
74e18e1f,axis1_access_vs_provenance_value-conflict_orderexp_B_first_seed3005,B_first,3005,pre_washout,test-0008
abdc949d,axis1_access_vs_provenance_value-conflict_orderexp_B_first_seed3005,B_first,3005,pre_washout,test-0009
6507bdf3,axis1_access_vs_provenance_value-conflict_orderexp_B_first_seed3005,B_first,3005,pre_washout,test-0010
5ad453c0,axis1_access_vs_provenance_value-conflict_orderexp_B_first_seed3005,B_first,3005,pre_washout,test-0011
0ee24f03,axis1_access_vs_provenance_value-conflict_orderexp_B_first_seed3005,B_first,3005,pre_washout,test-0012
7ac99c0f,axis1_access_vs_provenance_value-conflict_orderexp_B_first_seed3005,B_first,3005,pre_washout,test-0013
5bec24a6,axis1_access_vs_provenance_value-conflict_orderexp_B_first_seed3005,B_first,3005,pre_washout,test-0014
58c7ac1b,axis1_access_vs_provenance_value-conflict_orderexp_B_first_seed3005,B_first,3005,pre_washout,test-0015
796dde07,axis1_access_vs_provenance_value-conflict_orderexp_B_first_seed3005,B_first,3005,pre_washout,test-0016
8c72acb1,axis1_access_vs_provenance_value-conflict_orderexp_B_first_seed3005,B_first,3005,pre_washout,test-0017
60c917e8,axis1_access_vs_provenance_value-conflict_orderexp_B_first_seed3005,B_first,3005,pre_washout,test-0018
bef2116c,axis1_access_vs_provenance_value-conflict_orderexp_B_first_seed3005,B_first,3005,pre_washout,test-0019
89363d7b,axis1_access_vs_provenance_value-conflict_orderexp_B_first_seed3005,B_first,3005,pre_washout,test-0020
1dbae656,axis1_access_vs_provenance_value-conflict_orderexp_B_first_seed3005,B_first,3005,pre_washout,test-0021
94f48985,axis1_access_vs_provenance_value-conflict_orderexp_B_first_seed3005,B_first,3005,pre_washout,test-0022
b809401c,axis1_access_vs_provenance_value-conflict_orderexp_B_first_seed3005,B_first,3005,pre_washout,test-0023
5ec37f27,axis1_access_vs_provenance_value-conflict_orderexp_B_first_seed3005,B_first,3005,pre_washout,test-0024
4021961c,axis1_access_vs_provenance_value-conflict_orderexp_B_first_seed3005,B_first,3005,post_washout,test-0001
9eb9a2a8,axis1_access_vs_provenance_value-conflict_orderexp_B_first_seed3005,B_first,3005,post_washout,test-0002
5a4420f2,axis1_access_vs_provenance_value-conflict_orderexp_B_first_seed3005,B_first,3005,post_washout,test-0003
534300c5,axis1_access_vs_provenance_value-conflict_orderexp_B_first_seed3005,B_first,3005,post_washout,test-0004
8e43fba6,axis1_access_vs_provenance_value-conflict_orderexp_B_first_seed3005,B_first,3005,post_washout,test-0005
b457e43c,axis1_access_vs_provenance_value-conflict_orderexp_B_first_seed3005,B_first,3005,post_washout,test-0006
10a3ce45,axis1_access_vs_provenance_value-conflict_orderexp_B_first_seed3005,B_first,3005,post_washout,test-0007
6314a031,axis1_access_vs_provenance_value-conflict_orderexp_B_first_seed3005,B_first,3005,post_washout,test-0008
3f94a2c1,axis1_access_vs_provenance_value-conflict_orderexp_B_first_seed3005,B_first,3005,post_washout,test-0009
dffccda6,axis1_access_vs_provenance_value-conflict_orderexp_B_first_seed3005,B_first,3005,post_washout,test-0010
eff292e2,axis1_access_vs_provenance_value-conflict_orderexp_B_first_seed3005,B_first,3005,post_washout,test-0011
83bf4e01,axis1_access_vs_provenance_value-conflict_orderexp_B_first_seed3005,B_first,3005,post_washout,test-0012
5b0f060d,axis1_access_vs_provenance_value-conflict_orderexp_B_first_seed3005,B_first,3005,post_washout,test-0013
9d1aa33b,axis1_access_vs_provenance_value-conflict_orderexp_B_first_seed3005,B_first,3005,post_washout,test-0014
0df89788,axis1_access_vs_provenance_value-conflict_orderexp_B_first_seed3005,B_first,3005,post_washout,test-0015
cd69f439,axis1_access_vs_provenance_value-conflict_orderexp_B_first_seed3005,B_first,3005,post_washout,test-0016
fa1e2720,axis1_access_vs_provenance_value-conflict_orderexp_B_first_seed3005,B_first,3005,post_washout,test-0017
1bc3e010,axis1_access_vs_provenance_value-conflict_orderexp_B_first_seed3005,B_first,3005,post_washout,test-0018
cfd68b68,axis1_access_vs_provenance_value-conflict_orderexp_B_first_seed3005,B_first,3005,post_washout,test-0019
5fc47582,axis1_access_vs_provenance_value-conflict_orderexp_B_first_seed3005,B_first,3005,post_washout,test-0020
e9f3d263,axis1_access_vs_provenance_value-conflict_orderexp_B_first_seed3005,B_first,3005,post_washout,test-0021
c463a267,axis1_access_vs_provenance_value-conflict_orderexp_B_first_seed3005,B_first,3005,post_washout,test-0022
961123ee,axis1_access_vs_provenance_value-conflict_orderexp_B_first_seed3005,B_first,3005,post_washout,test-0023
eb0f6870,axis1_access_vs_provenance_value-conflict_orderexp_B_first_seed3005,B_first,3005,post_washout,test-0024
89447058,axis1_access_vs_provenance_value-conflict_orderexp_interleaved_seed3005,interleaved,3005,pre_washout,test-0001
efc2b7ef,axis1_access_vs_provenance_value-conflict_orderexp_interleaved_seed3005,interleaved,3005,pre_washout,test-0002
31327801,axis1_access_vs_provenance_value-conflict_orderexp_interleaved_seed3005,interleaved,3005,pre_washout,test-0003
7736e122,axis1_access_vs_provenance_value-conflict_orderexp_interleaved_seed3005,interleaved,3005,pre_washout,test-0004
80689052,axis1_access_vs_provenance_value-conflict_orderexp_interleaved_seed3005,interleaved,3005,pre_washout,test-0005
26aa43f7,axis1_access_vs_provenance_value-conflict_orderexp_interleaved_seed3005,interleaved,3005,pre_washout,test-0006
767492b9,axis1_access_vs_provenance_value-conflict_orderexp_interleaved_seed3005,interleaved,3005,pre_washout,test-0007
635e8627,axis1_access_vs_provenance_value-conflict_orderexp_interleaved_seed3005,interleaved,3005,pre_washout,test-0008
370a4c55,axis1_access_vs_provenance_value-conflict_orderexp_interleaved_seed3005,interleaved,3005,pre_washout,test-0009
42ff3da0,axis1_access_vs_provenance_value-conflict_orderexp_interleaved_seed3005,interleaved,3005,pre_washout,test-0010
c0c143ff,axis1_access_vs_provenance_value-conflict_orderexp_interleaved_seed3005,interleaved,3005,pre_washout,test-0011
e1da2bcc,axis1_access_vs_provenance_value-conflict_orderexp_interleaved_seed3005,interleaved,3005,pre_washout,test-0012
2644c388,axis1_access_vs_provenance_value-conflict_orderexp_interleaved_seed3005,interleaved,3005,pre_washout,test-0013
041de897,axis1_access_vs_provenance_value-conflict_orderexp_interleaved_seed3005,interleaved,3005,pre_washout,test-0014
417aa778,axis1_access_vs_provenance_value-conflict_orderexp_interleaved_seed3005,interleaved,3005,pre_washout,test-0015
d15029a6,axis1_access_vs_provenance_value-conflict_orderexp_interleaved_seed3005,interleaved,3005,pre_washout,test-0016
ec9ffff3,axis1_access_vs_provenance_value-conflict_orderexp_interleaved_seed3005,interleaved,3005,pre_washout,test-0017
5204599d,axis1_access_vs_provenance_value-conflict_orderexp_interleaved_seed3005,interleaved,3005,pre_washout,test-0018
d69bdb28,axis1_access_vs_provenance_value-conflict_orderexp_interleaved_seed3005,interleaved,3005,pre_washout,test-0019
4e157388,axis1_access_vs_provenance_value-conflict_orderexp_interleaved_seed3005,interleaved,3005,pre_washout,test-0020
35f1b6dd,axis1_access_vs_provenance_value-conflict_orderexp_interleaved_seed3005,interleaved,3005,pre_washout,test-0021
15cec5d6,axis1_access_vs_provenance_value-conflict_orderexp_interleaved_seed3005,interleaved,3005,pre_washout,test-0022
d781a6d1,axis1_access_vs_provenance_value-conflict_orderexp_interleaved_seed3005,interleaved,3005,pre_washout,test-0023
aa22b928,axis1_access_vs_provenance_value-conflict_orderexp_interleaved_seed3005,interleaved,3005,pre_washout,test-0024
7031fb32,axis1_access_vs_provenance_value-conflict_orderexp_interleaved_seed3005,interleaved,3005,post_washout,test-0001
d86f6ac2,axis1_access_vs_provenance_value-conflict_orderexp_interleaved_seed3005,interleaved,3005,post_washout,test-0002
b7a9d7a5,axis1_access_vs_provenance_value-conflict_orderexp_interleaved_seed3005,interleaved,3005,post_washout,test-0003
3e098c5d,axis1_access_vs_provenance_value-conflict_orderexp_interleaved_seed3005,interleaved,3005,post_washout,test-0004
a07c96c0,axis1_access_vs_provenance_value-conflict_orderexp_interleaved_seed3005,interleaved,3005,post_washout,test-0005
c0406641,axis1_access_vs_provenance_value-conflict_orderexp_interleaved_seed3005,interleaved,3005,post_washout,test-0006
c68cd570,axis1_access_vs_provenance_value-conflict_orderexp_interleaved_seed3005,interleaved,3005,post_washout,test-0007
b502b19c,axis1_access_vs_provenance_value-conflict_orderexp_interleaved_seed3005,interleaved,3005,post_washout,test-0008
7cc61faf,axis1_access_vs_provenance_value-conflict_orderexp_interleaved_seed3005,interleaved,3005,post_washout,test-0009
a9c53d0b,axis1_access_vs_provenance_value-conflict_orderexp_interleaved_seed3005,interleaved,3005,post_washout,test-0010
97c35569,axis1_access_vs_provenance_value-conflict_orderexp_interleaved_seed3005,interleaved,3005,post_washout,test-0011
4e519994,axis1_access_vs_provenance_value-conflict_orderexp_interleaved_seed3005,interleaved,3005,post_washout,test-0012
1706de36,axis1_access_vs_provenance_value-conflict_orderexp_interleaved_seed3005,interleaved,3005,post_washout,test-0013
bfca10ca,axis1_access_vs_provenance_value-conflict_orderexp_interleaved_seed3005,interleaved,3005,post_washout,test-0014
a0f8890e,axis1_access_vs_provenance_value-conflict_orderexp_interleaved_seed3005,interleaved,3005,post_washout,test-0015
585b513d,axis1_access_vs_provenance_value-conflict_orderexp_interleaved_seed3005,interleaved,3005,post_washout,test-0016
2f8c8e3b,axis1_access_vs_provenance_value-conflict_orderexp_interleaved_seed3005,interleaved,3005,post_washout,test-0017
40702441,axis1_access_vs_provenance_value-conflict_orderexp_interleaved_seed3005,interleaved,3005,post_washout,test-0018
62809c20,axis1_access_vs_provenance_value-conflict_orderexp_interleaved_seed3005,interleaved,3005,post_washout,test-0019
25d31d41,axis1_access_vs_provenance_value-conflict_orderexp_interleaved_seed3005,interleaved,3005,post_washout,test-0020
891040ca,axis1_access_vs_provenance_value-conflict_orderexp_interleaved_seed3005,interleaved,3005,post_washout,test-0021
4a6855ff,axis1_access_vs_provenance_value-conflict_orderexp_interleaved_seed3005,interleaved,3005,post_washout,test-0022
15505169,axis1_access_vs_provenance_value-conflict_orderexp_interleaved_seed3005,interleaved,3005,post_washout,test-0023
5636cb92,axis1_access_vs_provenance_value-conflict_orderexp_interleaved_seed3005,interleaved,3005,post_washout,test-0024
d593826a,axis1_access_vs_provenance_value-conflict_orderexp_A_first_seed3006,A_first,3006,post_phase1,test-0001
1e983008,axis1_access_vs_provenance_value-conflict_orderexp_A_first_seed3006,A_first,3006,post_phase1,test-0002
f0125403,axis1_access_vs_provenance_value-conflict_orderexp_A_first_seed3006,A_first,3006,post_phase1,test-0003
8e162547,axis1_access_vs_provenance_value-conflict_orderexp_A_first_seed3006,A_first,3006,post_phase1,test-0004
48d722ad,axis1_access_vs_provenance_value-conflict_orderexp_A_first_seed3006,A_first,3006,post_phase1,test-0005
cefd030c,axis1_access_vs_provenance_value-conflict_orderexp_A_first_seed3006,A_first,3006,post_phase1,test-0006
c5a8ae02,axis1_access_vs_provenance_value-conflict_orderexp_A_first_seed3006,A_first,3006,post_phase1,test-0007
7eb02c30,axis1_access_vs_provenance_value-conflict_orderexp_A_first_seed3006,A_first,3006,post_phase1,test-0008
a2b6231b,axis1_access_vs_provenance_value-conflict_orderexp_A_first_seed3006,A_first,3006,post_phase1,test-0009
86c046c1,axis1_access_vs_provenance_value-conflict_orderexp_A_first_seed3006,A_first,3006,post_phase1,test-0010
8d5c246d,axis1_access_vs_provenance_value-conflict_orderexp_A_first_seed3006,A_first,3006,post_phase1,test-0011
76c35876,axis1_access_vs_provenance_value-conflict_orderexp_A_first_seed3006,A_first,3006,post_phase1,test-0012
3e3013ce,axis1_access_vs_provenance_value-conflict_orderexp_A_first_seed3006,A_first,3006,post_phase1,test-0013
9731b9c5,axis1_access_vs_provenance_value-conflict_orderexp_A_first_seed3006,A_first,3006,post_phase1,test-0014
ec00350e,axis1_access_vs_provenance_value-conflict_orderexp_A_first_seed3006,A_first,3006,post_phase1,test-0015
73a87f7c,axis1_access_vs_provenance_value-conflict_orderexp_A_first_seed3006,A_first,3006,post_phase1,test-0016
110ca8b5,axis1_access_vs_provenance_value-conflict_orderexp_A_first_seed3006,A_first,3006,post_phase1,test-0017
dfcf8e6a,axis1_access_vs_provenance_value-conflict_orderexp_A_first_seed3006,A_first,3006,post_phase1,test-0018
e213fbf4,axis1_access_vs_provenance_value-conflict_orderexp_A_first_seed3006,A_first,3006,post_phase1,test-0019
6f2e22a7,axis1_access_vs_provenance_value-conflict_orderexp_A_first_seed3006,A_first,3006,post_phase1,test-0020
59cdfdb0,axis1_access_vs_provenance_value-conflict_orderexp_A_first_seed3006,A_first,3006,post_phase1,test-0021
228f309e,axis1_access_vs_provenance_value-conflict_orderexp_A_first_seed3006,A_first,3006,post_phase1,test-0022
87a37dc1,axis1_access_vs_provenance_value-conflict_orderexp_A_first_seed3006,A_first,3006,post_phase1,test-0023
8208b84b,axis1_access_vs_provenance_value-conflict_orderexp_A_first_seed3006,A_first,3006,post_phase1,test-0024
13800e64,axis1_access_vs_provenance_value-conflict_orderexp_A_first_seed3006,A_first,3006,pre_washout,test-0001
8a919f16,axis1_access_vs_provenance_value-conflict_orderexp_A_first_seed3006,A_first,3006,pre_washout,test-0002
c3d5f96d,axis1_access_vs_provenance_value-conflict_orderexp_A_first_seed3006,A_first,3006,pre_washout,test-0003
403045ef,axis1_access_vs_provenance_value-conflict_orderexp_A_first_seed3006,A_first,3006,pre_washout,test-0004
d8476e16,axis1_access_vs_provenance_value-conflict_orderexp_A_first_seed3006,A_first,3006,pre_washout,test-0005
b283d8e4,axis1_access_vs_provenance_value-conflict_orderexp_A_first_seed3006,A_first,3006,pre_washout,test-0006
b6b43f3f,axis1_access_vs_provenance_value-conflict_orderexp_A_first_seed3006,A_first,3006,pre_washout,test-0007
ef2993e3,axis1_access_vs_provenance_value-conflict_orderexp_A_first_seed3006,A_first,3006,pre_washout,test-0008
1de1f5c4,axis1_access_vs_provenance_value-conflict_orderexp_A_first_seed3006,A_first,3006,pre_washout,test-0009
b8faefb6,axis1_access_vs_provenance_value-conflict_orderexp_A_first_seed3006,A_first,3006,pre_washout,test-0010
1d6013c3,axis1_access_vs_provenance_value-conflict_orderexp_A_first_seed3006,A_first,3006,pre_washout,test-0011
c5226165,axis1_access_vs_provenance_value-conflict_orderexp_A_first_seed3006,A_first,3006,pre_washout,test-0012
729ef897,axis1_access_vs_provenance_value-conflict_orderexp_A_first_seed3006,A_first,3006,pre_washout,test-0013
99b284a0,axis1_access_vs_provenance_value-conflict_orderexp_A_first_seed3006,A_first,3006,pre_washout,test-0014
92cf1679,axis1_access_vs_provenance_value-conflict_orderexp_A_first_seed3006,A_first,3006,pre_washout,test-0015
b05987d8,axis1_access_vs_provenance_value-conflict_orderexp_A_first_seed3006,A_first,3006,pre_washout,test-0016
e612d345,axis1_access_vs_provenance_value-conflict_orderexp_A_first_seed3006,A_first,3006,pre_washout,test-0017
057804bc,axis1_access_vs_provenance_value-conflict_orderexp_A_first_seed3006,A_first,3006,pre_washout,test-0018
948ee1d0,axis1_access_vs_provenance_value-conflict_orderexp_A_first_seed3006,A_first,3006,pre_washout,test-0019
f543d87f,axis1_access_vs_provenance_value-conflict_orderexp_A_first_seed3006,A_first,3006,pre_washout,test-0020
f381e714,axis1_access_vs_provenance_value-conflict_orderexp_A_first_seed3006,A_first,3006,pre_washout,test-0021
5c64148a,axis1_access_vs_provenance_value-conflict_orderexp_A_first_seed3006,A_first,3006,pre_washout,test-0022
a29530cd,axis1_access_vs_provenance_value-conflict_orderexp_A_first_seed3006,A_first,3006,pre_washout,test-0023
df244222,axis1_access_vs_provenance_value-conflict_orderexp_A_first_seed3006,A_first,3006,pre_washout,test-0024
3dea4397,axis1_access_vs_provenance_value-conflict_orderexp_A_first_seed3006,A_first,3006,post_washout,test-0001
235796df,axis1_access_vs_provenance_value-conflict_orderexp_A_first_seed3006,A_first,3006,post_washout,test-0002
13467103,axis1_access_vs_provenance_value-conflict_orderexp_A_first_seed3006,A_first,3006,post_washout,test-0003
45e49eb8,axis1_access_vs_provenance_value-conflict_orderexp_A_first_seed3006,A_first,3006,post_washout,test-0004
9ff00576,axis1_access_vs_provenance_value-conflict_orderexp_A_first_seed3006,A_first,3006,post_washout,test-0005
58ae08fd,axis1_access_vs_provenance_value-conflict_orderexp_A_first_seed3006,A_first,3006,post_washout,test-0006
5c3dba42,axis1_access_vs_provenance_value-conflict_orderexp_A_first_seed3006,A_first,3006,post_washout,test-0007
4cf198b5,axis1_access_vs_provenance_value-conflict_orderexp_A_first_seed3006,A_first,3006,post_washout,test-0008
2b986275,axis1_access_vs_provenance_value-conflict_orderexp_A_first_seed3006,A_first,3006,post_washout,test-0009
31db1304,axis1_access_vs_provenance_value-conflict_orderexp_A_first_seed3006,A_first,3006,post_washout,test-0010
d8045c20,axis1_access_vs_provenance_value-conflict_orderexp_A_first_seed3006,A_first,3006,post_washout,test-0011
091b12e4,axis1_access_vs_provenance_value-conflict_orderexp_A_first_seed3006,A_first,3006,post_washout,test-0012
ae44df53,axis1_access_vs_provenance_value-conflict_orderexp_A_first_seed3006,A_first,3006,post_washout,test-0013
58864584,axis1_access_vs_provenance_value-conflict_orderexp_A_first_seed3006,A_first,3006,post_washout,test-0014
21e712a5,axis1_access_vs_provenance_value-conflict_orderexp_A_first_seed3006,A_first,3006,post_washout,test-0015
ffedfa76,axis1_access_vs_provenance_value-conflict_orderexp_A_first_seed3006,A_first,3006,post_washout,test-0016
5a89621a,axis1_access_vs_provenance_value-conflict_orderexp_A_first_seed3006,A_first,3006,post_washout,test-0017
cd97bd71,axis1_access_vs_provenance_value-conflict_orderexp_A_first_seed3006,A_first,3006,post_washout,test-0018
20772392,axis1_access_vs_provenance_value-conflict_orderexp_A_first_seed3006,A_first,3006,post_washout,test-0019
dc58ec56,axis1_access_vs_provenance_value-conflict_orderexp_A_first_seed3006,A_first,3006,post_washout,test-0020
97d9a2a2,axis1_access_vs_provenance_value-conflict_orderexp_A_first_seed3006,A_first,3006,post_washout,test-0021
a67c08be,axis1_access_vs_provenance_value-conflict_orderexp_A_first_seed3006,A_first,3006,post_washout,test-0022
11c73896,axis1_access_vs_provenance_value-conflict_orderexp_A_first_seed3006,A_first,3006,post_washout,test-0023
3d05e5f2,axis1_access_vs_provenance_value-conflict_orderexp_A_first_seed3006,A_first,3006,post_washout,test-0024
277cde5e,axis1_access_vs_provenance_value-conflict_orderexp_B_first_seed3006,B_first,3006,post_phase1,test-0001
94b131af,axis1_access_vs_provenance_value-conflict_orderexp_B_first_seed3006,B_first,3006,post_phase1,test-0002
0ea1ffb0,axis1_access_vs_provenance_value-conflict_orderexp_B_first_seed3006,B_first,3006,post_phase1,test-0003
771b11b4,axis1_access_vs_provenance_value-conflict_orderexp_B_first_seed3006,B_first,3006,post_phase1,test-0004
24d09ffa,axis1_access_vs_provenance_value-conflict_orderexp_B_first_seed3006,B_first,3006,post_phase1,test-0005
fdf143f5,axis1_access_vs_provenance_value-conflict_orderexp_B_first_seed3006,B_first,3006,post_phase1,test-0006
13bb2258,axis1_access_vs_provenance_value-conflict_orderexp_B_first_seed3006,B_first,3006,post_phase1,test-0007
d354582a,axis1_access_vs_provenance_value-conflict_orderexp_B_first_seed3006,B_first,3006,post_phase1,test-0008
3fe3ab3e,axis1_access_vs_provenance_value-conflict_orderexp_B_first_seed3006,B_first,3006,post_phase1,test-0009
6232a76a,axis1_access_vs_provenance_value-conflict_orderexp_B_first_seed3006,B_first,3006,post_phase1,test-0010
99de5c78,axis1_access_vs_provenance_value-conflict_orderexp_B_first_seed3006,B_first,3006,post_phase1,test-0011
263bab13,axis1_access_vs_provenance_value-conflict_orderexp_B_first_seed3006,B_first,3006,post_phase1,test-0012
534b8d41,axis1_access_vs_provenance_value-conflict_orderexp_B_first_seed3006,B_first,3006,post_phase1,test-0013
94da5e6a,axis1_access_vs_provenance_value-conflict_orderexp_B_first_seed3006,B_first,3006,post_phase1,test-0014
e8fed2e7,axis1_access_vs_provenance_value-conflict_orderexp_B_first_seed3006,B_first,3006,post_phase1,test-0015
93acfcb7,axis1_access_vs_provenance_value-conflict_orderexp_B_first_seed3006,B_first,3006,post_phase1,test-0016
4ccebe05,axis1_access_vs_provenance_value-conflict_orderexp_B_first_seed3006,B_first,3006,post_phase1,test-0017
173d4a24,axis1_access_vs_provenance_value-conflict_orderexp_B_first_seed3006,B_first,3006,post_phase1,test-0018
46ec3bd3,axis1_access_vs_provenance_value-conflict_orderexp_B_first_seed3006,B_first,3006,post_phase1,test-0019
bf6c14ac,axis1_access_vs_provenance_value-conflict_orderexp_B_first_seed3006,B_first,3006,post_phase1,test-0020
faf5036a,axis1_access_vs_provenance_value-conflict_orderexp_B_first_seed3006,B_first,3006,post_phase1,test-0021
3b372cb0,axis1_access_vs_provenance_value-conflict_orderexp_B_first_seed3006,B_first,3006,post_phase1,test-0022
01750ee9,axis1_access_vs_provenance_value-conflict_orderexp_B_first_seed3006,B_first,3006,post_phase1,test-0023
e849581a,axis1_access_vs_provenance_value-conflict_orderexp_B_first_seed3006,B_first,3006,post_phase1,test-0024
9255a585,axis1_access_vs_provenance_value-conflict_orderexp_B_first_seed3006,B_first,3006,pre_washout,test-0001
9d7dff99,axis1_access_vs_provenance_value-conflict_orderexp_B_first_seed3006,B_first,3006,pre_washout,test-0002
1534d252,axis1_access_vs_provenance_value-conflict_orderexp_B_first_seed3006,B_first,3006,pre_washout,test-0003
88f33d2c,axis1_access_vs_provenance_value-conflict_orderexp_B_first_seed3006,B_first,3006,pre_washout,test-0004
16ab42d6,axis1_access_vs_provenance_value-conflict_orderexp_B_first_seed3006,B_first,3006,pre_washout,test-0005
350389a5,axis1_access_vs_provenance_value-conflict_orderexp_B_first_seed3006,B_first,3006,pre_washout,test-0006
8f3a8689,axis1_access_vs_provenance_value-conflict_orderexp_B_first_seed3006,B_first,3006,pre_washout,test-0007
bfd460da,axis1_access_vs_provenance_value-conflict_orderexp_B_first_seed3006,B_first,3006,pre_washout,test-0008
714047a6,axis1_access_vs_provenance_value-conflict_orderexp_B_first_seed3006,B_first,3006,pre_washout,test-0009
c9d98d19,axis1_access_vs_provenance_value-conflict_orderexp_B_first_seed3006,B_first,3006,pre_washout,test-0010
6217d051,axis1_access_vs_provenance_value-conflict_orderexp_B_first_seed3006,B_first,3006,pre_washout,test-0011
fad43cb8,axis1_access_vs_provenance_value-conflict_orderexp_B_first_seed3006,B_first,3006,pre_washout,test-0012
8ca5fec8,axis1_access_vs_provenance_value-conflict_orderexp_B_first_seed3006,B_first,3006,pre_washout,test-0013
cd5f85f7,axis1_access_vs_provenance_value-conflict_orderexp_B_first_seed3006,B_first,3006,pre_washout,test-0014
083f6fd4,axis1_access_vs_provenance_value-conflict_orderexp_B_first_seed3006,B_first,3006,pre_washout,test-0015
67562362,axis1_access_vs_provenance_value-conflict_orderexp_B_first_seed3006,B_first,3006,pre_washout,test-0016
f1d47969,axis1_access_vs_provenance_value-conflict_orderexp_B_first_seed3006,B_first,3006,pre_washout,test-0017
8fffc3ac,axis1_access_vs_provenance_value-conflict_orderexp_B_first_seed3006,B_first,3006,pre_washout,test-0018
6480751a,axis1_access_vs_provenance_value-conflict_orderexp_B_first_seed3006,B_first,3006,pre_washout,test-0019
77bde745,axis1_access_vs_provenance_value-conflict_orderexp_B_first_seed3006,B_first,3006,pre_washout,test-0020
4baafee3,axis1_access_vs_provenance_value-conflict_orderexp_B_first_seed3006,B_first,3006,pre_washout,test-0021
d5ebb635,axis1_access_vs_provenance_value-conflict_orderexp_B_first_seed3006,B_first,3006,pre_washout,test-0022
b065fe6e,axis1_access_vs_provenance_value-conflict_orderexp_B_first_seed3006,B_first,3006,pre_washout,test-0023
6f3d6f26,axis1_access_vs_provenance_value-conflict_orderexp_B_first_seed3006,B_first,3006,pre_washout,test-0024
799b7e1b,axis1_access_vs_provenance_value-conflict_orderexp_B_first_seed3006,B_first,3006,post_washout,test-0001
cb8251d7,axis1_access_vs_provenance_value-conflict_orderexp_B_first_seed3006,B_first,3006,post_washout,test-0002
2962c3d9,axis1_access_vs_provenance_value-conflict_orderexp_B_first_seed3006,B_first,3006,post_washout,test-0003
fdd95b21,axis1_access_vs_provenance_value-conflict_orderexp_B_first_seed3006,B_first,3006,post_washout,test-0004
033bead6,axis1_access_vs_provenance_value-conflict_orderexp_B_first_seed3006,B_first,3006,post_washout,test-0005
14f9d4de,axis1_access_vs_provenance_value-conflict_orderexp_B_first_seed3006,B_first,3006,post_washout,test-0006
e2253aab,axis1_access_vs_provenance_value-conflict_orderexp_B_first_seed3006,B_first,3006,post_washout,test-0007
57fe7af1,axis1_access_vs_provenance_value-conflict_orderexp_B_first_seed3006,B_first,3006,post_washout,test-0008
05ad5c5f,axis1_access_vs_provenance_value-conflict_orderexp_B_first_seed3006,B_first,3006,post_washout,test-0009
0acddd24,axis1_access_vs_provenance_value-conflict_orderexp_B_first_seed3006,B_first,3006,post_washout,test-0010
af35d23e,axis1_access_vs_provenance_value-conflict_orderexp_B_first_seed3006,B_first,3006,post_washout,test-0011
8b94f62b,axis1_access_vs_provenance_value-conflict_orderexp_B_first_seed3006,B_first,3006,post_washout,test-0012
c69413f6,axis1_access_vs_provenance_value-conflict_orderexp_B_first_seed3006,B_first,3006,post_washout,test-0013
bda53f34,axis1_access_vs_provenance_value-conflict_orderexp_B_first_seed3006,B_first,3006,post_washout,test-0014
f7759971,axis1_access_vs_provenance_value-conflict_orderexp_B_first_seed3006,B_first,3006,post_washout,test-0015
3c5cba50,axis1_access_vs_provenance_value-conflict_orderexp_B_first_seed3006,B_first,3006,post_washout,test-0016
9b013184,axis1_access_vs_provenance_value-conflict_orderexp_B_first_seed3006,B_first,3006,post_washout,test-0017
d78a35a1,axis1_access_vs_provenance_value-conflict_orderexp_B_first_seed3006,B_first,3006,post_washout,test-0018
cad11acf,axis1_access_vs_provenance_value-conflict_orderexp_B_first_seed3006,B_first,3006,post_washout,test-0019
c185d704,axis1_access_vs_provenance_value-conflict_orderexp_B_first_seed3006,B_first,3006,post_washout,test-0020
466f9640,axis1_access_vs_provenance_value-conflict_orderexp_B_first_seed3006,B_first,3006,post_washout,test-0021
10b9406b,axis1_access_vs_provenance_value-conflict_orderexp_B_first_seed3006,B_first,3006,post_washout,test-0022
1246d017,axis1_access_vs_provenance_value-conflict_orderexp_B_first_seed3006,B_first,3006,post_washout,test-0023
24cfc5f4,axis1_access_vs_provenance_value-conflict_orderexp_B_first_seed3006,B_first,3006,post_washout,test-0024
52f46cc4,axis1_access_vs_provenance_value-conflict_orderexp_interleaved_seed3006,interleaved,3006,pre_washout,test-0001
f1ee9990,axis1_access_vs_provenance_value-conflict_orderexp_interleaved_seed3006,interleaved,3006,pre_washout,test-0002
b4db1e80,axis1_access_vs_provenance_value-conflict_orderexp_interleaved_seed3006,interleaved,3006,pre_washout,test-0003
ceb2014d,axis1_access_vs_provenance_value-conflict_orderexp_interleaved_seed3006,interleaved,3006,pre_washout,test-0004
62f41b6f,axis1_access_vs_provenance_value-conflict_orderexp_interleaved_seed3006,interleaved,3006,pre_washout,test-0005
18e41acd,axis1_access_vs_provenance_value-conflict_orderexp_interleaved_seed3006,interleaved,3006,pre_washout,test-0006
4b4ddc09,axis1_access_vs_provenance_value-conflict_orderexp_interleaved_seed3006,interleaved,3006,pre_washout,test-0007
f02a042d,axis1_access_vs_provenance_value-conflict_orderexp_interleaved_seed3006,interleaved,3006,pre_washout,test-0008
f77ae2b8,axis1_access_vs_provenance_value-conflict_orderexp_interleaved_seed3006,interleaved,3006,pre_washout,test-0009
294c7461,axis1_access_vs_provenance_value-conflict_orderexp_interleaved_seed3006,interleaved,3006,pre_washout,test-0010
08b03cc9,axis1_access_vs_provenance_value-conflict_orderexp_interleaved_seed3006,interleaved,3006,pre_washout,test-0011
73a939bd,axis1_access_vs_provenance_value-conflict_orderexp_interleaved_seed3006,interleaved,3006,pre_washout,test-0012
6cac1692,axis1_access_vs_provenance_value-conflict_orderexp_interleaved_seed3006,interleaved,3006,pre_washout,test-0013
5c939383,axis1_access_vs_provenance_value-conflict_orderexp_interleaved_seed3006,interleaved,3006,pre_washout,test-0014
5e65ebe9,axis1_access_vs_provenance_value-conflict_orderexp_interleaved_seed3006,interleaved,3006,pre_washout,test-0015
63d2e0ac,axis1_access_vs_provenance_value-conflict_orderexp_interleaved_seed3006,interleaved,3006,pre_washout,test-0016
9704c7e7,axis1_access_vs_provenance_value-conflict_orderexp_interleaved_seed3006,interleaved,3006,pre_washout,test-0017
c995fd79,axis1_access_vs_provenance_value-conflict_orderexp_interleaved_seed3006,interleaved,3006,pre_washout,test-0018
6a9e5394,axis1_access_vs_provenance_value-conflict_orderexp_interleaved_seed3006,interleaved,3006,pre_washout,test-0019
7c881867,axis1_access_vs_provenance_value-conflict_orderexp_interleaved_seed3006,interleaved,3006,pre_washout,test-0020
ce103d51,axis1_access_vs_provenance_value-conflict_orderexp_interleaved_seed3006,interleaved,3006,pre_washout,test-0021
a32cdb3c,axis1_access_vs_provenance_value-conflict_orderexp_interleaved_seed3006,interleaved,3006,pre_washout,test-0022
2301954d,axis1_access_vs_provenance_value-conflict_orderexp_interleaved_seed3006,interleaved,3006,pre_washout,test-0023
c9cfc347,axis1_access_vs_provenance_value-conflict_orderexp_interleaved_seed3006,interleaved,3006,pre_washout,test-0024
e6fd7479,axis1_access_vs_provenance_value-conflict_orderexp_interleaved_seed3006,interleaved,3006,post_washout,test-0001
b1edf015,axis1_access_vs_provenance_value-conflict_orderexp_interleaved_seed3006,interleaved,3006,post_washout,test-0002
b7cde5c4,axis1_access_vs_provenance_value-conflict_orderexp_interleaved_seed3006,interleaved,3006,post_washout,test-0003
66bbbbdd,axis1_access_vs_provenance_value-conflict_orderexp_interleaved_seed3006,interleaved,3006,post_washout,test-0004
c5c47b24,axis1_access_vs_provenance_value-conflict_orderexp_interleaved_seed3006,interleaved,3006,post_washout,test-0005
a77c20fd,axis1_access_vs_provenance_value-conflict_orderexp_interleaved_seed3006,interleaved,3006,post_washout,test-0006
b9ac6747,axis1_access_vs_provenance_value-conflict_orderexp_interleaved_seed3006,interleaved,3006,post_washout,test-0007
3835315e,axis1_access_vs_provenance_value-conflict_orderexp_interleaved_seed3006,interleaved,3006,post_washout,test-0008
f873158c,axis1_access_vs_provenance_value-conflict_orderexp_interleaved_seed3006,interleaved,3006,post_washout,test-0009
09aaa30b,axis1_access_vs_provenance_value-conflict_orderexp_interleaved_seed3006,interleaved,3006,post_washout,test-0010
907e1c2b,axis1_access_vs_provenance_value-conflict_orderexp_interleaved_seed3006,interleaved,3006,post_washout,test-0011
f81ee043,axis1_access_vs_provenance_value-conflict_orderexp_interleaved_seed3006,interleaved,3006,post_washout,test-0012
40150d1b,axis1_access_vs_provenance_value-conflict_orderexp_interleaved_seed3006,interleaved,3006,post_washout,test-0013
b6ec22dc,axis1_access_vs_provenance_value-conflict_orderexp_interleaved_seed3006,interleaved,3006,post_washout,test-0014
a9c31311,axis1_access_vs_provenance_value-conflict_orderexp_interleaved_seed3006,interleaved,3006,post_washout,test-0015
cbc1a913,axis1_access_vs_provenance_value-conflict_orderexp_interleaved_seed3006,interleaved,3006,post_washout,test-0016
21b364be,axis1_access_vs_provenance_value-conflict_orderexp_interleaved_seed3006,interleaved,3006,post_washout,test-0017
7383778c,axis1_access_vs_provenance_value-conflict_orderexp_interleaved_seed3006,interleaved,3006,post_washout,test-0018
384d2c83,axis1_access_vs_provenance_value-conflict_orderexp_interleaved_seed3006,interleaved,3006,post_washout,test-0019
9c02314f,axis1_access_vs_provenance_value-conflict_orderexp_interleaved_seed3006,interleaved,3006,post_washout,test-0020
3b788d20,axis1_access_vs_provenance_value-conflict_orderexp_interleaved_seed3006,interleaved,3006,post_washout,test-0021
f0bd5d82,axis1_access_vs_provenance_value-conflict_orderexp_interleaved_seed3006,interleaved,3006,post_washout,test-0022
10d83304,axis1_access_vs_provenance_value-conflict_orderexp_interleaved_seed3006,interleaved,3006,post_washout,test-0023
7a0d460d,axis1_access_vs_provenance_value-conflict_orderexp_interleaved_seed3006,interleaved,3006,post_washout,test-0024
a0fb3ccd,axis1_access_vs_provenance_value-conflict_orderexp_A_first_seed3007,A_first,3007,post_phase1,test-0001
461141a0,axis1_access_vs_provenance_value-conflict_orderexp_A_first_seed3007,A_first,3007,post_phase1,test-0002
e0bc598d,axis1_access_vs_provenance_value-conflict_orderexp_A_first_seed3007,A_first,3007,post_phase1,test-0003
690274ab,axis1_access_vs_provenance_value-conflict_orderexp_A_first_seed3007,A_first,3007,post_phase1,test-0004
c5438233,axis1_access_vs_provenance_value-conflict_orderexp_A_first_seed3007,A_first,3007,post_phase1,test-0005
0e846bff,axis1_access_vs_provenance_value-conflict_orderexp_A_first_seed3007,A_first,3007,post_phase1,test-0006
2bfbd797,axis1_access_vs_provenance_value-conflict_orderexp_A_first_seed3007,A_first,3007,post_phase1,test-0007
4156628b,axis1_access_vs_provenance_value-conflict_orderexp_A_first_seed3007,A_first,3007,post_phase1,test-0008
3e592230,axis1_access_vs_provenance_value-conflict_orderexp_A_first_seed3007,A_first,3007,post_phase1,test-0009
448650f6,axis1_access_vs_provenance_value-conflict_orderexp_A_first_seed3007,A_first,3007,post_phase1,test-0010
dc3e0ce4,axis1_access_vs_provenance_value-conflict_orderexp_A_first_seed3007,A_first,3007,post_phase1,test-0011
0710e8ed,axis1_access_vs_provenance_value-conflict_orderexp_A_first_seed3007,A_first,3007,post_phase1,test-0012
f73786db,axis1_access_vs_provenance_value-conflict_orderexp_A_first_seed3007,A_first,3007,post_phase1,test-0013
7c920499,axis1_access_vs_provenance_value-conflict_orderexp_A_first_seed3007,A_first,3007,post_phase1,test-0014
62e064b2,axis1_access_vs_provenance_value-conflict_orderexp_A_first_seed3007,A_first,3007,post_phase1,test-0015
87766f35,axis1_access_vs_provenance_value-conflict_orderexp_A_first_seed3007,A_first,3007,post_phase1,test-0016
1781594f,axis1_access_vs_provenance_value-conflict_orderexp_A_first_seed3007,A_first,3007,post_phase1,test-0017
f6dc4b51,axis1_access_vs_provenance_value-conflict_orderexp_A_first_seed3007,A_first,3007,post_phase1,test-0018
3dc399fb,axis1_access_vs_provenance_value-conflict_orderexp_A_first_seed3007,A_first,3007,post_phase1,test-0019
12c22f85,axis1_access_vs_provenance_value-conflict_orderexp_A_first_seed3007,A_first,3007,post_phase1,test-0020
9e992802,axis1_access_vs_provenance_value-conflict_orderexp_A_first_seed3007,A_first,3007,post_phase1,test-0021
3998a963,axis1_access_vs_provenance_value-conflict_orderexp_A_first_seed3007,A_first,3007,post_phase1,test-0022
d655445c,axis1_access_vs_provenance_value-conflict_orderexp_A_first_seed3007,A_first,3007,post_phase1,test-0023
d78e9ddd,axis1_access_vs_provenance_value-conflict_orderexp_A_first_seed3007,A_first,3007,post_phase1,test-0024
4265b581,axis1_access_vs_provenance_value-conflict_orderexp_A_first_seed3007,A_first,3007,pre_washout,test-0001
bab97707,axis1_access_vs_provenance_value-conflict_orderexp_A_first_seed3007,A_first,3007,pre_washout,test-0002
4386c6e0,axis1_access_vs_provenance_value-conflict_orderexp_A_first_seed3007,A_first,3007,pre_washout,test-0003
ea63ff28,axis1_access_vs_provenance_value-conflict_orderexp_A_first_seed3007,A_first,3007,pre_washout,test-0004
34e023ae,axis1_access_vs_provenance_value-conflict_orderexp_A_first_seed3007,A_first,3007,pre_washout,test-0005
21294f37,axis1_access_vs_provenance_value-conflict_orderexp_A_first_seed3007,A_first,3007,pre_washout,test-0006
757c89fb,axis1_access_vs_provenance_value-conflict_orderexp_A_first_seed3007,A_first,3007,pre_washout,test-0007
0850053c,axis1_access_vs_provenance_value-conflict_orderexp_A_first_seed3007,A_first,3007,pre_washout,test-0008
f9dcb2fb,axis1_access_vs_provenance_value-conflict_orderexp_A_first_seed3007,A_first,3007,pre_washout,test-0009
d26344d3,axis1_access_vs_provenance_value-conflict_orderexp_A_first_seed3007,A_first,3007,pre_washout,test-0010
aecd2aec,axis1_access_vs_provenance_value-conflict_orderexp_A_first_seed3007,A_first,3007,pre_washout,test-0011
58bb74f4,axis1_access_vs_provenance_value-conflict_orderexp_A_first_seed3007,A_first,3007,pre_washout,test-0012
e5fe6bad,axis1_access_vs_provenance_value-conflict_orderexp_A_first_seed3007,A_first,3007,pre_washout,test-0013
df51d77e,axis1_access_vs_provenance_value-conflict_orderexp_A_first_seed3007,A_first,3007,pre_washout,test-0014
d5b0a204,axis1_access_vs_provenance_value-conflict_orderexp_A_first_seed3007,A_first,3007,pre_washout,test-0015
1bfb1059,axis1_access_vs_provenance_value-conflict_orderexp_A_first_seed3007,A_first,3007,pre_washout,test-0016
85614202,axis1_access_vs_provenance_value-conflict_orderexp_A_first_seed3007,A_first,3007,pre_washout,test-0017
feaab412,axis1_access_vs_provenance_value-conflict_orderexp_A_first_seed3007,A_first,3007,pre_washout,test-0018
4cebdd90,axis1_access_vs_provenance_value-conflict_orderexp_A_first_seed3007,A_first,3007,pre_washout,test-0019
e0fd3bef,axis1_access_vs_provenance_value-conflict_orderexp_A_first_seed3007,A_first,3007,pre_washout,test-0020
2b307e59,axis1_access_vs_provenance_value-conflict_orderexp_A_first_seed3007,A_first,3007,pre_washout,test-0021
a1e70f8a,axis1_access_vs_provenance_value-conflict_orderexp_A_first_seed3007,A_first,3007,pre_washout,test-0022
d167dab2,axis1_access_vs_provenance_value-conflict_orderexp_A_first_seed3007,A_first,3007,pre_washout,test-0023
e4f88c12,axis1_access_vs_provenance_value-conflict_orderexp_A_first_seed3007,A_first,3007,pre_washout,test-0024
c2bf84c5,axis1_access_vs_provenance_value-conflict_orderexp_A_first_seed3007,A_first,3007,post_washout,test-0001
914885af,axis1_access_vs_provenance_value-conflict_orderexp_A_first_seed3007,A_first,3007,post_washout,test-0002
37404a8e,axis1_access_vs_provenance_value-conflict_orderexp_A_first_seed3007,A_first,3007,post_washout,test-0003
ebfaba31,axis1_access_vs_provenance_value-conflict_orderexp_A_first_seed3007,A_first,3007,post_washout,test-0004
35a5548c,axis1_access_vs_provenance_value-conflict_orderexp_A_first_seed3007,A_first,3007,post_washout,test-0005
9f006c67,axis1_access_vs_provenance_value-conflict_orderexp_A_first_seed3007,A_first,3007,post_washout,test-0006
69057624,axis1_access_vs_provenance_value-conflict_orderexp_A_first_seed3007,A_first,3007,post_washout,test-0007
606c2143,axis1_access_vs_provenance_value-conflict_orderexp_A_first_seed3007,A_first,3007,post_washout,test-0008
b00fb49c,axis1_access_vs_provenance_value-conflict_orderexp_A_first_seed3007,A_first,3007,post_washout,test-0009
2b867d5e,axis1_access_vs_provenance_value-conflict_orderexp_A_first_seed3007,A_first,3007,post_washout,test-0010
ebaec10a,axis1_access_vs_provenance_value-conflict_orderexp_A_first_seed3007,A_first,3007,post_washout,test-0011
dc191ff0,axis1_access_vs_provenance_value-conflict_orderexp_A_first_seed3007,A_first,3007,post_washout,test-0012
ed572c9f,axis1_access_vs_provenance_value-conflict_orderexp_A_first_seed3007,A_first,3007,post_washout,test-0013
f368f3e8,axis1_access_vs_provenance_value-conflict_orderexp_A_first_seed3007,A_first,3007,post_washout,test-0014
d867e876,axis1_access_vs_provenance_value-conflict_orderexp_A_first_seed3007,A_first,3007,post_washout,test-0015
a970a695,axis1_access_vs_provenance_value-conflict_orderexp_A_first_seed3007,A_first,3007,post_washout,test-0016
0e81e9d2,axis1_access_vs_provenance_value-conflict_orderexp_A_first_seed3007,A_first,3007,post_washout,test-0017
a5518f92,axis1_access_vs_provenance_value-conflict_orderexp_A_first_seed3007,A_first,3007,post_washout,test-0018
e7553131,axis1_access_vs_provenance_value-conflict_orderexp_A_first_seed3007,A_first,3007,post_washout,test-0019
b26c0f4d,axis1_access_vs_provenance_value-conflict_orderexp_A_first_seed3007,A_first,3007,post_washout,test-0020
eb5148cd,axis1_access_vs_provenance_value-conflict_orderexp_A_first_seed3007,A_first,3007,post_washout,test-0021
aa1c7f3a,axis1_access_vs_provenance_value-conflict_orderexp_A_first_seed3007,A_first,3007,post_washout,test-0022
2381886c,axis1_access_vs_provenance_value-conflict_orderexp_A_first_seed3007,A_first,3007,post_washout,test-0023
aaa2cec8,axis1_access_vs_provenance_value-conflict_orderexp_A_first_seed3007,A_first,3007,post_washout,test-0024
99bb0276,axis1_access_vs_provenance_value-conflict_orderexp_B_first_seed3007,B_first,3007,post_phase1,test-0001
1abef0ee,axis1_access_vs_provenance_value-conflict_orderexp_B_first_seed3007,B_first,3007,post_phase1,test-0002
144815e1,axis1_access_vs_provenance_value-conflict_orderexp_B_first_seed3007,B_first,3007,post_phase1,test-0003
8db2bed7,axis1_access_vs_provenance_value-conflict_orderexp_B_first_seed3007,B_first,3007,post_phase1,test-0004
482f3c31,axis1_access_vs_provenance_value-conflict_orderexp_B_first_seed3007,B_first,3007,post_phase1,test-0005
188fd81d,axis1_access_vs_provenance_value-conflict_orderexp_B_first_seed3007,B_first,3007,post_phase1,test-0006
c4e78b84,axis1_access_vs_provenance_value-conflict_orderexp_B_first_seed3007,B_first,3007,post_phase1,test-0007
a0253fca,axis1_access_vs_provenance_value-conflict_orderexp_B_first_seed3007,B_first,3007,post_phase1,test-0008
089d5bdb,axis1_access_vs_provenance_value-conflict_orderexp_B_first_seed3007,B_first,3007,post_phase1,test-0009
996e6e39,axis1_access_vs_provenance_value-conflict_orderexp_B_first_seed3007,B_first,3007,post_phase1,test-0010
3d421f14,axis1_access_vs_provenance_value-conflict_orderexp_B_first_seed3007,B_first,3007,post_phase1,test-0011
5cc60a0f,axis1_access_vs_provenance_value-conflict_orderexp_B_first_seed3007,B_first,3007,post_phase1,test-0012
e5106b8e,axis1_access_vs_provenance_value-conflict_orderexp_B_first_seed3007,B_first,3007,post_phase1,test-0013
156c22f4,axis1_access_vs_provenance_value-conflict_orderexp_B_first_seed3007,B_first,3007,post_phase1,test-0014
7508a1cb,axis1_access_vs_provenance_value-conflict_orderexp_B_first_seed3007,B_first,3007,post_phase1,test-0015
db68a589,axis1_access_vs_provenance_value-conflict_orderexp_B_first_seed3007,B_first,3007,post_phase1,test-0016
7d27830d,axis1_access_vs_provenance_value-conflict_orderexp_B_first_seed3007,B_first,3007,post_phase1,test-0017
8ecb23a8,axis1_access_vs_provenance_value-conflict_orderexp_B_first_seed3007,B_first,3007,post_phase1,test-0018
388430f3,axis1_access_vs_provenance_value-conflict_orderexp_B_first_seed3007,B_first,3007,post_phase1,test-0019
e10b1992,axis1_access_vs_provenance_value-conflict_orderexp_B_first_seed3007,B_first,3007,post_phase1,test-0020
b5626396,axis1_access_vs_provenance_value-conflict_orderexp_B_first_seed3007,B_first,3007,post_phase1,test-0021
710cc560,axis1_access_vs_provenance_value-conflict_orderexp_B_first_seed3007,B_first,3007,post_phase1,test-0022
598fa7a0,axis1_access_vs_provenance_value-conflict_orderexp_B_first_seed3007,B_first,3007,post_phase1,test-0023
6f273dcb,axis1_access_vs_provenance_value-conflict_orderexp_B_first_seed3007,B_first,3007,post_phase1,test-0024
f3edf296,axis1_access_vs_provenance_value-conflict_orderexp_B_first_seed3007,B_first,3007,pre_washout,test-0001
2e3cadff,axis1_access_vs_provenance_value-conflict_orderexp_B_first_seed3007,B_first,3007,pre_washout,test-0002
025bbaa2,axis1_access_vs_provenance_value-conflict_orderexp_B_first_seed3007,B_first,3007,pre_washout,test-0003
f170c941,axis1_access_vs_provenance_value-conflict_orderexp_B_first_seed3007,B_first,3007,pre_washout,test-0004
fb63e26d,axis1_access_vs_provenance_value-conflict_orderexp_B_first_seed3007,B_first,3007,pre_washout,test-0005
93f4d121,axis1_access_vs_provenance_value-conflict_orderexp_B_first_seed3007,B_first,3007,pre_washout,test-0006
90fc2484,axis1_access_vs_provenance_value-conflict_orderexp_B_first_seed3007,B_first,3007,pre_washout,test-0007
12b7e446,axis1_access_vs_provenance_value-conflict_orderexp_B_first_seed3007,B_first,3007,pre_washout,test-0008
8430dc50,axis1_access_vs_provenance_value-conflict_orderexp_B_first_seed3007,B_first,3007,pre_washout,test-0009
7e29c2ef,axis1_access_vs_provenance_value-conflict_orderexp_B_first_seed3007,B_first,3007,pre_washout,test-0010
f530eaa1,axis1_access_vs_provenance_value-conflict_orderexp_B_first_seed3007,B_first,3007,pre_washout,test-0011
f2b24d88,axis1_access_vs_provenance_value-conflict_orderexp_B_first_seed3007,B_first,3007,pre_washout,test-0012
53bc7651,axis1_access_vs_provenance_value-conflict_orderexp_B_first_seed3007,B_first,3007,pre_washout,test-0013
ef71f73b,axis1_access_vs_provenance_value-conflict_orderexp_B_first_seed3007,B_first,3007,pre_washout,test-0014
5dabb281,axis1_access_vs_provenance_value-conflict_orderexp_B_first_seed3007,B_first,3007,pre_washout,test-0015
f8954ca4,axis1_access_vs_provenance_value-conflict_orderexp_B_first_seed3007,B_first,3007,pre_washout,test-0016
8bc13274,axis1_access_vs_provenance_value-conflict_orderexp_B_first_seed3007,B_first,3007,pre_washout,test-0017
13c50cb1,axis1_access_vs_provenance_value-conflict_orderexp_B_first_seed3007,B_first,3007,pre_washout,test-0018
8e2491e5,axis1_access_vs_provenance_value-conflict_orderexp_B_first_seed3007,B_first,3007,pre_washout,test-0019
b74f734a,axis1_access_vs_provenance_value-conflict_orderexp_B_first_seed3007,B_first,3007,pre_washout,test-0020
72c533d1,axis1_access_vs_provenance_value-conflict_orderexp_B_first_seed3007,B_first,3007,pre_washout,test-0021
a9e1a00d,axis1_access_vs_provenance_value-conflict_orderexp_B_first_seed3007,B_first,3007,pre_washout,test-0022
ce300996,axis1_access_vs_provenance_value-conflict_orderexp_B_first_seed3007,B_first,3007,pre_washout,test-0023
c315c719,axis1_access_vs_provenance_value-conflict_orderexp_B_first_seed3007,B_first,3007,pre_washout,test-0024
560545ce,axis1_access_vs_provenance_value-conflict_orderexp_B_first_seed3007,B_first,3007,post_washout,test-0001
8c3fd008,axis1_access_vs_provenance_value-conflict_orderexp_B_first_seed3007,B_first,3007,post_washout,test-0002
2abc3276,axis1_access_vs_provenance_value-conflict_orderexp_B_first_seed3007,B_first,3007,post_washout,test-0003
6c7ed59c,axis1_access_vs_provenance_value-conflict_orderexp_B_first_seed3007,B_first,3007,post_washout,test-0004
fb3cba95,axis1_access_vs_provenance_value-conflict_orderexp_B_first_seed3007,B_first,3007,post_washout,test-0005
05dc1d9e,axis1_access_vs_provenance_value-conflict_orderexp_B_first_seed3007,B_first,3007,post_washout,test-0006
4e8eb3ce,axis1_access_vs_provenance_value-conflict_orderexp_B_first_seed3007,B_first,3007,post_washout,test-0007
4e59b3ef,axis1_access_vs_provenance_value-conflict_orderexp_B_first_seed3007,B_first,3007,post_washout,test-0008
783c6511,axis1_access_vs_provenance_value-conflict_orderexp_B_first_seed3007,B_first,3007,post_washout,test-0009
a70648e9,axis1_access_vs_provenance_value-conflict_orderexp_B_first_seed3007,B_first,3007,post_washout,test-0010
753615a0,axis1_access_vs_provenance_value-conflict_orderexp_B_first_seed3007,B_first,3007,post_washout,test-0011
6e4e6873,axis1_access_vs_provenance_value-conflict_orderexp_B_first_seed3007,B_first,3007,post_washout,test-0012
fc88ae02,axis1_access_vs_provenance_value-conflict_orderexp_B_first_seed3007,B_first,3007,post_washout,test-0013
92a6e0c7,axis1_access_vs_provenance_value-conflict_orderexp_B_first_seed3007,B_first,3007,post_washout,test-0014
ff735af7,axis1_access_vs_provenance_value-conflict_orderexp_B_first_seed3007,B_first,3007,post_washout,test-0015
22f3f94c,axis1_access_vs_provenance_value-conflict_orderexp_B_first_seed3007,B_first,3007,post_washout,test-0016
ee4ff3ed,axis1_access_vs_provenance_value-conflict_orderexp_B_first_seed3007,B_first,3007,post_washout,test-0017
31b5c805,axis1_access_vs_provenance_value-conflict_orderexp_B_first_seed3007,B_first,3007,post_washout,test-0018
a4ca52ed,axis1_access_vs_provenance_value-conflict_orderexp_B_first_seed3007,B_first,3007,post_washout,test-0019
0cf510d8,axis1_access_vs_provenance_value-conflict_orderexp_B_first_seed3007,B_first,3007,post_washout,test-0020
cb8a530e,axis1_access_vs_provenance_value-conflict_orderexp_B_first_seed3007,B_first,3007,post_washout,test-0021
ae64a064,axis1_access_vs_provenance_value-conflict_orderexp_B_first_seed3007,B_first,3007,post_washout,test-0022
8f9edaed,axis1_access_vs_provenance_value-conflict_orderexp_B_first_seed3007,B_first,3007,post_washout,test-0023
a4e2a915,axis1_access_vs_provenance_value-conflict_orderexp_B_first_seed3007,B_first,3007,post_washout,test-0024
80b8ad99,axis1_access_vs_provenance_value-conflict_orderexp_interleaved_seed3007,interleaved,3007,pre_washout,test-0001
a8336f38,axis1_access_vs_provenance_value-conflict_orderexp_interleaved_seed3007,interleaved,3007,pre_washout,test-0002
256cbe29,axis1_access_vs_provenance_value-conflict_orderexp_interleaved_seed3007,interleaved,3007,pre_washout,test-0003
a3053b46,axis1_access_vs_provenance_value-conflict_orderexp_interleaved_seed3007,interleaved,3007,pre_washout,test-0004
ab8480ef,axis1_access_vs_provenance_value-conflict_orderexp_interleaved_seed3007,interleaved,3007,pre_washout,test-0005
769c234e,axis1_access_vs_provenance_value-conflict_orderexp_interleaved_seed3007,interleaved,3007,pre_washout,test-0006
5b1ef166,axis1_access_vs_provenance_value-conflict_orderexp_interleaved_seed3007,interleaved,3007,pre_washout,test-0007
afb96bbd,axis1_access_vs_provenance_value-conflict_orderexp_interleaved_seed3007,interleaved,3007,pre_washout,test-0008
ec86ec9f,axis1_access_vs_provenance_value-conflict_orderexp_interleaved_seed3007,interleaved,3007,pre_washout,test-0009
9559fabc,axis1_access_vs_provenance_value-conflict_orderexp_interleaved_seed3007,interleaved,3007,pre_washout,test-0010
83834fed,axis1_access_vs_provenance_value-conflict_orderexp_interleaved_seed3007,interleaved,3007,pre_washout,test-0011
eb5719d0,axis1_access_vs_provenance_value-conflict_orderexp_interleaved_seed3007,interleaved,3007,pre_washout,test-0012
84a7246c,axis1_access_vs_provenance_value-conflict_orderexp_interleaved_seed3007,interleaved,3007,pre_washout,test-0013
a844a30f,axis1_access_vs_provenance_value-conflict_orderexp_interleaved_seed3007,interleaved,3007,pre_washout,test-0014
d62a8fd3,axis1_access_vs_provenance_value-conflict_orderexp_interleaved_seed3007,interleaved,3007,pre_washout,test-0015
9980764a,axis1_access_vs_provenance_value-conflict_orderexp_interleaved_seed3007,interleaved,3007,pre_washout,test-0016
5b83479e,axis1_access_vs_provenance_value-conflict_orderexp_interleaved_seed3007,interleaved,3007,pre_washout,test-0017
321f91f8,axis1_access_vs_provenance_value-conflict_orderexp_interleaved_seed3007,interleaved,3007,pre_washout,test-0018
65179ddb,axis1_access_vs_provenance_value-conflict_orderexp_interleaved_seed3007,interleaved,3007,pre_washout,test-0019
ebea09d3,axis1_access_vs_provenance_value-conflict_orderexp_interleaved_seed3007,interleaved,3007,pre_washout,test-0020
86b12ebc,axis1_access_vs_provenance_value-conflict_orderexp_interleaved_seed3007,interleaved,3007,pre_washout,test-0021
432db21f,axis1_access_vs_provenance_value-conflict_orderexp_interleaved_seed3007,interleaved,3007,pre_washout,test-0022
f00d6143,axis1_access_vs_provenance_value-conflict_orderexp_interleaved_seed3007,interleaved,3007,pre_washout,test-0023
f00023ca,axis1_access_vs_provenance_value-conflict_orderexp_interleaved_seed3007,interleaved,3007,pre_washout,test-0024
f6e71ca8,axis1_access_vs_provenance_value-conflict_orderexp_interleaved_seed3007,interleaved,3007,post_washout,test-0001
273480b8,axis1_access_vs_provenance_value-conflict_orderexp_interleaved_seed3007,interleaved,3007,post_washout,test-0002
24ab94b0,axis1_access_vs_provenance_value-conflict_orderexp_interleaved_seed3007,interleaved,3007,post_washout,test-0003
8a5b129c,axis1_access_vs_provenance_value-conflict_orderexp_interleaved_seed3007,interleaved,3007,post_washout,test-0004
11ab3f75,axis1_access_vs_provenance_value-conflict_orderexp_interleaved_seed3007,interleaved,3007,post_washout,test-0005
a258575c,axis1_access_vs_provenance_value-conflict_orderexp_interleaved_seed3007,interleaved,3007,post_washout,test-0006
854b2af6,axis1_access_vs_provenance_value-conflict_orderexp_interleaved_seed3007,interleaved,3007,post_washout,test-0007
74219f26,axis1_access_vs_provenance_value-conflict_orderexp_interleaved_seed3007,interleaved,3007,post_washout,test-0008
fc847135,axis1_access_vs_provenance_value-conflict_orderexp_interleaved_seed3007,interleaved,3007,post_washout,test-0009
6436c9fc,axis1_access_vs_provenance_value-conflict_orderexp_interleaved_seed3007,interleaved,3007,post_washout,test-0010
bc0e1e86,axis1_access_vs_provenance_value-conflict_orderexp_interleaved_seed3007,interleaved,3007,post_washout,test-0011
6e382e82,axis1_access_vs_provenance_value-conflict_orderexp_interleaved_seed3007,interleaved,3007,post_washout,test-0012
1cb56162,axis1_access_vs_provenance_value-conflict_orderexp_interleaved_seed3007,interleaved,3007,post_washout,test-0013
179b251e,axis1_access_vs_provenance_value-conflict_orderexp_interleaved_seed3007,interleaved,3007,post_washout,test-0014
a1ad1314,axis1_access_vs_provenance_value-conflict_orderexp_interleaved_seed3007,interleaved,3007,post_washout,test-0015
5d494e61,axis1_access_vs_provenance_value-conflict_orderexp_interleaved_seed3007,interleaved,3007,post_washout,test-0016
13db7db6,axis1_access_vs_provenance_value-conflict_orderexp_interleaved_seed3007,interleaved,3007,post_washout,test-0017
2d03e5f7,axis1_access_vs_provenance_value-conflict_orderexp_interleaved_seed3007,interleaved,3007,post_washout,test-0018
ab94f8aa,axis1_access_vs_provenance_value-conflict_orderexp_interleaved_seed3007,interleaved,3007,post_washout,test-0019
1f334cb9,axis1_access_vs_provenance_value-conflict_orderexp_interleaved_seed3007,interleaved,3007,post_washout,test-0020
45556a5f,axis1_access_vs_provenance_value-conflict_orderexp_interleaved_seed3007,interleaved,3007,post_washout,test-0021
3bdb6cd5,axis1_access_vs_provenance_value-conflict_orderexp_interleaved_seed3007,interleaved,3007,post_washout,test-0022
ec8b5368,axis1_access_vs_provenance_value-conflict_orderexp_interleaved_seed3007,interleaved,3007,post_washout,test-0023
3d858e05,axis1_access_vs_provenance_value-conflict_orderexp_interleaved_seed3007,interleaved,3007,post_washout,test-0024
6e4afde3,axis1_access_vs_provenance_value-conflict_orderexp_A_first_seed3008,A_first,3008,post_phase1,test-0001
169fcdca,axis1_access_vs_provenance_value-conflict_orderexp_A_first_seed3008,A_first,3008,post_phase1,test-0002
557d31d2,axis1_access_vs_provenance_value-conflict_orderexp_A_first_seed3008,A_first,3008,post_phase1,test-0003
fb7dfe2d,axis1_access_vs_provenance_value-conflict_orderexp_A_first_seed3008,A_first,3008,post_phase1,test-0004
967882f7,axis1_access_vs_provenance_value-conflict_orderexp_A_first_seed3008,A_first,3008,post_phase1,test-0005
e07fbbdd,axis1_access_vs_provenance_value-conflict_orderexp_A_first_seed3008,A_first,3008,post_phase1,test-0006
2e52bb16,axis1_access_vs_provenance_value-conflict_orderexp_A_first_seed3008,A_first,3008,post_phase1,test-0007
bdb87396,axis1_access_vs_provenance_value-conflict_orderexp_A_first_seed3008,A_first,3008,post_phase1,test-0008
4d4b158a,axis1_access_vs_provenance_value-conflict_orderexp_A_first_seed3008,A_first,3008,post_phase1,test-0009
aeb2a7e9,axis1_access_vs_provenance_value-conflict_orderexp_A_first_seed3008,A_first,3008,post_phase1,test-0010
65ddef50,axis1_access_vs_provenance_value-conflict_orderexp_A_first_seed3008,A_first,3008,post_phase1,test-0011
178951b2,axis1_access_vs_provenance_value-conflict_orderexp_A_first_seed3008,A_first,3008,post_phase1,test-0012
a4fae50b,axis1_access_vs_provenance_value-conflict_orderexp_A_first_seed3008,A_first,3008,post_phase1,test-0013
7fc95896,axis1_access_vs_provenance_value-conflict_orderexp_A_first_seed3008,A_first,3008,post_phase1,test-0014
6831eeb9,axis1_access_vs_provenance_value-conflict_orderexp_A_first_seed3008,A_first,3008,post_phase1,test-0015
79cc780b,axis1_access_vs_provenance_value-conflict_orderexp_A_first_seed3008,A_first,3008,post_phase1,test-0016
3d292e84,axis1_access_vs_provenance_value-conflict_orderexp_A_first_seed3008,A_first,3008,post_phase1,test-0017
9d9be900,axis1_access_vs_provenance_value-conflict_orderexp_A_first_seed3008,A_first,3008,post_phase1,test-0018
49334188,axis1_access_vs_provenance_value-conflict_orderexp_A_first_seed3008,A_first,3008,post_phase1,test-0019
ce4dfbef,axis1_access_vs_provenance_value-conflict_orderexp_A_first_seed3008,A_first,3008,post_phase1,test-0020
1a0ac86d,axis1_access_vs_provenance_value-conflict_orderexp_A_first_seed3008,A_first,3008,post_phase1,test-0021
6a806329,axis1_access_vs_provenance_value-conflict_orderexp_A_first_seed3008,A_first,3008,post_phase1,test-0022
a641b751,axis1_access_vs_provenance_value-conflict_orderexp_A_first_seed3008,A_first,3008,post_phase1,test-0023
5e649155,axis1_access_vs_provenance_value-conflict_orderexp_A_first_seed3008,A_first,3008,post_phase1,test-0024
e09e9706,axis1_access_vs_provenance_value-conflict_orderexp_A_first_seed3008,A_first,3008,pre_washout,test-0001
8e04653e,axis1_access_vs_provenance_value-conflict_orderexp_A_first_seed3008,A_first,3008,pre_washout,test-0002
d75b14ab,axis1_access_vs_provenance_value-conflict_orderexp_A_first_seed3008,A_first,3008,pre_washout,test-0003
6e8556b1,axis1_access_vs_provenance_value-conflict_orderexp_A_first_seed3008,A_first,3008,pre_washout,test-0004
3e07dfe4,axis1_access_vs_provenance_value-conflict_orderexp_A_first_seed3008,A_first,3008,pre_washout,test-0005
441a5fa0,axis1_access_vs_provenance_value-conflict_orderexp_A_first_seed3008,A_first,3008,pre_washout,test-0006
4d27ac7b,axis1_access_vs_provenance_value-conflict_orderexp_A_first_seed3008,A_first,3008,pre_washout,test-0007
4e472d30,axis1_access_vs_provenance_value-conflict_orderexp_A_first_seed3008,A_first,3008,pre_washout,test-0008
549b915c,axis1_access_vs_provenance_value-conflict_orderexp_A_first_seed3008,A_first,3008,pre_washout,test-0009
549f8322,axis1_access_vs_provenance_value-conflict_orderexp_A_first_seed3008,A_first,3008,pre_washout,test-0010
90677e0b,axis1_access_vs_provenance_value-conflict_orderexp_A_first_seed3008,A_first,3008,pre_washout,test-0011
5ff82351,axis1_access_vs_provenance_value-conflict_orderexp_A_first_seed3008,A_first,3008,pre_washout,test-0012
640db291,axis1_access_vs_provenance_value-conflict_orderexp_A_first_seed3008,A_first,3008,pre_washout,test-0013
4cb9cb17,axis1_access_vs_provenance_value-conflict_orderexp_A_first_seed3008,A_first,3008,pre_washout,test-0014
90b8c8be,axis1_access_vs_provenance_value-conflict_orderexp_A_first_seed3008,A_first,3008,pre_washout,test-0015
8d82f47c,axis1_access_vs_provenance_value-conflict_orderexp_A_first_seed3008,A_first,3008,pre_washout,test-0016
d27aadaa,axis1_access_vs_provenance_value-conflict_orderexp_A_first_seed3008,A_first,3008,pre_washout,test-0017
3068ae76,axis1_access_vs_provenance_value-conflict_orderexp_A_first_seed3008,A_first,3008,pre_washout,test-0018
8d2da03e,axis1_access_vs_provenance_value-conflict_orderexp_A_first_seed3008,A_first,3008,pre_washout,test-0019
eb3c9a8c,axis1_access_vs_provenance_value-conflict_orderexp_A_first_seed3008,A_first,3008,pre_washout,test-0020
17811b70,axis1_access_vs_provenance_value-conflict_orderexp_A_first_seed3008,A_first,3008,pre_washout,test-0021
9967a11b,axis1_access_vs_provenance_value-conflict_orderexp_A_first_seed3008,A_first,3008,pre_washout,test-0022
8eaaf344,axis1_access_vs_provenance_value-conflict_orderexp_A_first_seed3008,A_first,3008,pre_washout,test-0023
3f745bf7,axis1_access_vs_provenance_value-conflict_orderexp_A_first_seed3008,A_first,3008,pre_washout,test-0024
0f61ef26,axis1_access_vs_provenance_value-conflict_orderexp_A_first_seed3008,A_first,3008,post_washout,test-0001
e4b6e437,axis1_access_vs_provenance_value-conflict_orderexp_A_first_seed3008,A_first,3008,post_washout,test-0002
091cf994,axis1_access_vs_provenance_value-conflict_orderexp_A_first_seed3008,A_first,3008,post_washout,test-0003
1e6cef12,axis1_access_vs_provenance_value-conflict_orderexp_A_first_seed3008,A_first,3008,post_washout,test-0004
3cc5a1c5,axis1_access_vs_provenance_value-conflict_orderexp_A_first_seed3008,A_first,3008,post_washout,test-0005
10db085a,axis1_access_vs_provenance_value-conflict_orderexp_A_first_seed3008,A_first,3008,post_washout,test-0006
37ca5cd7,axis1_access_vs_provenance_value-conflict_orderexp_A_first_seed3008,A_first,3008,post_washout,test-0007
456064b1,axis1_access_vs_provenance_value-conflict_orderexp_A_first_seed3008,A_first,3008,post_washout,test-0008
0b797b7b,axis1_access_vs_provenance_value-conflict_orderexp_A_first_seed3008,A_first,3008,post_washout,test-0009
d72994e1,axis1_access_vs_provenance_value-conflict_orderexp_A_first_seed3008,A_first,3008,post_washout,test-0010
beeb6108,axis1_access_vs_provenance_value-conflict_orderexp_A_first_seed3008,A_first,3008,post_washout,test-0011
27445642,axis1_access_vs_provenance_value-conflict_orderexp_A_first_seed3008,A_first,3008,post_washout,test-0012
db8eab52,axis1_access_vs_provenance_value-conflict_orderexp_A_first_seed3008,A_first,3008,post_washout,test-0013
0dd039e2,axis1_access_vs_provenance_value-conflict_orderexp_A_first_seed3008,A_first,3008,post_washout,test-0014
65c50552,axis1_access_vs_provenance_value-conflict_orderexp_A_first_seed3008,A_first,3008,post_washout,test-0015
38651176,axis1_access_vs_provenance_value-conflict_orderexp_A_first_seed3008,A_first,3008,post_washout,test-0016
e6de4923,axis1_access_vs_provenance_value-conflict_orderexp_A_first_seed3008,A_first,3008,post_washout,test-0017
6ba67b79,axis1_access_vs_provenance_value-conflict_orderexp_A_first_seed3008,A_first,3008,post_washout,test-0018
0b8d4ee2,axis1_access_vs_provenance_value-conflict_orderexp_A_first_seed3008,A_first,3008,post_washout,test-0019
b13dd213,axis1_access_vs_provenance_value-conflict_orderexp_A_first_seed3008,A_first,3008,post_washout,test-0020
03201c14,axis1_access_vs_provenance_value-conflict_orderexp_A_first_seed3008,A_first,3008,post_washout,test-0021
967cc20c,axis1_access_vs_provenance_value-conflict_orderexp_A_first_seed3008,A_first,3008,post_washout,test-0022
94ef386d,axis1_access_vs_provenance_value-conflict_orderexp_A_first_seed3008,A_first,3008,post_washout,test-0023
578082a4,axis1_access_vs_provenance_value-conflict_orderexp_A_first_seed3008,A_first,3008,post_washout,test-0024
72f91c75,axis1_access_vs_provenance_value-conflict_orderexp_B_first_seed3008,B_first,3008,post_phase1,test-0001
79f765e8,axis1_access_vs_provenance_value-conflict_orderexp_B_first_seed3008,B_first,3008,post_phase1,test-0002
1f8716e6,axis1_access_vs_provenance_value-conflict_orderexp_B_first_seed3008,B_first,3008,post_phase1,test-0003
e5a386c4,axis1_access_vs_provenance_value-conflict_orderexp_B_first_seed3008,B_first,3008,post_phase1,test-0004
2b2c114a,axis1_access_vs_provenance_value-conflict_orderexp_B_first_seed3008,B_first,3008,post_phase1,test-0005
c1d2c139,axis1_access_vs_provenance_value-conflict_orderexp_B_first_seed3008,B_first,3008,post_phase1,test-0006
e63256c4,axis1_access_vs_provenance_value-conflict_orderexp_B_first_seed3008,B_first,3008,post_phase1,test-0007
aa7d5e56,axis1_access_vs_provenance_value-conflict_orderexp_B_first_seed3008,B_first,3008,post_phase1,test-0008
b9c260a7,axis1_access_vs_provenance_value-conflict_orderexp_B_first_seed3008,B_first,3008,post_phase1,test-0009
298baeff,axis1_access_vs_provenance_value-conflict_orderexp_B_first_seed3008,B_first,3008,post_phase1,test-0010
9b65f5e2,axis1_access_vs_provenance_value-conflict_orderexp_B_first_seed3008,B_first,3008,post_phase1,test-0011
b87cd327,axis1_access_vs_provenance_value-conflict_orderexp_B_first_seed3008,B_first,3008,post_phase1,test-0012
4e49eec4,axis1_access_vs_provenance_value-conflict_orderexp_B_first_seed3008,B_first,3008,post_phase1,test-0013
618db038,axis1_access_vs_provenance_value-conflict_orderexp_B_first_seed3008,B_first,3008,post_phase1,test-0014
999ed690,axis1_access_vs_provenance_value-conflict_orderexp_B_first_seed3008,B_first,3008,post_phase1,test-0015
6b5c06e4,axis1_access_vs_provenance_value-conflict_orderexp_B_first_seed3008,B_first,3008,post_phase1,test-0016
2559ec3e,axis1_access_vs_provenance_value-conflict_orderexp_B_first_seed3008,B_first,3008,post_phase1,test-0017
465f94cc,axis1_access_vs_provenance_value-conflict_orderexp_B_first_seed3008,B_first,3008,post_phase1,test-0018
52c82dca,axis1_access_vs_provenance_value-conflict_orderexp_B_first_seed3008,B_first,3008,post_phase1,test-0019
5c4f2ba4,axis1_access_vs_provenance_value-conflict_orderexp_B_first_seed3008,B_first,3008,post_phase1,test-0020
ca4dfb1a,axis1_access_vs_provenance_value-conflict_orderexp_B_first_seed3008,B_first,3008,post_phase1,test-0021
6f9d86d6,axis1_access_vs_provenance_value-conflict_orderexp_B_first_seed3008,B_first,3008,post_phase1,test-0022
89734793,axis1_access_vs_provenance_value-conflict_orderexp_B_first_seed3008,B_first,3008,post_phase1,test-0023
e1865d1c,axis1_access_vs_provenance_value-conflict_orderexp_B_first_seed3008,B_first,3008,post_phase1,test-0024
7b46e9ef,axis1_access_vs_provenance_value-conflict_orderexp_B_first_seed3008,B_first,3008,pre_washout,test-0001
19dc4ecf,axis1_access_vs_provenance_value-conflict_orderexp_B_first_seed3008,B_first,3008,pre_washout,test-0002
aabcd803,axis1_access_vs_provenance_value-conflict_orderexp_B_first_seed3008,B_first,3008,pre_washout,test-0003
cb6871c2,axis1_access_vs_provenance_value-conflict_orderexp_B_first_seed3008,B_first,3008,pre_washout,test-0004
01688748,axis1_access_vs_provenance_value-conflict_orderexp_B_first_seed3008,B_first,3008,pre_washout,test-0005
6f79f60b,axis1_access_vs_provenance_value-conflict_orderexp_B_first_seed3008,B_first,3008,pre_washout,test-0006
f295b44a,axis1_access_vs_provenance_value-conflict_orderexp_B_first_seed3008,B_first,3008,pre_washout,test-0007
faeb206d,axis1_access_vs_provenance_value-conflict_orderexp_B_first_seed3008,B_first,3008,pre_washout,test-0008
374ac388,axis1_access_vs_provenance_value-conflict_orderexp_B_first_seed3008,B_first,3008,pre_washout,test-0009
ad681417,axis1_access_vs_provenance_value-conflict_orderexp_B_first_seed3008,B_first,3008,pre_washout,test-0010
0ccd5351,axis1_access_vs_provenance_value-conflict_orderexp_B_first_seed3008,B_first,3008,pre_washout,test-0011
f948fcf8,axis1_access_vs_provenance_value-conflict_orderexp_B_first_seed3008,B_first,3008,pre_washout,test-0012
708690df,axis1_access_vs_provenance_value-conflict_orderexp_B_first_seed3008,B_first,3008,pre_washout,test-0013
9d6df91d,axis1_access_vs_provenance_value-conflict_orderexp_B_first_seed3008,B_first,3008,pre_washout,test-0014
219c3775,axis1_access_vs_provenance_value-conflict_orderexp_B_first_seed3008,B_first,3008,pre_washout,test-0015
149268e5,axis1_access_vs_provenance_value-conflict_orderexp_B_first_seed3008,B_first,3008,pre_washout,test-0016
5498d09b,axis1_access_vs_provenance_value-conflict_orderexp_B_first_seed3008,B_first,3008,pre_washout,test-0017
8adad46f,axis1_access_vs_provenance_value-conflict_orderexp_B_first_seed3008,B_first,3008,pre_washout,test-0018
0ea8f54a,axis1_access_vs_provenance_value-conflict_orderexp_B_first_seed3008,B_first,3008,pre_washout,test-0019
c7343ec6,axis1_access_vs_provenance_value-conflict_orderexp_B_first_seed3008,B_first,3008,pre_washout,test-0020
1d8bafae,axis1_access_vs_provenance_value-conflict_orderexp_B_first_seed3008,B_first,3008,pre_washout,test-0021
dd74d74b,axis1_access_vs_provenance_value-conflict_orderexp_B_first_seed3008,B_first,3008,pre_washout,test-0022
b0055098,axis1_access_vs_provenance_value-conflict_orderexp_B_first_seed3008,B_first,3008,pre_washout,test-0023
43ad8e26,axis1_access_vs_provenance_value-conflict_orderexp_B_first_seed3008,B_first,3008,pre_washout,test-0024
7a931534,axis1_access_vs_provenance_value-conflict_orderexp_B_first_seed3008,B_first,3008,post_washout,test-0001
0acfb792,axis1_access_vs_provenance_value-conflict_orderexp_B_first_seed3008,B_first,3008,post_washout,test-0002
49eddee0,axis1_access_vs_provenance_value-conflict_orderexp_B_first_seed3008,B_first,3008,post_washout,test-0003
5a903b63,axis1_access_vs_provenance_value-conflict_orderexp_B_first_seed3008,B_first,3008,post_washout,test-0004
966c7467,axis1_access_vs_provenance_value-conflict_orderexp_B_first_seed3008,B_first,3008,post_washout,test-0005
5e34cac9,axis1_access_vs_provenance_value-conflict_orderexp_B_first_seed3008,B_first,3008,post_washout,test-0006
acdd817d,axis1_access_vs_provenance_value-conflict_orderexp_B_first_seed3008,B_first,3008,post_washout,test-0007
1ba648d3,axis1_access_vs_provenance_value-conflict_orderexp_B_first_seed3008,B_first,3008,post_washout,test-0008
fd3f9466,axis1_access_vs_provenance_value-conflict_orderexp_B_first_seed3008,B_first,3008,post_washout,test-0009
30e0a83a,axis1_access_vs_provenance_value-conflict_orderexp_B_first_seed3008,B_first,3008,post_washout,test-0010
3aba620b,axis1_access_vs_provenance_value-conflict_orderexp_B_first_seed3008,B_first,3008,post_washout,test-0011
b29f142c,axis1_access_vs_provenance_value-conflict_orderexp_B_first_seed3008,B_first,3008,post_washout,test-0012
0d40b813,axis1_access_vs_provenance_value-conflict_orderexp_B_first_seed3008,B_first,3008,post_washout,test-0013
fb844ec0,axis1_access_vs_provenance_value-conflict_orderexp_B_first_seed3008,B_first,3008,post_washout,test-0014
6862ce69,axis1_access_vs_provenance_value-conflict_orderexp_B_first_seed3008,B_first,3008,post_washout,test-0015
e20ce2e2,axis1_access_vs_provenance_value-conflict_orderexp_B_first_seed3008,B_first,3008,post_washout,test-0016
76925cf5,axis1_access_vs_provenance_value-conflict_orderexp_B_first_seed3008,B_first,3008,post_washout,test-0017
ec3f0e4b,axis1_access_vs_provenance_value-conflict_orderexp_B_first_seed3008,B_first,3008,post_washout,test-0018
30ad6ccf,axis1_access_vs_provenance_value-conflict_orderexp_B_first_seed3008,B_first,3008,post_washout,test-0019
a93cd61c,axis1_access_vs_provenance_value-conflict_orderexp_B_first_seed3008,B_first,3008,post_washout,test-0020
f852d8ec,axis1_access_vs_provenance_value-conflict_orderexp_B_first_seed3008,B_first,3008,post_washout,test-0021
18548f91,axis1_access_vs_provenance_value-conflict_orderexp_B_first_seed3008,B_first,3008,post_washout,test-0022
416a0477,axis1_access_vs_provenance_value-conflict_orderexp_B_first_seed3008,B_first,3008,post_washout,test-0023
6d8581d7,axis1_access_vs_provenance_value-conflict_orderexp_B_first_seed3008,B_first,3008,post_washout,test-0024
fb4cc303,axis1_access_vs_provenance_value-conflict_orderexp_interleaved_seed3008,interleaved,3008,pre_washout,test-0001
abb8b8f0,axis1_access_vs_provenance_value-conflict_orderexp_interleaved_seed3008,interleaved,3008,pre_washout,test-0002
f81185f7,axis1_access_vs_provenance_value-conflict_orderexp_interleaved_seed3008,interleaved,3008,pre_washout,test-0003
9e5a537f,axis1_access_vs_provenance_value-conflict_orderexp_interleaved_seed3008,interleaved,3008,pre_washout,test-0004
6791473c,axis1_access_vs_provenance_value-conflict_orderexp_interleaved_seed3008,interleaved,3008,pre_washout,test-0005
82e30ce6,axis1_access_vs_provenance_value-conflict_orderexp_interleaved_seed3008,interleaved,3008,pre_washout,test-0006
d7e91ad3,axis1_access_vs_provenance_value-conflict_orderexp_interleaved_seed3008,interleaved,3008,pre_washout,test-0007
58a9203f,axis1_access_vs_provenance_value-conflict_orderexp_interleaved_seed3008,interleaved,3008,pre_washout,test-0008
4238b965,axis1_access_vs_provenance_value-conflict_orderexp_interleaved_seed3008,interleaved,3008,pre_washout,test-0009
7ec6f52b,axis1_access_vs_provenance_value-conflict_orderexp_interleaved_seed3008,interleaved,3008,pre_washout,test-0010
e6271da7,axis1_access_vs_provenance_value-conflict_orderexp_interleaved_seed3008,interleaved,3008,pre_washout,test-0011
f96d846c,axis1_access_vs_provenance_value-conflict_orderexp_interleaved_seed3008,interleaved,3008,pre_washout,test-0012
e309c0c5,axis1_access_vs_provenance_value-conflict_orderexp_interleaved_seed3008,interleaved,3008,pre_washout,test-0013
d5ca13f7,axis1_access_vs_provenance_value-conflict_orderexp_interleaved_seed3008,interleaved,3008,pre_washout,test-0014
aba3f195,axis1_access_vs_provenance_value-conflict_orderexp_interleaved_seed3008,interleaved,3008,pre_washout,test-0015
e655ac4e,axis1_access_vs_provenance_value-conflict_orderexp_interleaved_seed3008,interleaved,3008,pre_washout,test-0016
a89ab15d,axis1_access_vs_provenance_value-conflict_orderexp_interleaved_seed3008,interleaved,3008,pre_washout,test-0017
8de76510,axis1_access_vs_provenance_value-conflict_orderexp_interleaved_seed3008,interleaved,3008,pre_washout,test-0018
5af5bc91,axis1_access_vs_provenance_value-conflict_orderexp_interleaved_seed3008,interleaved,3008,pre_washout,test-0019
3d5e517d,axis1_access_vs_provenance_value-conflict_orderexp_interleaved_seed3008,interleaved,3008,pre_washout,test-0020
3bd3f812,axis1_access_vs_provenance_value-conflict_orderexp_interleaved_seed3008,interleaved,3008,pre_washout,test-0021
28e81d29,axis1_access_vs_provenance_value-conflict_orderexp_interleaved_seed3008,interleaved,3008,pre_washout,test-0022
1f21d9ed,axis1_access_vs_provenance_value-conflict_orderexp_interleaved_seed3008,interleaved,3008,pre_washout,test-0023
7dc441a1,axis1_access_vs_provenance_value-conflict_orderexp_interleaved_seed3008,interleaved,3008,pre_washout,test-0024
cd08c428,axis1_access_vs_provenance_value-conflict_orderexp_interleaved_seed3008,interleaved,3008,post_washout,test-0001
ce78f347,axis1_access_vs_provenance_value-conflict_orderexp_interleaved_seed3008,interleaved,3008,post_washout,test-0002
99c8f72e,axis1_access_vs_provenance_value-conflict_orderexp_interleaved_seed3008,interleaved,3008,post_washout,test-0003
4e61e985,axis1_access_vs_provenance_value-conflict_orderexp_interleaved_seed3008,interleaved,3008,post_washout,test-0004
95806a8d,axis1_access_vs_provenance_value-conflict_orderexp_interleaved_seed3008,interleaved,3008,post_washout,test-0005
85b72bfe,axis1_access_vs_provenance_value-conflict_orderexp_interleaved_seed3008,interleaved,3008,post_washout,test-0006
faf90d72,axis1_access_vs_provenance_value-conflict_orderexp_interleaved_seed3008,interleaved,3008,post_washout,test-0007
23476183,axis1_access_vs_provenance_value-conflict_orderexp_interleaved_seed3008,interleaved,3008,post_washout,test-0008
290435ba,axis1_access_vs_provenance_value-conflict_orderexp_interleaved_seed3008,interleaved,3008,post_washout,test-0009
ef7d79e8,axis1_access_vs_provenance_value-conflict_orderexp_interleaved_seed3008,interleaved,3008,post_washout,test-0010
011701bd,axis1_access_vs_provenance_value-conflict_orderexp_interleaved_seed3008,interleaved,3008,post_washout,test-0011
fa4291a2,axis1_access_vs_provenance_value-conflict_orderexp_interleaved_seed3008,interleaved,3008,post_washout,test-0012
a166f1ae,axis1_access_vs_provenance_value-conflict_orderexp_interleaved_seed3008,interleaved,3008,post_washout,test-0013
9ce75fae,axis1_access_vs_provenance_value-conflict_orderexp_interleaved_seed3008,interleaved,3008,post_washout,test-0014
997692f4,axis1_access_vs_provenance_value-conflict_orderexp_interleaved_seed3008,interleaved,3008,post_washout,test-0015
69eca30f,axis1_access_vs_provenance_value-conflict_orderexp_interleaved_seed3008,interleaved,3008,post_washout,test-0016
261bd2e7,axis1_access_vs_provenance_value-conflict_orderexp_interleaved_seed3008,interleaved,3008,post_washout,test-0017
60e553eb,axis1_access_vs_provenance_value-conflict_orderexp_interleaved_seed3008,interleaved,3008,post_washout,test-0018
16dce7eb,axis1_access_vs_provenance_value-conflict_orderexp_interleaved_seed3008,interleaved,3008,post_washout,test-0019
16fd61ab,axis1_access_vs_provenance_value-conflict_orderexp_interleaved_seed3008,interleaved,3008,post_washout,test-0020
2d6911e5,axis1_access_vs_provenance_value-conflict_orderexp_interleaved_seed3008,interleaved,3008,post_washout,test-0021
54ade90a,axis1_access_vs_provenance_value-conflict_orderexp_interleaved_seed3008,interleaved,3008,post_washout,test-0022
a710ea2e,axis1_access_vs_provenance_value-conflict_orderexp_interleaved_seed3008,interleaved,3008,post_washout,test-0023
7287c49c,axis1_access_vs_provenance_value-conflict_orderexp_interleaved_seed3008,interleaved,3008,post_washout,test-0024
5f6956d4,axis1_access_vs_provenance_value-conflict_orderexp_A_first_seed3009,A_first,3009,post_phase1,test-0001
68c0688d,axis1_access_vs_provenance_value-conflict_orderexp_A_first_seed3009,A_first,3009,post_phase1,test-0002
5288d98c,axis1_access_vs_provenance_value-conflict_orderexp_A_first_seed3009,A_first,3009,post_phase1,test-0003
e7856180,axis1_access_vs_provenance_value-conflict_orderexp_A_first_seed3009,A_first,3009,post_phase1,test-0004
11932ade,axis1_access_vs_provenance_value-conflict_orderexp_A_first_seed3009,A_first,3009,post_phase1,test-0005
3d956fd5,axis1_access_vs_provenance_value-conflict_orderexp_A_first_seed3009,A_first,3009,post_phase1,test-0006
92d99880,axis1_access_vs_provenance_value-conflict_orderexp_A_first_seed3009,A_first,3009,post_phase1,test-0007
1fc71526,axis1_access_vs_provenance_value-conflict_orderexp_A_first_seed3009,A_first,3009,post_phase1,test-0008
b0d055ea,axis1_access_vs_provenance_value-conflict_orderexp_A_first_seed3009,A_first,3009,post_phase1,test-0009
bf166fec,axis1_access_vs_provenance_value-conflict_orderexp_A_first_seed3009,A_first,3009,post_phase1,test-0010
47346d84,axis1_access_vs_provenance_value-conflict_orderexp_A_first_seed3009,A_first,3009,post_phase1,test-0011
fb0b7664,axis1_access_vs_provenance_value-conflict_orderexp_A_first_seed3009,A_first,3009,post_phase1,test-0012
2942bc9f,axis1_access_vs_provenance_value-conflict_orderexp_A_first_seed3009,A_first,3009,post_phase1,test-0013
587b0e44,axis1_access_vs_provenance_value-conflict_orderexp_A_first_seed3009,A_first,3009,post_phase1,test-0014
c02b2cb7,axis1_access_vs_provenance_value-conflict_orderexp_A_first_seed3009,A_first,3009,post_phase1,test-0015
55ae3a6b,axis1_access_vs_provenance_value-conflict_orderexp_A_first_seed3009,A_first,3009,post_phase1,test-0016
15924aeb,axis1_access_vs_provenance_value-conflict_orderexp_A_first_seed3009,A_first,3009,post_phase1,test-0017
95f32642,axis1_access_vs_provenance_value-conflict_orderexp_A_first_seed3009,A_first,3009,post_phase1,test-0018
00923812,axis1_access_vs_provenance_value-conflict_orderexp_A_first_seed3009,A_first,3009,post_phase1,test-0019
66d10228,axis1_access_vs_provenance_value-conflict_orderexp_A_first_seed3009,A_first,3009,post_phase1,test-0020
48c3651c,axis1_access_vs_provenance_value-conflict_orderexp_A_first_seed3009,A_first,3009,post_phase1,test-0021
717d71c7,axis1_access_vs_provenance_value-conflict_orderexp_A_first_seed3009,A_first,3009,post_phase1,test-0022
62621dca,axis1_access_vs_provenance_value-conflict_orderexp_A_first_seed3009,A_first,3009,post_phase1,test-0023
ad5e3970,axis1_access_vs_provenance_value-conflict_orderexp_A_first_seed3009,A_first,3009,post_phase1,test-0024
38f2cb12,axis1_access_vs_provenance_value-conflict_orderexp_A_first_seed3009,A_first,3009,pre_washout,test-0001
13e6844f,axis1_access_vs_provenance_value-conflict_orderexp_A_first_seed3009,A_first,3009,pre_washout,test-0002
53fe3829,axis1_access_vs_provenance_value-conflict_orderexp_A_first_seed3009,A_first,3009,pre_washout,test-0003
9c2ef937,axis1_access_vs_provenance_value-conflict_orderexp_A_first_seed3009,A_first,3009,pre_washout,test-0004
d28247eb,axis1_access_vs_provenance_value-conflict_orderexp_A_first_seed3009,A_first,3009,pre_washout,test-0005
8ea02bfa,axis1_access_vs_provenance_value-conflict_orderexp_A_first_seed3009,A_first,3009,pre_washout,test-0006
ad440116,axis1_access_vs_provenance_value-conflict_orderexp_A_first_seed3009,A_first,3009,pre_washout,test-0007
250358eb,axis1_access_vs_provenance_value-conflict_orderexp_A_first_seed3009,A_first,3009,pre_washout,test-0008
e732ca4f,axis1_access_vs_provenance_value-conflict_orderexp_A_first_seed3009,A_first,3009,pre_washout,test-0009
6bd67948,axis1_access_vs_provenance_value-conflict_orderexp_A_first_seed3009,A_first,3009,pre_washout,test-0010
282db403,axis1_access_vs_provenance_value-conflict_orderexp_A_first_seed3009,A_first,3009,pre_washout,test-0011
94a00943,axis1_access_vs_provenance_value-conflict_orderexp_A_first_seed3009,A_first,3009,pre_washout,test-0012
78e2857e,axis1_access_vs_provenance_value-conflict_orderexp_A_first_seed3009,A_first,3009,pre_washout,test-0013
396f8fda,axis1_access_vs_provenance_value-conflict_orderexp_A_first_seed3009,A_first,3009,pre_washout,test-0014
2abd67e8,axis1_access_vs_provenance_value-conflict_orderexp_A_first_seed3009,A_first,3009,pre_washout,test-0015
91ea9cad,axis1_access_vs_provenance_value-conflict_orderexp_A_first_seed3009,A_first,3009,pre_washout,test-0016
ccb9bccc,axis1_access_vs_provenance_value-conflict_orderexp_A_first_seed3009,A_first,3009,pre_washout,test-0017
38fac91e,axis1_access_vs_provenance_value-conflict_orderexp_A_first_seed3009,A_first,3009,pre_washout,test-0018
9d7e8f09,axis1_access_vs_provenance_value-conflict_orderexp_A_first_seed3009,A_first,3009,pre_washout,test-0019
2d335205,axis1_access_vs_provenance_value-conflict_orderexp_A_first_seed3009,A_first,3009,pre_washout,test-0020
673aaa11,axis1_access_vs_provenance_value-conflict_orderexp_A_first_seed3009,A_first,3009,pre_washout,test-0021
fd54b711,axis1_access_vs_provenance_value-conflict_orderexp_A_first_seed3009,A_first,3009,pre_washout,test-0022
34edefa1,axis1_access_vs_provenance_value-conflict_orderexp_A_first_seed3009,A_first,3009,pre_washout,test-0023
039daf3f,axis1_access_vs_provenance_value-conflict_orderexp_A_first_seed3009,A_first,3009,pre_washout,test-0024
a2ccd164,axis1_access_vs_provenance_value-conflict_orderexp_A_first_seed3009,A_first,3009,post_washout,test-0001
e68cb6b3,axis1_access_vs_provenance_value-conflict_orderexp_A_first_seed3009,A_first,3009,post_washout,test-0002
82e67bcf,axis1_access_vs_provenance_value-conflict_orderexp_A_first_seed3009,A_first,3009,post_washout,test-0003
264800e9,axis1_access_vs_provenance_value-conflict_orderexp_A_first_seed3009,A_first,3009,post_washout,test-0004
9c713aaf,axis1_access_vs_provenance_value-conflict_orderexp_A_first_seed3009,A_first,3009,post_washout,test-0005
50806b82,axis1_access_vs_provenance_value-conflict_orderexp_A_first_seed3009,A_first,3009,post_washout,test-0006
8f6a1c75,axis1_access_vs_provenance_value-conflict_orderexp_A_first_seed3009,A_first,3009,post_washout,test-0007
dd26b1e7,axis1_access_vs_provenance_value-conflict_orderexp_A_first_seed3009,A_first,3009,post_washout,test-0008
fbc7e0b8,axis1_access_vs_provenance_value-conflict_orderexp_A_first_seed3009,A_first,3009,post_washout,test-0009
f0b607e1,axis1_access_vs_provenance_value-conflict_orderexp_A_first_seed3009,A_first,3009,post_washout,test-0010
64060214,axis1_access_vs_provenance_value-conflict_orderexp_A_first_seed3009,A_first,3009,post_washout,test-0011
6b9b037d,axis1_access_vs_provenance_value-conflict_orderexp_A_first_seed3009,A_first,3009,post_washout,test-0012
d10a83ac,axis1_access_vs_provenance_value-conflict_orderexp_A_first_seed3009,A_first,3009,post_washout,test-0013
b6953079,axis1_access_vs_provenance_value-conflict_orderexp_A_first_seed3009,A_first,3009,post_washout,test-0014
ecaa1cb7,axis1_access_vs_provenance_value-conflict_orderexp_A_first_seed3009,A_first,3009,post_washout,test-0015
68c52a35,axis1_access_vs_provenance_value-conflict_orderexp_A_first_seed3009,A_first,3009,post_washout,test-0016
f080f11c,axis1_access_vs_provenance_value-conflict_orderexp_A_first_seed3009,A_first,3009,post_washout,test-0017
92be659f,axis1_access_vs_provenance_value-conflict_orderexp_A_first_seed3009,A_first,3009,post_washout,test-0018
1c08fa99,axis1_access_vs_provenance_value-conflict_orderexp_A_first_seed3009,A_first,3009,post_washout,test-0019
c3b4909e,axis1_access_vs_provenance_value-conflict_orderexp_A_first_seed3009,A_first,3009,post_washout,test-0020
939c4995,axis1_access_vs_provenance_value-conflict_orderexp_A_first_seed3009,A_first,3009,post_washout,test-0021
f19855a6,axis1_access_vs_provenance_value-conflict_orderexp_A_first_seed3009,A_first,3009,post_washout,test-0022
4b3269b7,axis1_access_vs_provenance_value-conflict_orderexp_A_first_seed3009,A_first,3009,post_washout,test-0023
73a47945,axis1_access_vs_provenance_value-conflict_orderexp_A_first_seed3009,A_first,3009,post_washout,test-0024
64ebaa43,axis1_access_vs_provenance_value-conflict_orderexp_B_first_seed3009,B_first,3009,post_phase1,test-0001
b81939fb,axis1_access_vs_provenance_value-conflict_orderexp_B_first_seed3009,B_first,3009,post_phase1,test-0002
cad26de5,axis1_access_vs_provenance_value-conflict_orderexp_B_first_seed3009,B_first,3009,post_phase1,test-0003
66cdb3e8,axis1_access_vs_provenance_value-conflict_orderexp_B_first_seed3009,B_first,3009,post_phase1,test-0004
858903b0,axis1_access_vs_provenance_value-conflict_orderexp_B_first_seed3009,B_first,3009,post_phase1,test-0005
ad826eaa,axis1_access_vs_provenance_value-conflict_orderexp_B_first_seed3009,B_first,3009,post_phase1,test-0006
3ad469ce,axis1_access_vs_provenance_value-conflict_orderexp_B_first_seed3009,B_first,3009,post_phase1,test-0007
52a6cc34,axis1_access_vs_provenance_value-conflict_orderexp_B_first_seed3009,B_first,3009,post_phase1,test-0008
4e1fbe1c,axis1_access_vs_provenance_value-conflict_orderexp_B_first_seed3009,B_first,3009,post_phase1,test-0009
b52cef49,axis1_access_vs_provenance_value-conflict_orderexp_B_first_seed3009,B_first,3009,post_phase1,test-0010
765bd3fb,axis1_access_vs_provenance_value-conflict_orderexp_B_first_seed3009,B_first,3009,post_phase1,test-0011
77afa99e,axis1_access_vs_provenance_value-conflict_orderexp_B_first_seed3009,B_first,3009,post_phase1,test-0012
98f4c79a,axis1_access_vs_provenance_value-conflict_orderexp_B_first_seed3009,B_first,3009,post_phase1,test-0013
259b0677,axis1_access_vs_provenance_value-conflict_orderexp_B_first_seed3009,B_first,3009,post_phase1,test-0014
b2ecd563,axis1_access_vs_provenance_value-conflict_orderexp_B_first_seed3009,B_first,3009,post_phase1,test-0015
49e348d1,axis1_access_vs_provenance_value-conflict_orderexp_B_first_seed3009,B_first,3009,post_phase1,test-0016
f9c8d48a,axis1_access_vs_provenance_value-conflict_orderexp_B_first_seed3009,B_first,3009,post_phase1,test-0017
8f0b82ae,axis1_access_vs_provenance_value-conflict_orderexp_B_first_seed3009,B_first,3009,post_phase1,test-0018
054e7e2e,axis1_access_vs_provenance_value-conflict_orderexp_B_first_seed3009,B_first,3009,post_phase1,test-0019
25470dbb,axis1_access_vs_provenance_value-conflict_orderexp_B_first_seed3009,B_first,3009,post_phase1,test-0020
746140fc,axis1_access_vs_provenance_value-conflict_orderexp_B_first_seed3009,B_first,3009,post_phase1,test-0021
f4555fcc,axis1_access_vs_provenance_value-conflict_orderexp_B_first_seed3009,B_first,3009,post_phase1,test-0022
5943512e,axis1_access_vs_provenance_value-conflict_orderexp_B_first_seed3009,B_first,3009,post_phase1,test-0023
26550a5b,axis1_access_vs_provenance_value-conflict_orderexp_B_first_seed3009,B_first,3009,post_phase1,test-0024
0ffd97a7,axis1_access_vs_provenance_value-conflict_orderexp_B_first_seed3009,B_first,3009,pre_washout,test-0001
ba023023,axis1_access_vs_provenance_value-conflict_orderexp_B_first_seed3009,B_first,3009,pre_washout,test-0002
6e38306c,axis1_access_vs_provenance_value-conflict_orderexp_B_first_seed3009,B_first,3009,pre_washout,test-0003
33ed870e,axis1_access_vs_provenance_value-conflict_orderexp_B_first_seed3009,B_first,3009,pre_washout,test-0004
8576a76e,axis1_access_vs_provenance_value-conflict_orderexp_B_first_seed3009,B_first,3009,pre_washout,test-0005
dac96e58,axis1_access_vs_provenance_value-conflict_orderexp_B_first_seed3009,B_first,3009,pre_washout,test-0006
d859c392,axis1_access_vs_provenance_value-conflict_orderexp_B_first_seed3009,B_first,3009,pre_washout,test-0007
57e3ee22,axis1_access_vs_provenance_value-conflict_orderexp_B_first_seed3009,B_first,3009,pre_washout,test-0008
69212745,axis1_access_vs_provenance_value-conflict_orderexp_B_first_seed3009,B_first,3009,pre_washout,test-0009
dfc8afe6,axis1_access_vs_provenance_value-conflict_orderexp_B_first_seed3009,B_first,3009,pre_washout,test-0010
f02e0fd6,axis1_access_vs_provenance_value-conflict_orderexp_B_first_seed3009,B_first,3009,pre_washout,test-0011
8ed4d9a1,axis1_access_vs_provenance_value-conflict_orderexp_B_first_seed3009,B_first,3009,pre_washout,test-0012
4eed4d44,axis1_access_vs_provenance_value-conflict_orderexp_B_first_seed3009,B_first,3009,pre_washout,test-0013
77422589,axis1_access_vs_provenance_value-conflict_orderexp_B_first_seed3009,B_first,3009,pre_washout,test-0014
bcaf0c89,axis1_access_vs_provenance_value-conflict_orderexp_B_first_seed3009,B_first,3009,pre_washout,test-0015
3a2dd1c9,axis1_access_vs_provenance_value-conflict_orderexp_B_first_seed3009,B_first,3009,pre_washout,test-0016
2256e08c,axis1_access_vs_provenance_value-conflict_orderexp_B_first_seed3009,B_first,3009,pre_washout,test-0017
9d9a9b54,axis1_access_vs_provenance_value-conflict_orderexp_B_first_seed3009,B_first,3009,pre_washout,test-0018
4b96c46e,axis1_access_vs_provenance_value-conflict_orderexp_B_first_seed3009,B_first,3009,pre_washout,test-0019
a461e0fa,axis1_access_vs_provenance_value-conflict_orderexp_B_first_seed3009,B_first,3009,pre_washout,test-0020
a3dca2d0,axis1_access_vs_provenance_value-conflict_orderexp_B_first_seed3009,B_first,3009,pre_washout,test-0021
648b8a50,axis1_access_vs_provenance_value-conflict_orderexp_B_first_seed3009,B_first,3009,pre_washout,test-0022
78589bf8,axis1_access_vs_provenance_value-conflict_orderexp_B_first_seed3009,B_first,3009,pre_washout,test-0023
708f63f9,axis1_access_vs_provenance_value-conflict_orderexp_B_first_seed3009,B_first,3009,pre_washout,test-0024
3ee2d40e,axis1_access_vs_provenance_value-conflict_orderexp_B_first_seed3009,B_first,3009,post_washout,test-0001
506288c0,axis1_access_vs_provenance_value-conflict_orderexp_B_first_seed3009,B_first,3009,post_washout,test-0002
abdb5f7d,axis1_access_vs_provenance_value-conflict_orderexp_B_first_seed3009,B_first,3009,post_washout,test-0003
72c070ce,axis1_access_vs_provenance_value-conflict_orderexp_B_first_seed3009,B_first,3009,post_washout,test-0004
f14ac72b,axis1_access_vs_provenance_value-conflict_orderexp_B_first_seed3009,B_first,3009,post_washout,test-0005
76b6be41,axis1_access_vs_provenance_value-conflict_orderexp_B_first_seed3009,B_first,3009,post_washout,test-0006
d0e2442e,axis1_access_vs_provenance_value-conflict_orderexp_B_first_seed3009,B_first,3009,post_washout,test-0007
78ed65f1,axis1_access_vs_provenance_value-conflict_orderexp_B_first_seed3009,B_first,3009,post_washout,test-0008
9de72a02,axis1_access_vs_provenance_value-conflict_orderexp_B_first_seed3009,B_first,3009,post_washout,test-0009
45b79217,axis1_access_vs_provenance_value-conflict_orderexp_B_first_seed3009,B_first,3009,post_washout,test-0010
f9168253,axis1_access_vs_provenance_value-conflict_orderexp_B_first_seed3009,B_first,3009,post_washout,test-0011
e712d95e,axis1_access_vs_provenance_value-conflict_orderexp_B_first_seed3009,B_first,3009,post_washout,test-0012
1ac8bdc2,axis1_access_vs_provenance_value-conflict_orderexp_B_first_seed3009,B_first,3009,post_washout,test-0013
8be3bb2e,axis1_access_vs_provenance_value-conflict_orderexp_B_first_seed3009,B_first,3009,post_washout,test-0014
ce96617f,axis1_access_vs_provenance_value-conflict_orderexp_B_first_seed3009,B_first,3009,post_washout,test-0015
6ca39152,axis1_access_vs_provenance_value-conflict_orderexp_B_first_seed3009,B_first,3009,post_washout,test-0016
ef227164,axis1_access_vs_provenance_value-conflict_orderexp_B_first_seed3009,B_first,3009,post_washout,test-0017
acdcfde7,axis1_access_vs_provenance_value-conflict_orderexp_B_first_seed3009,B_first,3009,post_washout,test-0018
16e9e028,axis1_access_vs_provenance_value-conflict_orderexp_B_first_seed3009,B_first,3009,post_washout,test-0019
87be3905,axis1_access_vs_provenance_value-conflict_orderexp_B_first_seed3009,B_first,3009,post_washout,test-0020
73de7e44,axis1_access_vs_provenance_value-conflict_orderexp_B_first_seed3009,B_first,3009,post_washout,test-0021
b20ab334,axis1_access_vs_provenance_value-conflict_orderexp_B_first_seed3009,B_first,3009,post_washout,test-0022
238ee049,axis1_access_vs_provenance_value-conflict_orderexp_B_first_seed3009,B_first,3009,post_washout,test-0023
3ddf4f19,axis1_access_vs_provenance_value-conflict_orderexp_B_first_seed3009,B_first,3009,post_washout,test-0024
690bf39d,axis1_access_vs_provenance_value-conflict_orderexp_interleaved_seed3009,interleaved,3009,pre_washout,test-0001
e56c02b9,axis1_access_vs_provenance_value-conflict_orderexp_interleaved_seed3009,interleaved,3009,pre_washout,test-0002
57eb77ee,axis1_access_vs_provenance_value-conflict_orderexp_interleaved_seed3009,interleaved,3009,pre_washout,test-0003
1f698712,axis1_access_vs_provenance_value-conflict_orderexp_interleaved_seed3009,interleaved,3009,pre_washout,test-0004
ea386a11,axis1_access_vs_provenance_value-conflict_orderexp_interleaved_seed3009,interleaved,3009,pre_washout,test-0005
72c1cb1f,axis1_access_vs_provenance_value-conflict_orderexp_interleaved_seed3009,interleaved,3009,pre_washout,test-0006
296b0913,axis1_access_vs_provenance_value-conflict_orderexp_interleaved_seed3009,interleaved,3009,pre_washout,test-0007
4ef399db,axis1_access_vs_provenance_value-conflict_orderexp_interleaved_seed3009,interleaved,3009,pre_washout,test-0008
bfcd0d40,axis1_access_vs_provenance_value-conflict_orderexp_interleaved_seed3009,interleaved,3009,pre_washout,test-0009
7ed678d9,axis1_access_vs_provenance_value-conflict_orderexp_interleaved_seed3009,interleaved,3009,pre_washout,test-0010
b37451e1,axis1_access_vs_provenance_value-conflict_orderexp_interleaved_seed3009,interleaved,3009,pre_washout,test-0011
5f071657,axis1_access_vs_provenance_value-conflict_orderexp_interleaved_seed3009,interleaved,3009,pre_washout,test-0012
71eab4e6,axis1_access_vs_provenance_value-conflict_orderexp_interleaved_seed3009,interleaved,3009,pre_washout,test-0013
6e32bc2e,axis1_access_vs_provenance_value-conflict_orderexp_interleaved_seed3009,interleaved,3009,pre_washout,test-0014
65f5cec0,axis1_access_vs_provenance_value-conflict_orderexp_interleaved_seed3009,interleaved,3009,pre_washout,test-0015
9039aa4f,axis1_access_vs_provenance_value-conflict_orderexp_interleaved_seed3009,interleaved,3009,pre_washout,test-0016
84db4bf0,axis1_access_vs_provenance_value-conflict_orderexp_interleaved_seed3009,interleaved,3009,pre_washout,test-0017
b56ff175,axis1_access_vs_provenance_value-conflict_orderexp_interleaved_seed3009,interleaved,3009,pre_washout,test-0018
22151c2b,axis1_access_vs_provenance_value-conflict_orderexp_interleaved_seed3009,interleaved,3009,pre_washout,test-0019
cdac6522,axis1_access_vs_provenance_value-conflict_orderexp_interleaved_seed3009,interleaved,3009,pre_washout,test-0020
b8e0fa7d,axis1_access_vs_provenance_value-conflict_orderexp_interleaved_seed3009,interleaved,3009,pre_washout,test-0021
43f4aecb,axis1_access_vs_provenance_value-conflict_orderexp_interleaved_seed3009,interleaved,3009,pre_washout,test-0022
79925bb1,axis1_access_vs_provenance_value-conflict_orderexp_interleaved_seed3009,interleaved,3009,pre_washout,test-0023
7da22f91,axis1_access_vs_provenance_value-conflict_orderexp_interleaved_seed3009,interleaved,3009,pre_washout,test-0024
7bf6a3b0,axis1_access_vs_provenance_value-conflict_orderexp_interleaved_seed3009,interleaved,3009,post_washout,test-0001
94ea35f0,axis1_access_vs_provenance_value-conflict_orderexp_interleaved_seed3009,interleaved,3009,post_washout,test-0002
28d82aa0,axis1_access_vs_provenance_value-conflict_orderexp_interleaved_seed3009,interleaved,3009,post_washout,test-0003
770dacf3,axis1_access_vs_provenance_value-conflict_orderexp_interleaved_seed3009,interleaved,3009,post_washout,test-0004
a7b5d410,axis1_access_vs_provenance_value-conflict_orderexp_interleaved_seed3009,interleaved,3009,post_washout,test-0005
ca2214c6,axis1_access_vs_provenance_value-conflict_orderexp_interleaved_seed3009,interleaved,3009,post_washout,test-0006
5370bb8c,axis1_access_vs_provenance_value-conflict_orderexp_interleaved_seed3009,interleaved,3009,post_washout,test-0007
672037ff,axis1_access_vs_provenance_value-conflict_orderexp_interleaved_seed3009,interleaved,3009,post_washout,test-0008
dcdbc0c7,axis1_access_vs_provenance_value-conflict_orderexp_interleaved_seed3009,interleaved,3009,post_washout,test-0009
3e313532,axis1_access_vs_provenance_value-conflict_orderexp_interleaved_seed3009,interleaved,3009,post_washout,test-0010
c75b71b7,axis1_access_vs_provenance_value-conflict_orderexp_interleaved_seed3009,interleaved,3009,post_washout,test-0011
eebe32db,axis1_access_vs_provenance_value-conflict_orderexp_interleaved_seed3009,interleaved,3009,post_washout,test-0012
c9973196,axis1_access_vs_provenance_value-conflict_orderexp_interleaved_seed3009,interleaved,3009,post_washout,test-0013
295f3fd1,axis1_access_vs_provenance_value-conflict_orderexp_interleaved_seed3009,interleaved,3009,post_washout,test-0014
08690607,axis1_access_vs_provenance_value-conflict_orderexp_interleaved_seed3009,interleaved,3009,post_washout,test-0015
3efa96ff,axis1_access_vs_provenance_value-conflict_orderexp_interleaved_seed3009,interleaved,3009,post_washout,test-0016
7c3c2269,axis1_access_vs_provenance_value-conflict_orderexp_interleaved_seed3009,interleaved,3009,post_washout,test-0017
9d630003,axis1_access_vs_provenance_value-conflict_orderexp_interleaved_seed3009,interleaved,3009,post_washout,test-0018
2f84aadc,axis1_access_vs_provenance_value-conflict_orderexp_interleaved_seed3009,interleaved,3009,post_washout,test-0019
6ffd4ab8,axis1_access_vs_provenance_value-conflict_orderexp_interleaved_seed3009,interleaved,3009,post_washout,test-0020
8b12aeff,axis1_access_vs_provenance_value-conflict_orderexp_interleaved_seed3009,interleaved,3009,post_washout,test-0021
b22c1e2b,axis1_access_vs_provenance_value-conflict_orderexp_interleaved_seed3009,interleaved,3009,post_washout,test-0022
d3628ee0,axis1_access_vs_provenance_value-conflict_orderexp_interleaved_seed3009,interleaved,3009,post_washout,test-0023
52a86ab4,axis1_access_vs_provenance_value-conflict_orderexp_interleaved_seed3009,interleaved,3009,post_washout,test-0024
25bb9cbe,axis1_access_vs_provenance_value-conflict_orderexp_A_first_seed3010,A_first,3010,post_phase1,test-0001
df40fb0d,axis1_access_vs_provenance_value-conflict_orderexp_A_first_seed3010,A_first,3010,post_phase1,test-0002
b2dab80f,axis1_access_vs_provenance_value-conflict_orderexp_A_first_seed3010,A_first,3010,post_phase1,test-0003
e2d98e70,axis1_access_vs_provenance_value-conflict_orderexp_A_first_seed3010,A_first,3010,post_phase1,test-0004
360c28b5,axis1_access_vs_provenance_value-conflict_orderexp_A_first_seed3010,A_first,3010,post_phase1,test-0005
a248ffc8,axis1_access_vs_provenance_value-conflict_orderexp_A_first_seed3010,A_first,3010,post_phase1,test-0006
f46dc783,axis1_access_vs_provenance_value-conflict_orderexp_A_first_seed3010,A_first,3010,post_phase1,test-0007
fdbfe8e7,axis1_access_vs_provenance_value-conflict_orderexp_A_first_seed3010,A_first,3010,post_phase1,test-0008
4f068475,axis1_access_vs_provenance_value-conflict_orderexp_A_first_seed3010,A_first,3010,post_phase1,test-0009
58b4e7a2,axis1_access_vs_provenance_value-conflict_orderexp_A_first_seed3010,A_first,3010,post_phase1,test-0010
7363114d,axis1_access_vs_provenance_value-conflict_orderexp_A_first_seed3010,A_first,3010,post_phase1,test-0011
fffa5ed1,axis1_access_vs_provenance_value-conflict_orderexp_A_first_seed3010,A_first,3010,post_phase1,test-0012
c5f94d9b,axis1_access_vs_provenance_value-conflict_orderexp_A_first_seed3010,A_first,3010,post_phase1,test-0013
6897ed01,axis1_access_vs_provenance_value-conflict_orderexp_A_first_seed3010,A_first,3010,post_phase1,test-0014
4681541f,axis1_access_vs_provenance_value-conflict_orderexp_A_first_seed3010,A_first,3010,post_phase1,test-0015
2083a4fd,axis1_access_vs_provenance_value-conflict_orderexp_A_first_seed3010,A_first,3010,post_phase1,test-0016
56156e06,axis1_access_vs_provenance_value-conflict_orderexp_A_first_seed3010,A_first,3010,post_phase1,test-0017
38d61f4e,axis1_access_vs_provenance_value-conflict_orderexp_A_first_seed3010,A_first,3010,post_phase1,test-0018
61403ea3,axis1_access_vs_provenance_value-conflict_orderexp_A_first_seed3010,A_first,3010,post_phase1,test-0019
65fed713,axis1_access_vs_provenance_value-conflict_orderexp_A_first_seed3010,A_first,3010,post_phase1,test-0020
7e79861e,axis1_access_vs_provenance_value-conflict_orderexp_A_first_seed3010,A_first,3010,post_phase1,test-0021
a7bfca17,axis1_access_vs_provenance_value-conflict_orderexp_A_first_seed3010,A_first,3010,post_phase1,test-0022
26d53650,axis1_access_vs_provenance_value-conflict_orderexp_A_first_seed3010,A_first,3010,post_phase1,test-0023
25c9bae3,axis1_access_vs_provenance_value-conflict_orderexp_A_first_seed3010,A_first,3010,post_phase1,test-0024
18a36ca3,axis1_access_vs_provenance_value-conflict_orderexp_A_first_seed3010,A_first,3010,pre_washout,test-0001
2670e2c0,axis1_access_vs_provenance_value-conflict_orderexp_A_first_seed3010,A_first,3010,pre_washout,test-0002
4acb27ed,axis1_access_vs_provenance_value-conflict_orderexp_A_first_seed3010,A_first,3010,pre_washout,test-0003
a3a6222a,axis1_access_vs_provenance_value-conflict_orderexp_A_first_seed3010,A_first,3010,pre_washout,test-0004
b3529adf,axis1_access_vs_provenance_value-conflict_orderexp_A_first_seed3010,A_first,3010,pre_washout,test-0005
340272c1,axis1_access_vs_provenance_value-conflict_orderexp_A_first_seed3010,A_first,3010,pre_washout,test-0006
feb01b34,axis1_access_vs_provenance_value-conflict_orderexp_A_first_seed3010,A_first,3010,pre_washout,test-0007
ed6f354d,axis1_access_vs_provenance_value-conflict_orderexp_A_first_seed3010,A_first,3010,pre_washout,test-0008
9b9b57c0,axis1_access_vs_provenance_value-conflict_orderexp_A_first_seed3010,A_first,3010,pre_washout,test-0009
57fad0b0,axis1_access_vs_provenance_value-conflict_orderexp_A_first_seed3010,A_first,3010,pre_washout,test-0010
5a7b7098,axis1_access_vs_provenance_value-conflict_orderexp_A_first_seed3010,A_first,3010,pre_washout,test-0011
f6ff1d01,axis1_access_vs_provenance_value-conflict_orderexp_A_first_seed3010,A_first,3010,pre_washout,test-0012
ddd2dcd2,axis1_access_vs_provenance_value-conflict_orderexp_A_first_seed3010,A_first,3010,pre_washout,test-0013
dd9dde57,axis1_access_vs_provenance_value-conflict_orderexp_A_first_seed3010,A_first,3010,pre_washout,test-0014
b1296a9b,axis1_access_vs_provenance_value-conflict_orderexp_A_first_seed3010,A_first,3010,pre_washout,test-0015
dfa94cf0,axis1_access_vs_provenance_value-conflict_orderexp_A_first_seed3010,A_first,3010,pre_washout,test-0016
32638edc,axis1_access_vs_provenance_value-conflict_orderexp_A_first_seed3010,A_first,3010,pre_washout,test-0017
66f744a8,axis1_access_vs_provenance_value-conflict_orderexp_A_first_seed3010,A_first,3010,pre_washout,test-0018
9cde5e12,axis1_access_vs_provenance_value-conflict_orderexp_A_first_seed3010,A_first,3010,pre_washout,test-0019
197efe77,axis1_access_vs_provenance_value-conflict_orderexp_A_first_seed3010,A_first,3010,pre_washout,test-0020
4498dee7,axis1_access_vs_provenance_value-conflict_orderexp_A_first_seed3010,A_first,3010,pre_washout,test-0021
64684c6e,axis1_access_vs_provenance_value-conflict_orderexp_A_first_seed3010,A_first,3010,pre_washout,test-0022
838cbf68,axis1_access_vs_provenance_value-conflict_orderexp_A_first_seed3010,A_first,3010,pre_washout,test-0023
e622cebf,axis1_access_vs_provenance_value-conflict_orderexp_A_first_seed3010,A_first,3010,pre_washout,test-0024
5a595cea,axis1_access_vs_provenance_value-conflict_orderexp_A_first_seed3010,A_first,3010,post_washout,test-0001
e9125b76,axis1_access_vs_provenance_value-conflict_orderexp_A_first_seed3010,A_first,3010,post_washout,test-0002
0a2af857,axis1_access_vs_provenance_value-conflict_orderexp_A_first_seed3010,A_first,3010,post_washout,test-0003
abf0aabc,axis1_access_vs_provenance_value-conflict_orderexp_A_first_seed3010,A_first,3010,post_washout,test-0004
7003fab7,axis1_access_vs_provenance_value-conflict_orderexp_A_first_seed3010,A_first,3010,post_washout,test-0005
f14702cc,axis1_access_vs_provenance_value-conflict_orderexp_A_first_seed3010,A_first,3010,post_washout,test-0006
dd11a168,axis1_access_vs_provenance_value-conflict_orderexp_A_first_seed3010,A_first,3010,post_washout,test-0007
46888ac6,axis1_access_vs_provenance_value-conflict_orderexp_A_first_seed3010,A_first,3010,post_washout,test-0008
ef6f933d,axis1_access_vs_provenance_value-conflict_orderexp_A_first_seed3010,A_first,3010,post_washout,test-0009
5d83013e,axis1_access_vs_provenance_value-conflict_orderexp_A_first_seed3010,A_first,3010,post_washout,test-0010
9132e21c,axis1_access_vs_provenance_value-conflict_orderexp_A_first_seed3010,A_first,3010,post_washout,test-0011
9a7004c5,axis1_access_vs_provenance_value-conflict_orderexp_A_first_seed3010,A_first,3010,post_washout,test-0012
6e789467,axis1_access_vs_provenance_value-conflict_orderexp_A_first_seed3010,A_first,3010,post_washout,test-0013
34cc9b2d,axis1_access_vs_provenance_value-conflict_orderexp_A_first_seed3010,A_first,3010,post_washout,test-0014
0b13208b,axis1_access_vs_provenance_value-conflict_orderexp_A_first_seed3010,A_first,3010,post_washout,test-0015
78deb211,axis1_access_vs_provenance_value-conflict_orderexp_A_first_seed3010,A_first,3010,post_washout,test-0016
cf295e62,axis1_access_vs_provenance_value-conflict_orderexp_A_first_seed3010,A_first,3010,post_washout,test-0017
bfc3fdb9,axis1_access_vs_provenance_value-conflict_orderexp_A_first_seed3010,A_first,3010,post_washout,test-0018
b6cb7045,axis1_access_vs_provenance_value-conflict_orderexp_A_first_seed3010,A_first,3010,post_washout,test-0019
e991481e,axis1_access_vs_provenance_value-conflict_orderexp_A_first_seed3010,A_first,3010,post_washout,test-0020
eaac2558,axis1_access_vs_provenance_value-conflict_orderexp_A_first_seed3010,A_first,3010,post_washout,test-0021
a538aad8,axis1_access_vs_provenance_value-conflict_orderexp_A_first_seed3010,A_first,3010,post_washout,test-0022
6dd01d93,axis1_access_vs_provenance_value-conflict_orderexp_A_first_seed3010,A_first,3010,post_washout,test-0023
f3d3c2f2,axis1_access_vs_provenance_value-conflict_orderexp_A_first_seed3010,A_first,3010,post_washout,test-0024
aa4880cb,axis1_access_vs_provenance_value-conflict_orderexp_B_first_seed3010,B_first,3010,post_phase1,test-0001
a0f93c81,axis1_access_vs_provenance_value-conflict_orderexp_B_first_seed3010,B_first,3010,post_phase1,test-0002
e54b1e79,axis1_access_vs_provenance_value-conflict_orderexp_B_first_seed3010,B_first,3010,post_phase1,test-0003
80e2f7f3,axis1_access_vs_provenance_value-conflict_orderexp_B_first_seed3010,B_first,3010,post_phase1,test-0004
cdd4e76e,axis1_access_vs_provenance_value-conflict_orderexp_B_first_seed3010,B_first,3010,post_phase1,test-0005
aa695492,axis1_access_vs_provenance_value-conflict_orderexp_B_first_seed3010,B_first,3010,post_phase1,test-0006
1d45cc14,axis1_access_vs_provenance_value-conflict_orderexp_B_first_seed3010,B_first,3010,post_phase1,test-0007
85404860,axis1_access_vs_provenance_value-conflict_orderexp_B_first_seed3010,B_first,3010,post_phase1,test-0008
a7b6caf1,axis1_access_vs_provenance_value-conflict_orderexp_B_first_seed3010,B_first,3010,post_phase1,test-0009
2f7d3460,axis1_access_vs_provenance_value-conflict_orderexp_B_first_seed3010,B_first,3010,post_phase1,test-0010
d2dd840a,axis1_access_vs_provenance_value-conflict_orderexp_B_first_seed3010,B_first,3010,post_phase1,test-0011
de2b8e11,axis1_access_vs_provenance_value-conflict_orderexp_B_first_seed3010,B_first,3010,post_phase1,test-0012
8a235d25,axis1_access_vs_provenance_value-conflict_orderexp_B_first_seed3010,B_first,3010,post_phase1,test-0013
06c94cd9,axis1_access_vs_provenance_value-conflict_orderexp_B_first_seed3010,B_first,3010,post_phase1,test-0014
cfe88bf9,axis1_access_vs_provenance_value-conflict_orderexp_B_first_seed3010,B_first,3010,post_phase1,test-0015
59eaf1a0,axis1_access_vs_provenance_value-conflict_orderexp_B_first_seed3010,B_first,3010,post_phase1,test-0016
7380615a,axis1_access_vs_provenance_value-conflict_orderexp_B_first_seed3010,B_first,3010,post_phase1,test-0017
9e2b62b0,axis1_access_vs_provenance_value-conflict_orderexp_B_first_seed3010,B_first,3010,post_phase1,test-0018
0198f739,axis1_access_vs_provenance_value-conflict_orderexp_B_first_seed3010,B_first,3010,post_phase1,test-0019
b6de58cf,axis1_access_vs_provenance_value-conflict_orderexp_B_first_seed3010,B_first,3010,post_phase1,test-0020
5387dd86,axis1_access_vs_provenance_value-conflict_orderexp_B_first_seed3010,B_first,3010,post_phase1,test-0021
5efa4b8b,axis1_access_vs_provenance_value-conflict_orderexp_B_first_seed3010,B_first,3010,post_phase1,test-0022
ad12d2b0,axis1_access_vs_provenance_value-conflict_orderexp_B_first_seed3010,B_first,3010,post_phase1,test-0023
abb900cb,axis1_access_vs_provenance_value-conflict_orderexp_B_first_seed3010,B_first,3010,post_phase1,test-0024
bf0a3a63,axis1_access_vs_provenance_value-conflict_orderexp_B_first_seed3010,B_first,3010,pre_washout,test-0001
50562b11,axis1_access_vs_provenance_value-conflict_orderexp_B_first_seed3010,B_first,3010,pre_washout,test-0002
840e7b4e,axis1_access_vs_provenance_value-conflict_orderexp_B_first_seed3010,B_first,3010,pre_washout,test-0003
0dcec695,axis1_access_vs_provenance_value-conflict_orderexp_B_first_seed3010,B_first,3010,pre_washout,test-0004
600ba925,axis1_access_vs_provenance_value-conflict_orderexp_B_first_seed3010,B_first,3010,pre_washout,test-0005
ae60def6,axis1_access_vs_provenance_value-conflict_orderexp_B_first_seed3010,B_first,3010,pre_washout,test-0006
f2294a0c,axis1_access_vs_provenance_value-conflict_orderexp_B_first_seed3010,B_first,3010,pre_washout,test-0007
d350e7a1,axis1_access_vs_provenance_value-conflict_orderexp_B_first_seed3010,B_first,3010,pre_washout,test-0008
046ae872,axis1_access_vs_provenance_value-conflict_orderexp_B_first_seed3010,B_first,3010,pre_washout,test-0009
4c93caf4,axis1_access_vs_provenance_value-conflict_orderexp_B_first_seed3010,B_first,3010,pre_washout,test-0010
b4e7d5cc,axis1_access_vs_provenance_value-conflict_orderexp_B_first_seed3010,B_first,3010,pre_washout,test-0011
8f30b20e,axis1_access_vs_provenance_value-conflict_orderexp_B_first_seed3010,B_first,3010,pre_washout,test-0012
f52512e1,axis1_access_vs_provenance_value-conflict_orderexp_B_first_seed3010,B_first,3010,pre_washout,test-0013
009fcc52,axis1_access_vs_provenance_value-conflict_orderexp_B_first_seed3010,B_first,3010,pre_washout,test-0014
e01864c1,axis1_access_vs_provenance_value-conflict_orderexp_B_first_seed3010,B_first,3010,pre_washout,test-0015
a5e0877f,axis1_access_vs_provenance_value-conflict_orderexp_B_first_seed3010,B_first,3010,pre_washout,test-0016
79aa0035,axis1_access_vs_provenance_value-conflict_orderexp_B_first_seed3010,B_first,3010,pre_washout,test-0017
1462d447,axis1_access_vs_provenance_value-conflict_orderexp_B_first_seed3010,B_first,3010,pre_washout,test-0018
08d31278,axis1_access_vs_provenance_value-conflict_orderexp_B_first_seed3010,B_first,3010,pre_washout,test-0019
05116988,axis1_access_vs_provenance_value-conflict_orderexp_B_first_seed3010,B_first,3010,pre_washout,test-0020
f154c445,axis1_access_vs_provenance_value-conflict_orderexp_B_first_seed3010,B_first,3010,pre_washout,test-0021
84e577ea,axis1_access_vs_provenance_value-conflict_orderexp_B_first_seed3010,B_first,3010,pre_washout,test-0022
9174daef,axis1_access_vs_provenance_value-conflict_orderexp_B_first_seed3010,B_first,3010,pre_washout,test-0023
eb43606a,axis1_access_vs_provenance_value-conflict_orderexp_B_first_seed3010,B_first,3010,pre_washout,test-0024
06e94bb9,axis1_access_vs_provenance_value-conflict_orderexp_B_first_seed3010,B_first,3010,post_washout,test-0001
83d463ff,axis1_access_vs_provenance_value-conflict_orderexp_B_first_seed3010,B_first,3010,post_washout,test-0002
04d63470,axis1_access_vs_provenance_value-conflict_orderexp_B_first_seed3010,B_first,3010,post_washout,test-0003
ffd1aef1,axis1_access_vs_provenance_value-conflict_orderexp_B_first_seed3010,B_first,3010,post_washout,test-0004
35994d74,axis1_access_vs_provenance_value-conflict_orderexp_B_first_seed3010,B_first,3010,post_washout,test-0005
93f83c04,axis1_access_vs_provenance_value-conflict_orderexp_B_first_seed3010,B_first,3010,post_washout,test-0006
2532691b,axis1_access_vs_provenance_value-conflict_orderexp_B_first_seed3010,B_first,3010,post_washout,test-0007
35304489,axis1_access_vs_provenance_value-conflict_orderexp_B_first_seed3010,B_first,3010,post_washout,test-0008
dd9d0f92,axis1_access_vs_provenance_value-conflict_orderexp_B_first_seed3010,B_first,3010,post_washout,test-0009
7d6b99db,axis1_access_vs_provenance_value-conflict_orderexp_B_first_seed3010,B_first,3010,post_washout,test-0010
659f819b,axis1_access_vs_provenance_value-conflict_orderexp_B_first_seed3010,B_first,3010,post_washout,test-0011
92230093,axis1_access_vs_provenance_value-conflict_orderexp_B_first_seed3010,B_first,3010,post_washout,test-0012
bfa6f339,axis1_access_vs_provenance_value-conflict_orderexp_B_first_seed3010,B_first,3010,post_washout,test-0013
17aa974d,axis1_access_vs_provenance_value-conflict_orderexp_B_first_seed3010,B_first,3010,post_washout,test-0014
c7cc5ab2,axis1_access_vs_provenance_value-conflict_orderexp_B_first_seed3010,B_first,3010,post_washout,test-0015
f1d8ea25,axis1_access_vs_provenance_value-conflict_orderexp_B_first_seed3010,B_first,3010,post_washout,test-0016
0b786f1a,axis1_access_vs_provenance_value-conflict_orderexp_B_first_seed3010,B_first,3010,post_washout,test-0017
54312af0,axis1_access_vs_provenance_value-conflict_orderexp_B_first_seed3010,B_first,3010,post_washout,test-0018
c35561b0,axis1_access_vs_provenance_value-conflict_orderexp_B_first_seed3010,B_first,3010,post_washout,test-0019
1a89dac1,axis1_access_vs_provenance_value-conflict_orderexp_B_first_seed3010,B_first,3010,post_washout,test-0020
55605fcb,axis1_access_vs_provenance_value-conflict_orderexp_B_first_seed3010,B_first,3010,post_washout,test-0021
37277d46,axis1_access_vs_provenance_value-conflict_orderexp_B_first_seed3010,B_first,3010,post_washout,test-0022
a0539f9e,axis1_access_vs_provenance_value-conflict_orderexp_B_first_seed3010,B_first,3010,post_washout,test-0023
5d00a397,axis1_access_vs_provenance_value-conflict_orderexp_B_first_seed3010,B_first,3010,post_washout,test-0024
1b149fe5,axis1_access_vs_provenance_value-conflict_orderexp_interleaved_seed3010,interleaved,3010,pre_washout,test-0001
04327817,axis1_access_vs_provenance_value-conflict_orderexp_interleaved_seed3010,interleaved,3010,pre_washout,test-0002
e52b7ea6,axis1_access_vs_provenance_value-conflict_orderexp_interleaved_seed3010,interleaved,3010,pre_washout,test-0003
b9684882,axis1_access_vs_provenance_value-conflict_orderexp_interleaved_seed3010,interleaved,3010,pre_washout,test-0004
82826124,axis1_access_vs_provenance_value-conflict_orderexp_interleaved_seed3010,interleaved,3010,pre_washout,test-0005
3f349f97,axis1_access_vs_provenance_value-conflict_orderexp_interleaved_seed3010,interleaved,3010,pre_washout,test-0006
8a44aa54,axis1_access_vs_provenance_value-conflict_orderexp_interleaved_seed3010,interleaved,3010,pre_washout,test-0007
7a37b359,axis1_access_vs_provenance_value-conflict_orderexp_interleaved_seed3010,interleaved,3010,pre_washout,test-0008
83a59ecb,axis1_access_vs_provenance_value-conflict_orderexp_interleaved_seed3010,interleaved,3010,pre_washout,test-0009
a5b6330b,axis1_access_vs_provenance_value-conflict_orderexp_interleaved_seed3010,interleaved,3010,pre_washout,test-0010
a23996dc,axis1_access_vs_provenance_value-conflict_orderexp_interleaved_seed3010,interleaved,3010,pre_washout,test-0011
4acc5f0d,axis1_access_vs_provenance_value-conflict_orderexp_interleaved_seed3010,interleaved,3010,pre_washout,test-0012
8c9d32e0,axis1_access_vs_provenance_value-conflict_orderexp_interleaved_seed3010,interleaved,3010,pre_washout,test-0013
133c7504,axis1_access_vs_provenance_value-conflict_orderexp_interleaved_seed3010,interleaved,3010,pre_washout,test-0014
532087eb,axis1_access_vs_provenance_value-conflict_orderexp_interleaved_seed3010,interleaved,3010,pre_washout,test-0015
88b50afa,axis1_access_vs_provenance_value-conflict_orderexp_interleaved_seed3010,interleaved,3010,pre_washout,test-0016
70ea4056,axis1_access_vs_provenance_value-conflict_orderexp_interleaved_seed3010,interleaved,3010,pre_washout,test-0017
bd6e2c8b,axis1_access_vs_provenance_value-conflict_orderexp_interleaved_seed3010,interleaved,3010,pre_washout,test-0018
4df19b50,axis1_access_vs_provenance_value-conflict_orderexp_interleaved_seed3010,interleaved,3010,pre_washout,test-0019
de126fd3,axis1_access_vs_provenance_value-conflict_orderexp_interleaved_seed3010,interleaved,3010,pre_washout,test-0020
38a8be2f,axis1_access_vs_provenance_value-conflict_orderexp_interleaved_seed3010,interleaved,3010,pre_washout,test-0021
8ad8659a,axis1_access_vs_provenance_value-conflict_orderexp_interleaved_seed3010,interleaved,3010,pre_washout,test-0022
808a739a,axis1_access_vs_provenance_value-conflict_orderexp_interleaved_seed3010,interleaved,3010,pre_washout,test-0023
b16d68d3,axis1_access_vs_provenance_value-conflict_orderexp_interleaved_seed3010,interleaved,3010,pre_washout,test-0024
05d3f796,axis1_access_vs_provenance_value-conflict_orderexp_interleaved_seed3010,interleaved,3010,post_washout,test-0001
a1c1dd0d,axis1_access_vs_provenance_value-conflict_orderexp_interleaved_seed3010,interleaved,3010,post_washout,test-0002
9fa40ce7,axis1_access_vs_provenance_value-conflict_orderexp_interleaved_seed3010,interleaved,3010,post_washout,test-0003
678c316f,axis1_access_vs_provenance_value-conflict_orderexp_interleaved_seed3010,interleaved,3010,post_washout,test-0004
6fb36293,axis1_access_vs_provenance_value-conflict_orderexp_interleaved_seed3010,interleaved,3010,post_washout,test-0005
5bb1fa78,axis1_access_vs_provenance_value-conflict_orderexp_interleaved_seed3010,interleaved,3010,post_washout,test-0006
cf65be0c,axis1_access_vs_provenance_value-conflict_orderexp_interleaved_seed3010,interleaved,3010,post_washout,test-0007
9a332568,axis1_access_vs_provenance_value-conflict_orderexp_interleaved_seed3010,interleaved,3010,post_washout,test-0008
cba4e675,axis1_access_vs_provenance_value-conflict_orderexp_interleaved_seed3010,interleaved,3010,post_washout,test-0009
b9f97033,axis1_access_vs_provenance_value-conflict_orderexp_interleaved_seed3010,interleaved,3010,post_washout,test-0010
c706ef12,axis1_access_vs_provenance_value-conflict_orderexp_interleaved_seed3010,interleaved,3010,post_washout,test-0011
7a39f66f,axis1_access_vs_provenance_value-conflict_orderexp_interleaved_seed3010,interleaved,3010,post_washout,test-0012
705f39b3,axis1_access_vs_provenance_value-conflict_orderexp_interleaved_seed3010,interleaved,3010,post_washout,test-0013
11e73237,axis1_access_vs_provenance_value-conflict_orderexp_interleaved_seed3010,interleaved,3010,post_washout,test-0014
88e8fe26,axis1_access_vs_provenance_value-conflict_orderexp_interleaved_seed3010,interleaved,3010,post_washout,test-0015
d7c33520,axis1_access_vs_provenance_value-conflict_orderexp_interleaved_seed3010,interleaved,3010,post_washout,test-0016
b7599075,axis1_access_vs_provenance_value-conflict_orderexp_interleaved_seed3010,interleaved,3010,post_washout,test-0017
713e6fe0,axis1_access_vs_provenance_value-conflict_orderexp_interleaved_seed3010,interleaved,3010,post_washout,test-0018
94c4335b,axis1_access_vs_provenance_value-conflict_orderexp_interleaved_seed3010,interleaved,3010,post_washout,test-0019
fd9a938b,axis1_access_vs_provenance_value-conflict_orderexp_interleaved_seed3010,interleaved,3010,post_washout,test-0020
df6fb378,axis1_access_vs_provenance_value-conflict_orderexp_interleaved_seed3010,interleaved,3010,post_washout,test-0021
d1215b6e,axis1_access_vs_provenance_value-conflict_orderexp_interleaved_seed3010,interleaved,3010,post_washout,test-0022
801f0d85,axis1_access_vs_provenance_value-conflict_orderexp_interleaved_seed3010,interleaved,3010,post_washout,test-0023
af87fd2e,axis1_access_vs_provenance_value-conflict_orderexp_interleaved_seed3010,interleaved,3010,post_washout,test-0024
